source,source_value,row_count,row_share,scheme,version,mapping_kind,codes,match_type,confidence,notes,source_field,query_text,branch_codes,branch_titles,suggested_kind,suggested_codes,candidate_codes,candidate_titles,candidate_scores,retrieval_score,suggestion_source,review_status
osm,shop=convenience,960,0.03380995985067268,psic,rev5,,,exact,,,category,retail selling in convenience stores,4711,"Non-specialized retail sale with food, beverages or tobacco predominating",EXACT,47114,47114|47113|47111|47115|47112,Retail selling in convenience stores || Retail selling in sari-sari stores || Retail selling in groceries || Retail selling in pasalubong stores or centers || Retail selling in supermarkets and hypermarkets,1.000000|0.446025|0.441785|0.432407|0.315958,1.000000,semantic:osm:shop=convenience;retrieval:strong_separated_hit,REVIEW_REQUIRED
overture,restaurant,625,0.022011692611115026,psic,rev5,,,exact,,,category,restaurants and mobile food service activities,561,Restaurants and mobile food service activities,,,561|5610|56109|56101|56103,"Restaurants and mobile food service activities || Restaurants and mobile food service activities || Restaurants and mobile food service activities, n.e.c. || Full-service restaurants activities || Activities of buffet restaurants",1.000000|1.000000|0.975297|0.355586|0.327040,1.000000,semantic:overture:restaurant;retrieval:candidates,REVIEW_CANDIDATES
overture,real_estate_service,387,0.013629640064802422,psic,rev5,,,exact,,,category,real estate activities,68,Real Estate Activities,SUBTREE,68,68|6821|68210|682|68290,Real Estate Activities || Intermediation service activities for real estate || Intermediation service activities for real estate || Real estate activities on a fee or contract basis || Other real estate activities on a fee or contract basis,1.000000|0.611677|0.611677|0.594507|0.568493,1.000000,semantic:overture:real_estate_service;retrieval:strong_separated_hit,REVIEW_REQUIRED
overture,christian_place_of_worship,344,0.012115235613157709,psic,rev5,,,exact,,,category,activities of religious organizations,9491,Activities of religious organizations,,,94910|9491,Activities of religious organizations || Activities of religious organizations,1.000000|1.000000,1.000000,semantic:overture:christian_place_of_worship;retrieval:candidates,REVIEW_CANDIDATES
overture,government_office,337,0.01186870465591322,psic,rev5,,,exact,,,category,general public administration activities,84,Public Administration and Defense; Compulsory Social Security,,,8411|84119|84113|84112|84,"General public administration activities || General public administration activities, n.e.c. || Public administration, local government || Public administration, regional government || Public Administration and Defense; Compulsory Social Security",1.000000|0.970994|0.430826|0.425038|0.356934,1.000000,semantic:overture:government_office;retrieval:candidates,REVIEW_CANDIDATES
osm,amenity=school,334,0.011763048531379869,psic,rev5,,,exact,,,category,education activities primary secondary education,85,Education,,,8531|8532|85319|85|8520,"General secondary education || Vocational secondary education || General secondary education, n.e.c. || Education || Primary education",0.674050|0.645493|0.642456|0.638869|0.638395,0.674050,semantic:osm:amenity=school;retrieval:candidates,REVIEW_CANDIDATES
osm,amenity=restaurant,331,0.011657392406846517,psic,rev5,,,exact,,,category,restaurants and mobile food service activities,561,Restaurants and mobile food service activities,,,561|5610|56109|56101|56103,"Restaurants and mobile food service activities || Restaurants and mobile food service activities || Restaurants and mobile food service activities, n.e.c. || Full-service restaurants activities || Activities of buffet restaurants",1.000000|1.000000|0.975297|0.355586|0.327040,1.000000,semantic:osm:amenity=restaurant;retrieval:candidates,REVIEW_CANDIDATES
overture,hotel,327,0.01151651757413538,psic,rev5,,,exact,,,category,hotels and similar accommodation activities,551,Hotels and similar accommodation activities,,,551|5510|55109|55101|55103,"Hotels and similar accommodation activities || Hotels and similar accommodation activities || Hotels and similar accommodation activities, n.e.c. || Operation of hotels || Operation of resort hotels",1.000000|1.000000|0.973771|0.313173|0.236172,1.000000,semantic:overture:hotel;retrieval:candidates,REVIEW_CANDIDATES
overture,coffee_shop,312,0.01098823695146862,psic,rev5,,,exact,,,category,operation of cafes or coffee shops,563,Beverage serving activities,EXACT,56302,56302|56303|56301|56304|5630,"Operation of cafés or coffee shops || Activities of tea shops || Operation of nightclubs, bars and cocktail lounges || Activities of beverage stands, kiosks and counters || Beverage serving activities",0.784830|0.296045|0.107429|0.008501|0.004505,0.784830,semantic:overture:coffee_shop;retrieval:strong_separated_hit,REVIEW_REQUIRED
overture,lodging,303,0.010671268577868563,psic,rev5,,,exact,,,category,accommodation activities,55,Accommodation,SUBTREE,55,55|5510|551|5520|552,Accommodation || Hotels and similar accommodation activities || Hotels and similar accommodation activities || Other short term accommodation activities || Other short term accommodation activities,0.737428|0.590863|0.590863|0.573780|0.573780,0.737428,semantic:overture:lodging;retrieval:strong_separated_hit,REVIEW_REQUIRED
osm,office=government,295,0.01038951891244629,psic,rev5,,,exact,,,category,general public administration activities,84,Public Administration and Defense; Compulsory Social Security,,,8411|84119|84113|84112|84,"General public administration activities || General public administration activities, n.e.c. || Public administration, local government || Public administration, regional government || Public Administration and Defense; Compulsory Social Security",1.000000|0.970994|0.430826|0.425038|0.356934,1.000000,semantic:osm:government;retrieval:candidates,REVIEW_CANDIDATES
osm,amenity=fast_food,286,0.010072550538846235,psic,rev5,,,exact,,,category,fast-food restaurant operations,561,Restaurants and mobile food service activities,EXACT,56102,56102|5610|561|56109|56103,"Fast-food restaurants operations, including quick service restaurant || Restaurants and mobile food service activities || Restaurants and mobile food service activities || Restaurants and mobile food service activities, n.e.c. || Activities of buffet restaurants",0.665390|0.220886|0.220886|0.211482|0.152129,0.665390,semantic:osm:amenity=fast_food;retrieval:strong_separated_hit,REVIEW_REQUIRED
overture,professional_service,269,0.009473832499823906,psic,rev5,,,exact,,,category,professional scientific and technical activities,N,"Professional, Scientific, and Technical Activities",,,N|74|749|7499|74999,"Professional, Scientific, and Technical Activities || Other Professional, Scientific and Technical Activities || Other professional, scientific and technical activities n.e.c. || All other professional, scientific and technical activities n.e.c. || All other specialized professional, scientific and technical activities, n.e.c.",0.948424|0.920848|0.910728|0.854669|0.772121,0.948424,semantic:overture:professional_service;retrieval:candidates,REVIEW_CANDIDATES
overture,historic_site,262,0.009227301542579417,psic,rev5,,,exact,,,category,historic site,,,NOT_ACTIVITY,,,,,,rule:high_precision_non_activity,REVIEW_REQUIRED
overture,cafe,230,0.00810030288089033,psic,rev5,,,exact,,,category,operation of cafes or coffee shops,563,Beverage serving activities,EXACT,56302,56302|56303|56301|56304|5630,"Operation of cafés or coffee shops || Activities of tea shops || Operation of nightclubs, bars and cocktail lounges || Activities of beverage stands, kiosks and counters || Beverage serving activities",0.784830|0.296045|0.107429|0.008501|0.004505,0.784830,semantic:overture:cafe;retrieval:strong_separated_hit,REVIEW_REQUIRED
overture,school,230,0.00810030288089033,psic,rev5,,,exact,,,category,education activities primary secondary tertiary education,85,Education,,,8540|854|85402|85401|8533,Tertiary education || Tertiary education || Private tertiary education || Public tertiary education || Post-secondary non-tertiary education,0.782177|0.782177|0.620384|0.617599|0.590907,0.782177,semantic:overture:school;retrieval:candidates,REVIEW_CANDIDATES
overture,elementary_school,203,0.00714939776009016,psic,rev5,,,exact,,,category,primary education,852,Primary education,,,852|8520|85209|85204|85203,"Primary education || Primary education || Primary education, n.e.c. || Private primary or elementary education for children with special needs || Public primary or elementary education for children with special needs",1.000000|1.000000|0.936329|0.332294|0.327684,1.000000,semantic:overture:elementary_school;retrieval:candidates,REVIEW_CANDIDATES
osm,public_transport=platform,199,0.007008522927379024,psic,rev5,,,exact,,,category,platform public transport,,,NOT_ACTIVITY,,,,,,rule:high_precision_non_activity,REVIEW_REQUIRED
overture,pharmacy,190,0.006691554553778968,psic,rev5,,,exact,,,category,retail sale pharmaceutical medical goods,4772,"Retail sale of pharmaceutical and medical goods, cosmetic and toilet articles",SUBTREE,4772,4772|47721|47723|47724|47722,"Retail sale of pharmaceutical and medical goods, cosmetic and toilet articles || Retail sale of prescription and over-the-counter drugs and pharmaceutical goods || Retail sale of medical, orthopedic and dental instruments and supplies || Retail sale of perfumery, cosmetic and toilet articles || Retail sale of non-medicinal wellness and herbal products and supplements",0.591138|0.353173|0.238311|0.134616|0.129968,0.591138,semantic:overture:pharmacy;retrieval:strong_separated_hit,REVIEW_REQUIRED
overture,dental_clinic,186,0.0065506797210678315,psic,rev5,,,exact,,,category,medical and dental practice activities,862,Medical and dental practice activities,,,862|86210|8621|8622|86229,"Medical and dental practice activities || Public medical and dental practice activities || Public medical and dental practice activities || Private medical and dental practice activities || Private medical and dental practice activities, n.e.c.",1.000000|0.888677|0.888677|0.882239|0.856952,1.000000,semantic:overture:dental_clinic;retrieval:candidates,REVIEW_CANDIDATES
overture,beauty_salon,181,0.006374586180178911,psic,rev5,,,exact,,,category,hairdressing and beauty treatment activities,962,"Hairdressing, beauty treatment, day spa and similar activities",,,9622|96220|962|9621|96211,"Beauty care and other beauty treatment activities || Beauty care and other beauty treatment activities || Hairdressing, beauty treatment, day spa and similar activities || Hairdressing and barber activities || Hairdressing activities, other than barber activities",0.630878|0.630878|0.577048|0.470895|0.299101,0.630878,semantic:overture:beauty_salon;retrieval:candidates,REVIEW_CANDIDATES
overture,auto_dealer,181,0.006374586180178911,psic,rev5,,,exact,,,category,retail sale of motor vehicles,4781,Retail sale of motor vehicles,,,4781|47819|47811|47812|47813,"Retail sale of motor vehicles || Retail sale of motor vehicles, n.e.c. || Retail sale of passenger motor vehicles including sedans, sport utility vehicles and passenger vans || Retail sale of commercial vehicles for public and mass transportation, including buses and jeepneys || Retail sale of commercial vehicles for freight transportation including trucks, trailers and semi-trailers",1.000000|0.939071|0.411167|0.262425|0.251664,1.000000,semantic:overture:auto_dealer;retrieval:candidates,REVIEW_CANDIDATES
overture,party_and_event_planning,176,0.006198492639289991,psic,rev5,,,exact,,,category,event planning and organization services,96901|823|5621,"Activities of organizers for private events, except funeral || Organization of conventions and trade shows || Event catering activities",,,56210|5621|823|82300|8230,Event catering activities || Event catering activities || Organization of conventions and trade shows || Organization of conventions and trade shows || Organization of conventions and trade shows,0.247806|0.247806|0.236909|0.236909|0.236909,0.247806,semantic:overture:party_and_event_planning;retrieval:candidates,REVIEW_CANDIDATES
osm,amenity=cafe,174,0.006128055222934423,psic,rev5,,,exact,,,category,operation of cafes or coffee shops,563,Beverage serving activities,EXACT,56302,56302|56303|56301|56304|5630,"Operation of cafés or coffee shops || Activities of tea shops || Operation of nightclubs, bars and cocktail lounges || Activities of beverage stands, kiosks and counters || Beverage serving activities",0.784830|0.296045|0.107429|0.008501|0.004505,0.784830,semantic:osm:amenity=cafe;retrieval:strong_separated_hit,REVIEW_REQUIRED
overture,fast_food_restaurant,172,0.0060576178065788544,psic,rev5,,,exact,,,category,fast-food restaurant operations,561,Restaurants and mobile food service activities,EXACT,56102,56102|5610|561|56109|56103,"Fast-food restaurants operations, including quick service restaurant || Restaurants and mobile food service activities || Restaurants and mobile food service activities || Restaurants and mobile food service activities, n.e.c. || Activities of buffet restaurants",0.665390|0.220886|0.220886|0.211482|0.152129,0.665390,semantic:overture:fast_food_restaurant;retrieval:strong_separated_hit,REVIEW_REQUIRED
overture,religious_organization,167,0.005881524265689934,psic,rev5,,,exact,,,category,activities of religious organizations,9491,Activities of religious organizations,,,94910|9491,Activities of religious organizations || Activities of religious organizations,1.000000|1.000000,1.000000,semantic:overture:religious_organization;retrieval:candidates,REVIEW_CANDIDATES
overture,bakery,161,0.0056702120166232306,psic,rev5,,,exact,,,category,bakery products manufacture retail sale,1071|47214,Manufacture of bakery products || Retail sale of bakery products,,,47214|1071|10719|10712|10711,"Retail sale of bakery products || Manufacture of bakery products || Manufacture of bakery products, n.e.c. || Baking of biscuits, cookies, crackers, pretzels and similar dry bakery products || Baking of bread, cakes, pastries, pies and similar perishable bakery products, including hopia and doughnut making",0.791998|0.695544|0.644700|0.267350|0.219238,0.791998,semantic:overture:bakery;retrieval:candidates,REVIEW_CANDIDATES
overture,convenience_store,148,0.005212368810312038,psic,rev5,,,exact,,,category,retail selling in convenience stores,4711,"Non-specialized retail sale with food, beverages or tobacco predominating",EXACT,47114,47114|47113|47111|47115|47112,Retail selling in convenience stores || Retail selling in sari-sari stores || Retail selling in groceries || Retail selling in pasalubong stores or centers || Retail selling in supermarkets and hypermarkets,1.000000|0.446025|0.441785|0.432407|0.315958,1.000000,semantic:overture:convenience_store;retrieval:strong_separated_hit,REVIEW_REQUIRED
overture,grocery_store,148,0.005212368810312038,psic,rev5,,,exact,,,category,retail selling in groceries,4711,"Non-specialized retail sale with food, beverages or tobacco predominating",EXACT,47111,47111|47114|47113|47112|47115,Retail selling in groceries || Retail selling in convenience stores || Retail selling in sari-sari stores || Retail selling in supermarkets and hypermarkets || Retail selling in pasalubong stores or centers,1.000000|0.441785|0.383281|0.376115|0.372700,1.000000,semantic:overture:grocery_store;retrieval:strong_separated_hit,REVIEW_REQUIRED
osm,amenity=place_of_worship,147,0.0051771501021342535,psic,rev5,,,exact,,,category,activities of religious organizations,9491,Activities of religious organizations,,,94910|9491,Activities of religious organizations || Activities of religious organizations,1.000000|1.000000,1.000000,semantic:osm:amenity=place_of_worship;retrieval:candidates,REVIEW_CANDIDATES
overture,spa,147,0.0051771501021342535,psic,rev5,,,exact,,,category,day spa sauna and steam bath activities,962,"Hairdressing, beauty treatment, day spa and similar activities",,,96230|9623|962|96212|96211,"Day spa, sauna and steam bath activities || Day spa, sauna and steam bath activities || Hairdressing, beauty treatment, day spa and similar activities || Barber activities || Hairdressing activities, other than barber activities",0.953831|0.953831|0.258177|0.062348|0.051953,0.953831,semantic:overture:spa;retrieval:candidates,REVIEW_CANDIDATES
osm,amenity=bank,146,0.00514193139395647,psic,rev5,,,exact,,,category,banking activities,64,"Financial Service Activities, except Insurance and Pension Funding",,,6412|64129|6411|64110|64124,"Other banking || Other banking, n.e.c. || Central banking || Central banking || Rural banking",0.668131|0.594122|0.535106|0.535106|0.531843,0.668131,semantic:osm:amenity=bank;retrieval:candidates,REVIEW_CANDIDATES
overture,shopping,145,0.005106712685778686,psic,rev5,,,exact,,,category,retail trade activities,47,Retail Trade,SUBTREE,47,47|4790|479|47900|4721,Retail Trade || Intermediation service activities for retail sale || Intermediation service activities for retail sale || Intermediation service activities for retail sale || Retail sale of food,0.940316|0.224235|0.224235|0.224235|0.215569,0.940316,semantic:overture:shopping;retrieval:strong_separated_hit,REVIEW_REQUIRED
overture,community_and_government,144,0.005071493977600902,psic,rev5,,,exact,,,category,community and government,,,UNCODEABLE,,,,,,rule:broad_ontology_bucket,REVIEW_REQUIRED
overture,college_university,143,0.005036275269423117,psic,rev5,,,exact,,,category,tertiary education,854,Tertiary education,,,854|8540|85401|85402,Tertiary education || Tertiary education || Public tertiary education || Private tertiary education,1.000000|1.000000|0.791306|0.782655,1.000000,semantic:overture:college_university;retrieval:candidates,REVIEW_CANDIDATES
osm,amenity=fuel,138,0.004860181728534197,psic,rev5,,,exact,,,category,retail sale of automotive fuel,473,Retail sale of automotive fuel,,,47300|4730|473,Retail sale of automotive fuel || Retail sale of automotive fuel || Retail sale of automotive fuel,1.000000|1.000000|1.000000,1.000000,semantic:osm:amenity=fuel;retrieval:candidates,REVIEW_CANDIDATES
overture,laundromat,132,0.004648869479467493,psic,rev5,,,exact,,,category,washing and cleaning of textile and fur products,961,Washing and cleaning of textile and fur products,,,96100|9610|961,Washing and cleaning of textile and fur products || Washing and cleaning of textile and fur products || Washing and cleaning of textile and fur products,1.000000|1.000000|1.000000,1.000000,semantic:overture:laundromat;retrieval:candidates,REVIEW_CANDIDATES
overture,hardware_store,131,0.004613650771289709,psic,rev5,,,exact,,,category,retail sale hardware building materials,4752,"Retail sale of hardware, building materials, paints and glass",,,4752|47529|47521|47525|47523,"Retail sale of hardware, building materials, paints and glass || Retail sale of hardware, building materials, paints and glass, n.e.c. || Retail sale of hardware and electrical materials and supplies || Retail sale of masonry and other construction materials and supplies || Retail sale of lumber",0.703216|0.688386|0.462000|0.261685|0.223859,0.703216,semantic:overture:hardware_store;retrieval:candidates,REVIEW_CANDIDATES
overture,education,126,0.004437557230400789,psic,rev5,,,exact,,,category,education activities,85,Education,SUBTREE,85,85|855|8559|8520|852,Education || Other education || Other education n.e.c. || Primary education || Primary education,0.882374|0.588716|0.546862|0.488928|0.488928,0.882374,semantic:overture:education;retrieval:strong_separated_hit,REVIEW_REQUIRED
overture,clothing_store,124,0.004367119814045221,psic,rev5,,,exact,,,category,retail sale garments clothing apparel,4771,"Retail sale of clothing, footwear and leather articles",EXACT,47711,47711|4771|47719|47712|47713,"Retail sale of garments, clothing, wearing apparel and clothing accessories || Retail sale of clothing, footwear and leather articles || Retail sale of clothing, footwear and leather articles, n.e.c. || Retail sale of footwear || Retail sale of leather goods and travel accessories of leather and leather substitutes",0.697789|0.311996|0.304685|0.244308|0.101870,0.697789,semantic:overture:clothing_store;retrieval:strong_separated_hit,REVIEW_REQUIRED
overture,hospital,122,0.0042966823976896525,psic,rev5,,,exact,,,category,hospital activities,861,Hospital activities,SUBTREE,861,861|8611|8612|86129|86111,"Hospital activities || Public hospital activities || Private hospital activities || Private hospital activities, n.e.c. || Public general hospital activities",1.000000|0.759486|0.757450|0.723632|0.642941,1.000000,semantic:overture:hospital;retrieval:strong_separated_hit,REVIEW_REQUIRED
overture,bank_or_credit_union,121,0.004261463689511869,psic,rev5,,,exact,,,category,banking and credit cooperative activities,64,"Financial Service Activities, except Insurance and Pension Funding",EXACT,64125,64125|64133|6412|64129|6495,"Cooperative banking || Activities of credit cooperatives || Other banking || Other banking, n.e.c. || Other credit granting activities",0.651683|0.445386|0.340724|0.298899|0.287201,0.651683,semantic:overture:bank_or_credit_union;retrieval:strong_separated_hit,REVIEW_REQUIRED
overture,bar,118,0.004155807564978516,psic,rev5,,,exact,,,category,beverage serving activities,563,Beverage serving activities,,,563|5630|56309|56304|56303,"Beverage serving activities || Beverage serving activities || Beverage serving activities, n.e.c. || Activities of beverage stands, kiosks and counters || Activities of tea shops",1.000000|1.000000|0.952039|0.245007|0.074229,1.000000,semantic:overture:bar;retrieval:candidates,REVIEW_CANDIDATES
overture,gas_station,116,0.004085370148622949,psic,rev5,,,exact,,,category,retail sale of automotive fuel,473,Retail sale of automotive fuel,,,47300|4730|473,Retail sale of automotive fuel || Retail sale of automotive fuel || Retail sale of automotive fuel,1.000000|1.000000|1.000000,1.000000,semantic:overture:gas_station;retrieval:candidates,REVIEW_CANDIDATES
overture,automotive_repair,115,0.004050151440445165,psic,rev5,,,exact,,,category,repair and maintenance of motor vehicles,953,Repair and maintenance of motor vehicles and motorcycles,,,9531|95319|95311|953|9532,"Repair and maintenance of motor vehicles || Repair and maintenance of motor vehicles, n.e.c. || General repair and maintenance of motor vehicles || Repair and maintenance of motor vehicles and motorcycles || Repair and maintenance of motorcycles",1.000000|0.960909|0.852403|0.839764|0.648911,1.000000,semantic:overture:automotive_repair;retrieval:candidates,REVIEW_CANDIDATES
osm,amenity=townhall,111,0.003909276607734029,psic,rev5,,,exact,,,category,general public administration activities,84,Public Administration and Defense; Compulsory Social Security,,,8411|84119|84113|84112|84,"General public administration activities || General public administration activities, n.e.c. || Public administration, local government || Public administration, regional government || Public Administration and Defense; Compulsory Social Security",1.000000|0.970994|0.430826|0.425038|0.356934,1.000000,semantic:osm:amenity=townhall;retrieval:candidates,REVIEW_CANDIDATES
overture,printing_service,110,0.0038740578995562444,psic,rev5,,,exact,,,category,printing and service activities related to printing,181,Printing and service activities related to printing,,,181|1812|18110|1811|18121,Printing and service activities related to printing || Service activities related to printing || Printing || Printing || Pre-press service activities,1.000000|0.893199|0.608565|0.608565|0.156405,1.000000,semantic:overture:printing_service;retrieval:candidates,REVIEW_CANDIDATES
overture,social_or_community_service,106,0.003733183066845108,psic,rev5,,,exact,,,category,social work activities without accommodation,88,Social Work Activities Without Accommodation,,,88|889|8890|88909|88901,"Social Work Activities Without Accommodation || Other social work activities without accommodation || Other social work activities without accommodation || Other social work activities without accommodation, n.e.c. || Social work activities without accommodation for children and adolescents",1.000000|0.941125|0.941125|0.913015|0.698614,1.000000,semantic:overture:social_or_community_service;retrieval:candidates,REVIEW_CANDIDATES
osm,shop=bakery,101,0.0035570895259561877,psic,rev5,,,exact,,,category,retail sale bakery products,47,Retail Trade,EXACT,47214,47214|4721|47217|47761|47219,"Retail sale of bakery products || Retail sale of food || Retail sale of salt || Retail sale of pet || Retail sale of food, n.e.c.",0.892837|0.360571|0.339736|0.334666|0.324423,0.892837,semantic:osm:shop=bakery;retrieval:strong_separated_hit,REVIEW_REQUIRED
overture,travel_service,99,0.00348665210960062,psic,rev5,,,exact,,,category,travel agency and other travel related activities,79,"Travel Agency, Tour Operator, and Other Travel Related Activities",,,799|7990|79909|79|7911,"Other travel related activities || Other travel related activities || Other travel related activities, n.e.c. || Travel Agency, Tour Operator, and Other Travel Related Activities || Travel agency activities",0.818905|0.818905|0.780757|0.750007|0.695278,0.818905,semantic:overture:travel_service;retrieval:candidates,REVIEW_CANDIDATES
overture,health_care,97,0.003416214693245052,psic,rev5,,,exact,,,category,human health activities,86,Human Health Activities,,,86|869|8699|86999|8691,"Human Health Activities || Other human health activities || Other human health activities n.e.c. || All other human health activities, n.e.c. || Intermediation service activities for medical, dental, and other human health services",1.000000|0.910895|0.886172|0.781951|0.439607,1.000000,semantic:overture:health_care;retrieval:candidates,REVIEW_CANDIDATES
overture,filipino_restaurant,95,0.003345777276889484,psic,rev5,,,exact,,,category,restaurants and mobile food service activities,561,Restaurants and mobile food service activities,,,561|5610|56109|56101|56103,"Restaurants and mobile food service activities || Restaurants and mobile food service activities || Restaurants and mobile food service activities, n.e.c. || Full-service restaurants activities || Activities of buffet restaurants",1.000000|1.000000|0.975297|0.355586|0.327040,1.000000,semantic:overture:filipino_restaurant;retrieval:candidates,REVIEW_CANDIDATES
overture,gym,93,0.0032753398605339158,psic,rev5,,,exact,,,category,operation of sports facilities fitness centers,931,Sports activities,,,93111|9311|93119|93120|9312,"Operation of fitness centers || Operation of sports facilities || Operation of sports facilities, n.e.c. || Activities of sports clubs || Activities of sports clubs",0.719793|0.718744|0.689795|0.238465|0.238465,0.719793,semantic:overture:gym;retrieval:candidates,REVIEW_CANDIDATES
osm,tourism=hotel,90,0.0031696837360005634,psic,rev5,,,exact,,,category,hotels and similar accommodation activities,551,Hotels and similar accommodation activities,,,551|5510|55109|55101|55103,"Hotels and similar accommodation activities || Hotels and similar accommodation activities || Hotels and similar accommodation activities, n.e.c. || Operation of hotels || Operation of resort hotels",1.000000|1.000000|0.973771|0.313173|0.236172,1.000000,semantic:osm:hotel;retrieval:candidates,REVIEW_CANDIDATES
overture,seafood_restaurant,85,0.0029935901951116434,psic,rev5,,,exact,,,category,restaurants and mobile food service activities,561,Restaurants and mobile food service activities,,,561|5610|56109|56101|56103,"Restaurants and mobile food service activities || Restaurants and mobile food service activities || Restaurants and mobile food service activities, n.e.c. || Full-service restaurants activities || Activities of buffet restaurants",1.000000|1.000000|0.975297|0.355586|0.327040,1.000000,semantic:overture:seafood_restaurant;retrieval:candidates,REVIEW_CANDIDATES
overture,roman_catholic_place_of_worship,79,0.002782277946044939,psic,rev5,,,exact,,,category,activities of religious organizations,9491,Activities of religious organizations,,,94910|9491,Activities of religious organizations || Activities of religious organizations,1.000000|1.000000,1.000000,semantic:overture:roman_catholic_place_of_worship;retrieval:candidates,REVIEW_CANDIDATES
overture,building_or_construction_service,78,0.002747059237867155,psic,rev5,,,exact,,,category,construction activities,F,Construction,,,43|F|4390|439|43909,"Specialized Construction Activities || Construction || Other specialized construction activities || Other specialized construction activities || Other specialized construction activities, n.e.c.",0.703883|0.680220|0.632086|0.632086|0.606758,0.703883,semantic:overture:building_or_construction_service;retrieval:candidates,REVIEW_CANDIDATES
osm,man_made=bridge,76,0.0026766218215115867,psic,rev5,,,exact,,,category,bridge man made,,,NOT_ACTIVITY,,,,,,rule:high_precision_non_activity,REVIEW_REQUIRED
osm,shop=supermarket,75,0.002641403113333803,psic,rev5,,,exact,,,category,retail selling in supermarkets and hypermarkets,4711,"Non-specialized retail sale with food, beverages or tobacco predominating",EXACT,47112,47112|47111|47114|47113|47115,Retail selling in supermarkets and hypermarkets || Retail selling in groceries || Retail selling in convenience stores || Retail selling in sari-sari stores || Retail selling in pasalubong stores or centers,1.000000|0.376115|0.315958|0.272130|0.265596,1.000000,semantic:osm:shop=supermarket;retrieval:strong_separated_hit,REVIEW_REQUIRED
osm,shop=bicycle,73,0.002570965696978235,psic,rev5,,,exact,,,category,retail sale bicycle,47,Retail Trade,,,4721|47831|47217|47219|4751,"Retail sale of food || Retail sale of motorcycles || Retail sale of salt || Retail sale of food, n.e.c. || Retail sale of textiles",0.545178|0.542859|0.509277|0.503591|0.500724,0.545178,semantic:osm:shop;retrieval:candidates,REVIEW_CANDIDATES
overture,auto_parts_store,73,0.002570965696978235,psic,rev5,,,exact,,,category,retail sale motor vehicle parts accessories,4782,Retail sale of motor vehicle parts and accessories,,,4782|47829|47821,"Retail sale of motor vehicle parts and accessories || Retail sale of motor vehicle parts and accessories, n.e.c. || Retail sale of motor vehicle tires and batteries",0.894027|0.861461|0.448566,0.894027,semantic:overture:auto_parts_store;retrieval:candidates,REVIEW_CANDIDATES
osm,leisure=sports_hall,71,0.0025005282806226667,psic,rev5,,,exact,,,category,sports hall leisure,,,,,931|9319|93199|93120|9312,"Sports activities || Other sports activities || Other sports activities, n.e.c. || Activities of sports clubs || Activities of sports clubs",0.552939|0.445048|0.413648|0.357561|0.357561,0.552939,semantic:raw_category;retrieval:candidates,REVIEW_CANDIDATES
overture,food_and_drink,71,0.0025005282806226667,psic,rev5,,,exact,,,category,food and drink,,,,,56|5640|56400|564|10,Food and Beverage Service Activities || Intermediation service activities for food and beverage services activities || Intermediation service activities for food and beverage services activities || Intermediation service activities for food and beverage services activities || Manufacture of Food Products,0.328254|0.240659|0.240659|0.240659|0.229226,0.328254,semantic:raw_category;retrieval:candidates,REVIEW_CANDIDATES
overture,barbecue_restaurant,71,0.0025005282806226667,psic,rev5,,,exact,,,category,restaurants and mobile food service activities,561,Restaurants and mobile food service activities,,,561|5610|56109|56101|56103,"Restaurants and mobile food service activities || Restaurants and mobile food service activities || Restaurants and mobile food service activities, n.e.c. || Full-service restaurants activities || Activities of buffet restaurants",1.000000|1.000000|0.975297|0.355586|0.327040,1.000000,semantic:overture:barbecue_restaurant;retrieval:candidates,REVIEW_CANDIDATES
overture,shopping_mall,71,0.0025005282806226667,psic,rev5,,,exact,,,category,shopping mall,,,,,01700|0170|017|01635|25994,"Hunting, trapping and related service activities || Hunting, trapping and related service activities || Hunting, trapping and related service activities || Preparation of abaca fiber including stripping and drying || Manufacture of small hand-operated kitchen appliances",0.077621|0.077621|0.077621|0.063903|0.057347,0.077621,semantic:raw_category;retrieval:candidates,REVIEW_CANDIDATES
overture,barber,67,0.0023596534479115305,psic,rev5,,,exact,,,category,hairdressing and barber activities,962,"Hairdressing, beauty treatment, day spa and similar activities",SUBTREE,9621,9621|96212|96211|962|9623,"Hairdressing and barber activities || Barber activities || Hairdressing activities, other than barber activities || Hairdressing, beauty treatment, day spa and similar activities || Day spa, sauna and steam bath activities",1.000000|0.624796|0.623014|0.263915|0.045870,1.000000,semantic:overture:barber;retrieval:strong_separated_hit,REVIEW_REQUIRED
overture,park,67,0.0023596534479115305,psic,rev5,,,exact,,,category,park,,,NOT_ACTIVITY,,,,,,rule:high_precision_non_activity,REVIEW_REQUIRED
overture,motorcycle_repair,65,0.0022892160315559624,psic,rev5,,,exact,,,category,motorcycle repair,,,,,9532|95320|953|9534|95340,Repair and maintenance of motorcycles || Repair and maintenance of motorcycles || Repair and maintenance of motor vehicles and motorcycles || Motor vehicle and motorcycle washing and detailing activities || Motor vehicle and motorcycle washing and detailing activities,0.401497|0.401497|0.352524|0.327688|0.327688,0.401497,semantic:raw_category;retrieval:candidates,REVIEW_CANDIDATES
osm,office=company,63,0.0022187786152003943,psic,rev5,,,exact,,,category,company professional service activities,,,UNCODEABLE,,,,,,rule:broad_ontology_bucket,REVIEW_REQUIRED
overture,farm,62,0.0021835599070226105,psic,rev5,,,exact,,,category,farm,,,,,21|21003|2599|210|2100,"Manufacture of Basic Pharmaceutical Products and Pharmaceutical Preparations || Preparation of botanical products for pharmaceutical use || Manufacture of other fabricated metal products n.e.c. || Manufacture of pharmaceuticals, medicinal chemical and botanical products || Manufacture of pharmaceuticals, medicinal chemical and botanical products",0.015591|0.011652|0.010695|0.010266|0.010266,0.015591,semantic:raw_category;retrieval:candidates,REVIEW_CANDIDATES
overture,beach,60,0.0021131224906670424,psic,rev5,,,exact,,,category,beach,,,NOT_ACTIVITY,,,,,,rule:high_precision_non_activity,REVIEW_REQUIRED
overture,high_school,58,0.0020426850743114743,psic,rev5,,,exact,,,category,high school,,,,,72|74|N|749|7499,"Scientific Research and Development || Other Professional, Scientific and Technical Activities || Professional, Scientific, and Technical Activities || Other professional, scientific and technical activities n.e.c. || All other professional, scientific and technical activities n.e.c.",0.006970|0.006218|0.006060|0.006049|0.005881,0.006970,semantic:raw_category;retrieval:candidates,REVIEW_CANDIDATES
overture,furniture_store,57,0.00200746636613369,psic,rev5,,,exact,,,category,retail sale furniture,47,Retail Trade,,,4721|47217|47761|47219|4751,"Retail sale of food || Retail sale of salt || Retail sale of pet || Retail sale of food, n.e.c. || Retail sale of textiles",0.468462|0.439728|0.432364|0.426778|0.424877,0.468462,semantic:overture:store_suffix;retrieval:candidates,REVIEW_CANDIDATES
osm,amenity=pharmacy,55,0.0019370289497781222,psic,rev5,,,exact,,,category,retail sale pharmaceutical medical goods,4772,"Retail sale of pharmaceutical and medical goods, cosmetic and toilet articles",SUBTREE,4772,4772|47721|47723|47724|47722,"Retail sale of pharmaceutical and medical goods, cosmetic and toilet articles || Retail sale of prescription and over-the-counter drugs and pharmaceutical goods || Retail sale of medical, orthopedic and dental instruments and supplies || Retail sale of perfumery, cosmetic and toilet articles || Retail sale of non-medicinal wellness and herbal products and supplements",0.591138|0.353173|0.238311|0.134616|0.129968,0.591138,semantic:osm:amenity=pharmacy;retrieval:strong_separated_hit,REVIEW_REQUIRED
overture,pizza_restaurant,55,0.0019370289497781222,psic,rev5,,,exact,,,category,restaurants and mobile food service activities,561,Restaurants and mobile food service activities,,,561|5610|56109|56101|56103,"Restaurants and mobile food service activities || Restaurants and mobile food service activities || Restaurants and mobile food service activities, n.e.c. || Full-service restaurants activities || Activities of buffet restaurants",1.000000|1.000000|0.975297|0.355586|0.327040,1.000000,semantic:overture:restaurant_suffix;retrieval:candidates,REVIEW_CANDIDATES
osm,shop=car,54,0.0019018102416003381,psic,rev5,,,exact,,,category,retail sale of motor vehicles,4781,Retail sale of motor vehicles,,,4781|47819|47811|47812|47813,"Retail sale of motor vehicles || Retail sale of motor vehicles, n.e.c. || Retail sale of passenger motor vehicles including sedans, sport utility vehicles and passenger vans || Retail sale of commercial vehicles for public and mass transportation, including buses and jeepneys || Retail sale of commercial vehicles for freight transportation including trucks, trailers and semi-trailers",1.000000|0.939071|0.411167|0.262425|0.251664,1.000000,semantic:osm:shop=car;retrieval:candidates,REVIEW_CANDIDATES
overture,flowers_and_gifts_store,54,0.0019018102416003381,psic,rev5,,,exact,,,category,retail sale flowers and gifts,47,Retail Trade,EXACT,47735,47735|4721|47401|47217|47761,Retail sale of fresh and artificial flowers and plants || Retail sale of food || Retail sale of computers || Retail sale of salt || Retail sale of pet,0.516688|0.343074|0.323336|0.322745|0.317685,0.516688,semantic:overture:store_suffix;retrieval:strong_separated_hit,REVIEW_REQUIRED
osm,shop=car_repair,52,0.00183137282524477,psic,rev5,,,exact,,,category,repair and maintenance of motor vehicles,953,Repair and maintenance of motor vehicles and motorcycles,,,9531|95319|95311|953|9532,"Repair and maintenance of motor vehicles || Repair and maintenance of motor vehicles, n.e.c. || General repair and maintenance of motor vehicles || Repair and maintenance of motor vehicles and motorcycles || Repair and maintenance of motorcycles",1.000000|0.960909|0.852403|0.839764|0.648911,1.000000,semantic:osm:shop=car_repair;retrieval:candidates,REVIEW_CANDIDATES
overture,bubble_tea_shop,52,0.00183137282524477,psic,rev5,,,exact,,,category,bubble tea shop,,,,,01273|221|0161|2219|01619,"Growing of tea plants || Manufacture of rubber products || Support activities for crop production || Manufacture of other rubber products || Support activities for crop production, n.e.c.",0.298482|0.017641|0.017364|0.016679|0.015431,0.298482,semantic:raw_category;retrieval:candidates,REVIEW_CANDIDATES
overture,warehouse_club_store,52,0.00183137282524477,psic,rev5,,,exact,,,category,retail sale warehouse club,47,Retail Trade,,,4721|47219|47217|4751|47401,"Retail sale of food || Retail sale of food, n.e.c. || Retail sale of salt || Retail sale of textiles || Retail sale of computers",0.504062|0.471462|0.469282|0.468258|0.465500,0.504062,semantic:overture:store_suffix;retrieval:candidates,REVIEW_CANDIDATES
osm,leisure=park,51,0.001796154117066986,psic,rev5,,,exact,,,category,park leisure,,,NOT_ACTIVITY,,,,,,rule:high_precision_non_activity,REVIEW_REQUIRED
osm,shop=pawnbroker,51,0.001796154117066986,psic,rev5,,,exact,,,category,retail sale pawnbroker,47,Retail Trade,,,4721|47217|47219|4751|47401,"Retail sale of food || Retail sale of salt || Retail sale of food, n.e.c. || Retail sale of textiles || Retail sale of computers",0.527858|0.492591|0.490057|0.487048|0.483981,0.527858,semantic:osm:shop;retrieval:candidates,REVIEW_CANDIDATES
overture,mobile_phone_store,51,0.001796154117066986,psic,rev5,,,exact,,,category,retail sale mobile phone,47,Retail Trade,,,47404|47405|4721|47217|4751,"Retail sale of smartphones, mobile phones and other handheld mobile devices || Retail sale of parts and accessories of smartphones, mobile phones and other handheld mobile devices || Retail sale of food || Retail sale of salt || Retail sale of textiles",0.512619|0.464419|0.410178|0.383806|0.382638,0.512619,semantic:overture:store_suffix;retrieval:candidates,REVIEW_CANDIDATES
osm,shop=hardware,50,0.001760935408889202,psic,rev5,,,exact,,,category,retail sale hardware building materials,4752,"Retail sale of hardware, building materials, paints and glass",,,4752|47529|47521|47525|47523,"Retail sale of hardware, building materials, paints and glass || Retail sale of hardware, building materials, paints and glass, n.e.c. || Retail sale of hardware and electrical materials and supplies || Retail sale of masonry and other construction materials and supplies || Retail sale of lumber",0.703216|0.688386|0.462000|0.261685|0.223859,0.703216,semantic:osm:shop=hardware;retrieval:candidates,REVIEW_CANDIDATES
osm,amenity=pharmacy | healthcare=pharmacy,49,0.001725716700711418,psic,rev5,,,exact,,,category,retail sale pharmaceutical medical goods,4772,"Retail sale of pharmaceutical and medical goods, cosmetic and toilet articles",SUBTREE,4772,4772|47721|47723|47724|47722,"Retail sale of pharmaceutical and medical goods, cosmetic and toilet articles || Retail sale of prescription and over-the-counter drugs and pharmaceutical goods || Retail sale of medical, orthopedic and dental instruments and supplies || Retail sale of perfumery, cosmetic and toilet articles || Retail sale of non-medicinal wellness and herbal products and supplements",0.591138|0.353173|0.238311|0.134616|0.129968,0.591138,semantic:osm:amenity=pharmacy;retrieval:strong_separated_hit,REVIEW_REQUIRED
overture,home_developer,49,0.001725716700711418,psic,rev5,,,exact,,,category,home developer,,,,,72|72104|72102|72101|72103,Scientific Research and Development || Research and experimental development in other natural sciences || Research and experimental development in agricultural sciences || Research and experimental development in medical and health sciences || Research and experimental development in information technology,0.135045|0.112407|0.106129|0.105630|0.103380,0.135045,semantic:raw_category;retrieval:candidates,REVIEW_CANDIDATES
overture,motorcycle_dealer,49,0.001725716700711418,psic,rev5,,,exact,,,category,motorcycle dealer,,,,,9534|95340|95330|9533|95320,Motor vehicle and motorcycle washing and detailing activities || Motor vehicle and motorcycle washing and detailing activities || Motor vehicle and motorcycle vulcanizing and preparing of tires || Motor vehicle and motorcycle vulcanizing and preparing of tires || Repair and maintenance of motorcycles,0.334303|0.334303|0.291191|0.291191|0.158267,0.334303,semantic:raw_category;retrieval:candidates,REVIEW_CANDIDATES
overture,resort,48,0.0016904979925336338,psic,rev5,,,exact,,,category,resort,,,,,51|50|494|49|09,Air Transport || Water Transport || Other land transport || Land Transport and Transport via Pipelines || Mining Support Service Activities,0.032805|0.030511|0.029012|0.025597|0.024005,0.032805,semantic:raw_category;retrieval:candidates,REVIEW_CANDIDATES
overture,financial_service,48,0.0016904979925336338,psic,rev5,,,exact,,,category,financial service,,,,,64|66|649|6499|64999,"Financial Service Activities, except Insurance and Pension Funding || Activities Auxiliary to Financial Service and Insurance Activities || Other financial service activities, except insurance and pension funding activities || Other financial service activities n.e.c., except insurance and pension funding activities || All other financial service activities, n.e.c., except insurance and pension funding activities",0.483995|0.465404|0.439464|0.429575|0.408861,0.483995,semantic:raw_category;retrieval:candidates,REVIEW_CANDIDATES
overture,bike_store,48,0.0016904979925336338,psic,rev5,,,exact,,,category,retail sale bike,47,Retail Trade,,,4721|47217|47761|47219|4751,"Retail sale of food || Retail sale of salt || Retail sale of pet || Retail sale of food, n.e.c. || Retail sale of textiles",0.579518|0.543192|0.533717|0.530425|0.527839,0.579518,semantic:overture:store_suffix;retrieval:candidates,REVIEW_CANDIDATES
overture,car_wash,46,0.0016200605761780658,psic,rev5,,,exact,,,category,car wash,,,,,381|383|38300|3830|382,Waste collection activities || Materials and other waste recovery || Materials and other waste recovery || Materials and other waste recovery || Waste treatment and disposal,0.042205|0.033560|0.033560|0.033560|0.032554,0.042205,semantic:raw_category;retrieval:candidates,REVIEW_CANDIDATES
overture,laboratory_testing,45,0.0015848418680002817,psic,rev5,,,exact,,,category,laboratory testing,,,,,71201|71202|712|7120|71209,"Emission testing activities || Construction materials testing activities || Technical testing and analysis || Technical testing and analysis || Technical testing and analysis, n.e.c.",0.280272|0.260795|0.248476|0.248476|0.242061,0.280272,semantic:raw_category;retrieval:candidates,REVIEW_CANDIDATES
overture,bank,44,0.0015496231598224977,psic,rev5,,,exact,,,category,bank,,,,,21002|24|2410|241|24109,"Manufacture of medical impregnated wadding, gauze, bandages, dressings and similar products || Manufacture of Basic Metals || Manufacture of basic iron and steel || Manufacture of basic iron and steel || Manufacture of basic iron and steel, n.e.c.",0.023131|0.013515|0.011119|0.011119|0.009763,0.023131,semantic:raw_category;retrieval:candidates,REVIEW_CANDIDATES
overture,insurance_agency,44,0.0015496231598224977,psic,rev5,,,exact,,,category,insurance agency,,,SUBTREE,651,651|6511|65110|65201|6512,Insurance || Life insurance || Life insurance || Reinsurance for life insurance || Non-life insurance,0.706621|0.433535|0.433535|0.367505|0.348497,0.706621,semantic:raw_category;retrieval:strong_separated_hit,REVIEW_REQUIRED
overture,real_estate_agent,43,0.0015144044516447136,psic,rev5,,,exact,,,category,real estate agent,,,,,68|M|6821|68210|682,Real Estate Activities || Real Estate Activities || Intermediation service activities for real estate || Intermediation service activities for real estate || Real estate activities on a fee or contract basis,0.812525|0.812525|0.592799|0.592799|0.481313,0.812525,semantic:raw_category;retrieval:candidates,REVIEW_CANDIDATES
overture,community_center,42,0.0014791857434669296,psic,rev5,,,exact,,,category,community center,,,,,842|841|61|61900|619,"Provision of services to the community as a whole || Administration of the State and the economic, social and environmental policies of the community || Telecommunications || Other telecommunication activities || Other telecommunication activities",0.299330|0.197444|0.106284|0.101738|0.101738,0.299330,semantic:raw_category;retrieval:candidates,REVIEW_CANDIDATES
overture,asian_restaurant,42,0.0014791857434669296,psic,rev5,,,exact,,,category,restaurants and mobile food service activities,561,Restaurants and mobile food service activities,,,561|5610|56109|56101|56103,"Restaurants and mobile food service activities || Restaurants and mobile food service activities || Restaurants and mobile food service activities, n.e.c. || Full-service restaurants activities || Activities of buffet restaurants",1.000000|1.000000|0.975297|0.355586|0.327040,1.000000,semantic:overture:restaurant_suffix;retrieval:candidates,REVIEW_CANDIDATES
overture,tattoo_and_piercing,42,0.0014791857434669296,psic,rev5,,,exact,,,category,tattoo and piercing,,,,,53|B|98|089|08,Postal and Courier Activities || Mining and Quarrying || Undifferentiated Goods- and Services-Producing Activities of Private Households for Own Use || Mining and quarrying n.e.c. || Other Mining and Quarrying,0.023538|0.021986|0.021917|0.021076|0.019942,0.023538,semantic:raw_category;retrieval:candidates,REVIEW_CANDIDATES
overture,money_transfer_service,41,0.0014439670352891455,psic,rev5,,,exact,,,category,money transfer service,,,,,T|56290|5629|96|9690,Other Service Activities || Other food service activities || Other food service activities || Personal Service Activities || Other personal service activities n.e.c.,0.187491|0.156798|0.156798|0.155423|0.134207,0.187491,semantic:raw_category;retrieval:candidates,REVIEW_CANDIDATES
osm,shop=clothes,40,0.0014087483271113615,psic,rev5,,,exact,,,category,retail sale garments clothing apparel,4771,"Retail sale of clothing, footwear and leather articles",EXACT,47711,47711|4771|47719|47712|47713,"Retail sale of garments, clothing, wearing apparel and clothing accessories || Retail sale of clothing, footwear and leather articles || Retail sale of clothing, footwear and leather articles, n.e.c. || Retail sale of footwear || Retail sale of leather goods and travel accessories of leather and leather substitutes",0.697789|0.311996|0.304685|0.244308|0.101870,0.697789,semantic:osm:shop=clothes;retrieval:strong_separated_hit,REVIEW_REQUIRED
overture,arts_and_entertainment,40,0.0014087483271113615,psic,rev5,,,exact,,,category,arts and entertainment,,,,,90|901|903|90390|9039,Arts Creation and Performing Arts Activities || Arts creation activities || Support activities to arts creation and performing arts || Other support activities to arts creation and performing arts || Other support activities to arts creation and performing arts,0.287979|0.260713|0.257578|0.248345|0.248345,0.287979,semantic:raw_category;retrieval:candidates,REVIEW_CANDIDATES
overture,bottled_water_company,40,0.0014087483271113615,psic,rev5,,,exact,,,category,bottled water company,,,,,50|502|5022|50220|5021,Water Transport || Inland water transport || Inland freight water transport || Inland freight water transport || Inland passenger water transport,0.232720|0.165050|0.135816|0.135816|0.134146,0.232720,semantic:raw_category;retrieval:candidates,REVIEW_CANDIDATES
overture,baptist_place_of_worship,40,0.0014087483271113615,psic,rev5,,,exact,,,category,baptist place of worship,,,,,94|949|9499|94990|94120,Activities of Membership Organizations || Activities of other membership organizations || Activities of other membership organizations n.e.c. || Activities of other membership organizations n.e.c. || Activities of professional membership organizations,0.146242|0.141903|0.138691|0.138691|0.120656,0.146242,semantic:raw_category;retrieval:candidates,REVIEW_CANDIDATES
overture,electronics_store,39,0.0013735296189335774,psic,rev5,,,exact,,,category,retail sale of information communication equipment consumer electronics,474,Retail sale of information and communication equipment,,,474|4740|47409|47401|47402,"Retail sale of information and communication equipment || Retail sale of information and communication equipment || Retail sale of information and communication equipment, n.e.c || Retail sale of computers || Retail sale of computer peripheral equipment",0.719688|0.719688|0.689658|0.250468|0.249548,0.719688,semantic:overture:electronics_store;retrieval:candidates,REVIEW_CANDIDATES
osm,office=government | emergency=disaster_response,38,0.0013383109107557934,psic,rev5,,,exact,,,category,general public administration activities,84,Public Administration and Defense; Compulsory Social Security,,,8411|84119|84113|84112|84,"General public administration activities || General public administration activities, n.e.c. || Public administration, local government || Public administration, regional government || Public Administration and Defense; Compulsory Social Security",1.000000|0.970994|0.430826|0.425038|0.356934,1.000000,semantic:osm:government;retrieval:candidates,REVIEW_CANDIDATES
overture,korean_restaurant,38,0.0013383109107557934,psic,rev5,,,exact,,,category,restaurants and mobile food service activities,561,Restaurants and mobile food service activities,,,561|5610|56109|56101|56103,"Restaurants and mobile food service activities || Restaurants and mobile food service activities || Restaurants and mobile food service activities, n.e.c. || Full-service restaurants activities || Activities of buffet restaurants",1.000000|1.000000|0.975297|0.355586|0.327040,1.000000,semantic:overture:restaurant_suffix;retrieval:candidates,REVIEW_CANDIDATES
overture,donut_shop,37,0.0013030922025780095,psic,rev5,,,exact,,,category,donut shop,,,,,01296|01260|0126|0161|01112,"Growing of oil palm fruit and other oleaginous fruits, except coconut || Growing of coconuts, including copra making || Growing of coconuts, including copra making || Support activities for crop production || Growing of peanuts",0.053999|0.035447|0.035447|0.018733|0.016896,0.053999,semantic:raw_category;retrieval:candidates,REVIEW_CANDIDATES
overture,doctors_office,37,0.0013030922025780095,psic,rev5,,,exact,,,category,doctors office,,,,,82|8210|821|82109|701,"Office Administrative, Office Support and Other Business Support Activities || Office administrative and support activities || Office administrative and support activities || Office administrative and support activities, n.e.c. || Activities of head offices",0.379044|0.333363|0.333363|0.326020|0.149331,0.379044,semantic:raw_category;retrieval:candidates,REVIEW_CANDIDATES
overture,funeral_service,37,0.0013030922025780095,psic,rev5,,,exact,,,category,funeral service,,,,,9630|963|96309|96901|T,"Funeral and related activities || Funeral and related activities || Funeral and related activities, n.e.c. || Activities of organizers for private events, except funeral || Other Service Activities",0.512015|0.512015|0.486861|0.294372|0.258923,0.512015,semantic:raw_category;retrieval:candidates,REVIEW_CANDIDATES
overture,freight_and_cargo_service,37,0.0013030922025780095,psic,rev5,,,exact,,,category,freight and cargo service,,,,,T|96|5629|56290|09,Other Service Activities || Personal Service Activities || Other food service activities || Other food service activities || Mining Support Service Activities,0.209963|0.177468|0.175543|0.175543|0.151938,0.209963,semantic:raw_category;retrieval:candidates,REVIEW_CANDIDATES
overture,attorney_or_law_firm,37,0.0013030922025780095,psic,rev5,,,exact,,,category,attorney or law firm,,,,,03215|03212|03211|03214|03218,Culturing of crabs in marine or brackish water || Culturing of tilapia in marine or brackish water || Culturing of milkfish in marine or brackish water || Culturing of shellfish in marine or brackish water || Culturing of pearls in marine or brackish water,0.108364|0.107863|0.107739|0.107507|0.107065,0.108364,semantic:raw_category;retrieval:candidates,REVIEW_CANDIDATES
overture,japanese_restaurant,36,0.0012678734944002255,psic,rev5,,,exact,,,category,restaurants and mobile food service activities,561,Restaurants and mobile food service activities,,,561|5610|56109|56101|56103,"Restaurants and mobile food service activities || Restaurants and mobile food service activities || Restaurants and mobile food service activities, n.e.c. || Full-service restaurants activities || Activities of buffet restaurants",1.000000|1.000000|0.975297|0.355586|0.327040,1.000000,semantic:overture:restaurant_suffix;retrieval:candidates,REVIEW_CANDIDATES
overture,car_rental_service,36,0.0012678734944002255,psic,rev5,,,exact,,,category,car rental service,,,,,77|T|7751|77510|7710,"Rental and Leasing Activities || Other Service Activities || Intermediation service activities for rental and leasing of cars, motorhomes and trailers || Intermediation service activities for rental and leasing of cars, motorhomes and trailers || Rental and leasing of motor vehicles",0.274684|0.247792|0.236759|0.236759|0.226608,0.274684,semantic:raw_category;retrieval:candidates,REVIEW_CANDIDATES
osm,tourism=artwork,35,0.0012326547862224414,psic,rev5,,,exact,,,category,artwork tourism,,,NOT_ACTIVITY,,,,,,rule:high_precision_non_activity,REVIEW_REQUIRED
overture,travel_and_transportation,35,0.0012326547862224414,psic,rev5,,,exact,,,category,travel and transportation,,,,,7911|79110|522|H|7990,Travel agency activities || Travel agency activities || Support activities for transportation || Transportation and Storage || Other travel related activities,0.404640|0.404640|0.396813|0.390397|0.385742,0.404640,semantic:raw_category;retrieval:candidates,REVIEW_CANDIDATES
overture,food_truck_stand,35,0.0012326547862224414,psic,rev5,,,exact,,,category,food truck stand,,,,,56108|10|5629|56290|107,"Mobile food service activities including food preparation in truck, van and other motorized vehicles and non-motorized carts || Manufacture of Food Products || Other food service activities || Other food service activities || Manufacture of other food products",0.268963|0.248582|0.236208|0.236208|0.227546,0.268963,semantic:raw_category;retrieval:candidates,REVIEW_CANDIDATES
overture,beauty_supply_store,35,0.0012326547862224414,psic,rev5,,,exact,,,category,retail sale beauty supply,47,Retail Trade,,,4721|47217|47761|47219|4751,"Retail sale of food || Retail sale of salt || Retail sale of pet || Retail sale of food, n.e.c. || Retail sale of textiles",0.348559|0.327410|0.322038|0.316811|0.315466,0.348559,semantic:overture:store_suffix;retrieval:candidates,REVIEW_CANDIDATES
osm,shop=mall,34,0.0011974360780446574,psic,rev5,,,exact,,,category,retail sale mall,47,Retail Trade,,,4721|47217|47761|47219|4751,"Retail sale of food || Retail sale of salt || Retail sale of pet || Retail sale of food, n.e.c. || Retail sale of textiles",0.576857|0.540586|0.531101|0.528346|0.525738,0.576857,semantic:osm:shop;retrieval:candidates,REVIEW_CANDIDATES
overture,smoke_and_vape_store,34,0.0011974360780446574,psic,rev5,,,exact,,,category,retail sale smoke and vape,47,Retail Trade,,,4721|47217|47219|4751|47401,"Retail sale of food || Retail sale of salt || Retail sale of food, n.e.c. || Retail sale of textiles || Retail sale of computers",0.513546|0.479302|0.476559|0.473651|0.470658,0.513546,semantic:overture:store_suffix;retrieval:candidates,REVIEW_CANDIDATES
osm,tourism=guest_house,33,0.0011622173698668734,psic,rev5,,,exact,,,category,short term accommodation activities,55,Accommodation,,,552|5520|55209|55|551,"Other short term accommodation activities || Other short term accommodation activities || Other short-term accommodation activities, n.e.c. || Accommodation || Hotels and similar accommodation activities",0.934204|0.934204|0.828229|0.465991|0.368924,0.934204,semantic:osm:lodging;retrieval:candidates,REVIEW_CANDIDATES
osm,amenity=health_post | healthcare=health_aide | emergency=no,33,0.0011622173698668734,psic,rev5,,,exact,,,category,health post amenity health aide healthcare no emergency,,,,,86|869|8699|86999|R,"Human Health Activities || Other human health activities || Other human health activities n.e.c. || All other human health activities, n.e.c. || Human Health and Social Work Activities",0.448649|0.410809|0.397948|0.354169|0.324456,0.448649,semantic:raw_category;retrieval:candidates,REVIEW_CANDIDATES
osm,shop=motorcycle,33,0.0011622173698668734,psic,rev5,,,exact,,,category,retail sale motorcycle,47,Retail Trade,,,47831|47832|4781|4721|4783,"Retail sale of motorcycles || Retail sale of motorcycle parts and accessories || Retail sale of motor vehicles || Retail sale of food || Retail sale of motorcycles, motorcycles parts and accessories",0.612622|0.597934|0.444143|0.438042|0.431589,0.612622,semantic:osm:shop;retrieval:candidates,REVIEW_CANDIDATES
overture,music_venue,33,0.0011622173698668734,psic,rev5,,,exact,,,category,music venue,,,,,5920|592|59200|59|24,"Sound recording and music publishing activities || Sound recording and music publishing activities || Sound recording and music publishing activities || Motion Picture, Video and Television Program Production, Sound Recording and Music Publishing Activities || Manufacture of Basic Metals",0.347293|0.347293|0.347293|0.229070|0.046227,0.347293,semantic:raw_category;retrieval:candidates,REVIEW_CANDIDATES
overture,manufacturer,32,0.0011269986616890893,psic,rev5,,,exact,,,category,manufacturer,,,,,C|11030|1103|1102|23941,Manufacturing || Manufacture of beer || Manufacture of beer || Manufacture of wines || Manufacture of cement,0.214805|0.205737|0.205737|0.204370|0.203523,0.214805,semantic:raw_category;retrieval:candidates,REVIEW_CANDIDATES
overture,building_supply_store,32,0.0011269986616890893,psic,rev5,,,exact,,,category,retail sale building supply,47,Retail Trade,,,4721|47217|47761|4752|47219,"Retail sale of food || Retail sale of salt || Retail sale of pet || Retail sale of hardware, building materials, paints and glass || Retail sale of food, n.e.c.",0.377497|0.354772|0.349039|0.347284|0.342541,0.377497,semantic:overture:store_suffix;retrieval:candidates,REVIEW_CANDIDATES
overture,employment_agency,32,0.0011269986616890893,psic,rev5,,,exact,,,category,employment agency,,,,,78|7820|78200|782|7810,Employment Activities || Temporary employment agency activities and other human resource provisions || Temporary employment agency activities and other human resource provisions || Temporary employment agency activities and other human resource provisions || Activities of employment placement agencies,0.509560|0.487109|0.487109|0.487109|0.377140,0.509560,semantic:raw_category;retrieval:candidates,REVIEW_CANDIDATES
overture,campus_building,32,0.0011269986616890893,psic,rev5,,,exact,,,category,campus building,,,,,64131|81210|8121|41001|81,Activities of mutual building and loan associations || General cleaning of buildings || General cleaning of buildings || Construction of residential buildings || Services to Buildings and Landscape Activities,0.287198|0.155600|0.155600|0.141240|0.129431,0.287198,semantic:raw_category;retrieval:candidates,REVIEW_CANDIDATES
osm,shop=electronics,31,0.0010917799535113053,psic,rev5,,,exact,,,category,retail sale electronics,47,Retail Trade,,,4721|47217|47761|47219|4751,"Retail sale of food || Retail sale of salt || Retail sale of pet || Retail sale of food, n.e.c. || Retail sale of textiles",0.416844|0.391022|0.384350|0.380559|0.378791,0.416844,semantic:osm:shop;retrieval:candidates,REVIEW_CANDIDATES
osm,amenity=college,31,0.0010917799535113053,psic,rev5,,,exact,,,category,tertiary education,854,Tertiary education,,,854|8540|85401|85402,Tertiary education || Tertiary education || Public tertiary education || Private tertiary education,1.000000|1.000000|0.791306|0.782655,1.000000,semantic:osm:amenity=college;retrieval:candidates,REVIEW_CANDIDATES
overture,bar_and_grill_restaurant,31,0.0010917799535113053,psic,rev5,,,exact,,,category,restaurants and mobile food service activities,561,Restaurants and mobile food service activities,,,561|5610|56109|56101|56103,"Restaurants and mobile food service activities || Restaurants and mobile food service activities || Restaurants and mobile food service activities, n.e.c. || Full-service restaurants activities || Activities of buffet restaurants",1.000000|1.000000|0.975297|0.355586|0.327040,1.000000,semantic:overture:restaurant_suffix;retrieval:candidates,REVIEW_CANDIDATES
overture,burger_restaurant,31,0.0010917799535113053,psic,rev5,,,exact,,,category,restaurants and mobile food service activities,561,Restaurants and mobile food service activities,,,561|5610|56109|56101|56103,"Restaurants and mobile food service activities || Restaurants and mobile food service activities || Restaurants and mobile food service activities, n.e.c. || Full-service restaurants activities || Activities of buffet restaurants",1.000000|1.000000|0.975297|0.355586|0.327040,1.000000,semantic:overture:restaurant_suffix;retrieval:candidates,REVIEW_CANDIDATES
overture,computer_store,31,0.0010917799535113053,psic,rev5,,,exact,,,category,retail sale computer,47,Retail Trade,,,47401|47402|4721|47217|47761,Retail sale of computers || Retail sale of computer peripheral equipment || Retail sale of food || Retail sale of salt || Retail sale of pet,0.617402|0.566098|0.465985|0.437907|0.430817,0.617402,semantic:overture:store_suffix;retrieval:candidates,REVIEW_CANDIDATES
overture,automotive_service,31,0.0010917799535113053,psic,rev5,,,exact,,,category,automotive service,,,,,T|96|O|09|9690,Other Service Activities || Personal Service Activities || Administrative and Support Service Activities || Mining Support Service Activities || Other personal service activities n.e.c.,0.229088|0.195973|0.170715|0.166342|0.166301,0.229088,semantic:raw_category;retrieval:candidates,REVIEW_CANDIDATES
osm,amenity=parking,30,0.0010565612453335212,psic,rev5,,,exact,,,category,parking amenity,,,,,842|841|80190|8019|80111,"Provision of services to the community as a whole || Administration of the State and the economic, social and environmental policies of the community || Security activities n.e.c. || Security activities n.e.c. || Private security activities",0.055786|0.035262|0.032608|0.032608|0.029005,0.055786,semantic:raw_category;retrieval:candidates,REVIEW_CANDIDATES
overture,town_hall,30,0.0010565612453335212,psic,rev5,,,exact,,,category,town hall,,,,,98200|9820|982|98100|9810,Undifferentiated service-producing activities of private households for own use || Undifferentiated service-producing activities of private households for own use || Undifferentiated service-producing activities of private households for own use || Undifferentiated goods-producing activities of private households for their own use || Undifferentiated goods-producing activities of private households for their own use,0.028476|0.028476|0.028476|0.027088|0.027088,0.028476,semantic:raw_category;retrieval:candidates,REVIEW_CANDIDATES
osm,leisure=pitch,29,0.0010213425371557372,psic,rev5,,,exact,,,category,pitch leisure,,,NOT_ACTIVITY,,,,,,rule:high_precision_non_activity,REVIEW_REQUIRED
overture,pet_store,29,0.0010213425371557372,psic,rev5,,,exact,,,category,retail sale pet,47,Retail Trade,EXACT,47761,47761|4776|47762|4721|47217,Retail sale of pet || Retail sale of pet and pet supplies || Retail sale of pet supplies || Retail sale of food || Retail sale of salt,0.851573|0.681373|0.662427|0.484394|0.457613,0.851573,semantic:overture:store_suffix;retrieval:strong_separated_hit,REVIEW_REQUIRED
overture,ice_cream_shop,29,0.0010213425371557372,psic,rev5,,,exact,,,category,ice cream shop,,,,,901|90130|9013|9012|90129,"Arts creation activities || Other arts creation activities || Other arts creation activities || Visual arts creation activities || Visual arts creation activities, n.e.c.",0.075645|0.070709|0.070709|0.054941|0.050293,0.075645,semantic:raw_category;retrieval:candidates,REVIEW_CANDIDATES
overture,tea_room,29,0.0010213425371557372,psic,rev5,,,exact,,,category,tea room,,,,,35300|3530|353|35|D,"Steam and air conditioning supply || Steam and air conditioning supply || Steam and air conditioning supply || Electricity, Gas, Steam and Air Conditioning Supply || Electricity, Gas, Steam and Air Conditioning Supply",0.013051|0.013051|0.013051|0.009790|0.009790,0.013051,semantic:raw_category;retrieval:candidates,REVIEW_CANDIDATES
osm,amenity=bar,28,0.0009861238289779531,psic,rev5,,,exact,,,category,beverage serving activities,563,Beverage serving activities,,,563|5630|56309|56304|56303,"Beverage serving activities || Beverage serving activities || Beverage serving activities, n.e.c. || Activities of beverage stands, kiosks and counters || Activities of tea shops",1.000000|1.000000|0.952039|0.245007|0.074229,1.000000,semantic:osm:amenity=bar;retrieval:candidates,REVIEW_CANDIDATES
overture,chicken_restaurant,28,0.0009861238289779531,psic,rev5,,,exact,,,category,restaurants and mobile food service activities,561,Restaurants and mobile food service activities,,,561|5610|56109|56101|56103,"Restaurants and mobile food service activities || Restaurants and mobile food service activities || Restaurants and mobile food service activities, n.e.c. || Full-service restaurants activities || Activities of buffet restaurants",1.000000|1.000000|0.975297|0.355586|0.327040,1.000000,semantic:overture:restaurant_suffix;retrieval:candidates,REVIEW_CANDIDATES
overture,b2b_advertising_and_marketing_service,28,0.0009861238289779531,psic,rev5,,,exact,,,category,b2b advertising and marketing service,,,,,7310|731|73109|73101|73,"Advertising activities || Advertising activities || Advertising activities, n.e.c. || Activities of advertising agency, except billboard and outdoor advertising activities || Activities of Advertising, Market Research, and Public Relations",0.434423|0.434423|0.408178|0.294498|0.285196,0.434423,semantic:raw_category;retrieval:candidates,REVIEW_CANDIDATES
overture,holiday_rental_home,28,0.0009861238289779531,psic,rev5,,,exact,,,category,holiday rental home,,,,,77|7710|771|77100|77292,Rental and Leasing Activities || Rental and leasing of motor vehicles || Rental and leasing of motor vehicles || Rental and leasing of motor vehicles || Rental and leasing of household furniture,0.268630|0.222673|0.222673|0.222673|0.206193,0.268630,semantic:raw_category;retrieval:candidates,REVIEW_CANDIDATES
overture,food_delivery_service,27,0.0009509051208001691,psic,rev5,,,exact,,,category,food delivery service,,,,,5629|56290|56|I|56400,Other food service activities || Other food service activities || Food and Beverage Service Activities || Accommodation and Food Service Activities || Intermediation service activities for food and beverage services activities,0.340888|0.340888|0.269666|0.250759|0.221025,0.340888,semantic:raw_category;retrieval:candidates,REVIEW_CANDIDATES
overture,veterinarian,27,0.0009509051208001691,psic,rev5,,,exact,,,category,veterinarian,,,,,75000|7500|750|75|42,Veterinary activities || Veterinary activities || Veterinary activities || Veterinary activities || Civil Engineering,0.282836|0.282836|0.282836|0.282836|0.019765,0.282836,semantic:raw_category;retrieval:candidates,REVIEW_CANDIDATES
overture,tutoring_service,27,0.0009509051208001691,psic,rev5,,,exact,,,category,tutoring service,,,,,T|96|56290|5629|9690,Other Service Activities || Personal Service Activities || Other food service activities || Other food service activities || Other personal service activities n.e.c.,0.360124|0.320251|0.300289|0.300289|0.269747,0.360124,semantic:raw_category;retrieval:candidates,REVIEW_CANDIDATES
osm,amenity=marketplace,26,0.000915686412622385,psic,rev5,,,exact,,,category,marketplace amenity,,,,,7320|73200|732|73|842,"Market research and public opinion polling activities || Market research and public opinion polling activities || Market research and public opinion polling activities || Activities of Advertising, Market Research, and Public Relations || Provision of services to the community as a whole",0.089632|0.089632|0.089632|0.081945|0.052943,0.089632,semantic:raw_category;retrieval:candidates,REVIEW_CANDIDATES
osm,tourism=hostel,26,0.000915686412622385,psic,rev5,,,exact,,,category,short term accommodation activities,55,Accommodation,,,552|5520|55209|55|551,"Other short term accommodation activities || Other short term accommodation activities || Other short-term accommodation activities, n.e.c. || Accommodation || Hotels and similar accommodation activities",0.934204|0.934204|0.828229|0.465991|0.368924,0.934204,semantic:osm:lodging;retrieval:candidates,REVIEW_CANDIDATES
osm,shop=car_parts,26,0.000915686412622385,psic,rev5,,,exact,,,category,retail sale motor vehicle parts accessories,4782,Retail sale of motor vehicle parts and accessories,,,4782|47829|47821,"Retail sale of motor vehicle parts and accessories || Retail sale of motor vehicle parts and accessories, n.e.c. || Retail sale of motor vehicle tires and batteries",0.894027|0.861461|0.448566,0.894027,semantic:osm:shop=car_parts;retrieval:candidates,REVIEW_CANDIDATES
osm,tourism=chalet,26,0.000915686412622385,psic,rev5,,,exact,,,category,short term accommodation activities,55,Accommodation,,,552|5520|55209|55|551,"Other short term accommodation activities || Other short term accommodation activities || Other short-term accommodation activities, n.e.c. || Accommodation || Hotels and similar accommodation activities",0.934204|0.934204|0.828229|0.465991|0.368924,0.934204,semantic:osm:lodging;retrieval:candidates,REVIEW_CANDIDATES
overture,police_station,26,0.000915686412622385,psic,rev5,,,exact,,,category,police station,,,,,523|5231|H|5232|49422,Intermediation service activities for transportation || Intermediation service activities for freight transportation || Transportation and Storage || Intermediation service activities for passenger transportation || Operations of vehicles for transportation network service,0.069109|0.061048|0.059659|0.059046|0.054881,0.069109,semantic:raw_category;retrieval:candidates,REVIEW_CANDIDATES
overture,internet_cafe,26,0.000915686412622385,psic,rev5,,,exact,,,category,internet cafe,,,,,8791|87910|95400|9540|954,"Intermediation service activities for residential care activities || Intermediation service activities for residential care activities || Intermediation service activities for repair and maintenance of computers, personal and household goods, and motor vehicles and motorcycles || Intermediation service activities for repair and maintenance of computers, personal and household goods, and motor vehicles and motorcycles || Intermediation service activities for repair and maintenance of computers, personal and household goods, and motor vehicles and motorcycles",0.040250|0.040250|0.029151|0.029151|0.029151,0.040250,semantic:raw_category;retrieval:candidates,REVIEW_CANDIDATES
overture,auto_detailing,26,0.000915686412622385,psic,rev5,,,exact,,,category,auto detailing,,,,,4730|473|47300|47111|47191,Retail sale of automotive fuel || Retail sale of automotive fuel || Retail sale of automotive fuel || Retail selling in groceries || Retail selling in department stores,0.104520|0.104520|0.104520|0.050360|0.047846,0.104520,semantic:raw_category;retrieval:candidates,REVIEW_CANDIDATES
overture,home_improvement_store,26,0.000915686412622385,psic,rev5,,,exact,,,category,retail sale home improvement,47,Retail Trade,,,4721|47217|47591|47219|47761,"Retail sale of food || Retail sale of salt || Retail sale of home furniture, fixtures and lighting equipment || Retail sale of food, n.e.c. || Retail sale of pet",0.394501|0.368964|0.368411|0.363644|0.362137,0.394501,semantic:overture:store_suffix;retrieval:candidates,REVIEW_CANDIDATES
osm,shop=water,25,0.000880467704444601,psic,rev5,,,exact,,,category,retail sale water,47,Retail Trade,,,4721|47217|47761|47401|47219,"Retail sale of food || Retail sale of salt || Retail sale of pet || Retail sale of computers || Retail sale of food, n.e.c.",0.523090|0.492777|0.485381|0.471285|0.470924,0.523090,semantic:osm:shop;retrieval:candidates,REVIEW_CANDIDATES
overture,fueling_station,25,0.000880467704444601,psic,rev5,,,exact,,,category,fueling station,,,,,H|523|522|5229|5231,Transportation and Storage || Intermediation service activities for transportation || Support activities for transportation || Other support activities for transportation || Intermediation service activities for freight transportation,0.065020|0.062085|0.057335|0.055094|0.054844,0.065020,semantic:raw_category;retrieval:candidates,REVIEW_CANDIDATES
overture,food_beverage_distributor,25,0.000880467704444601,psic,rev5,,,exact,,,category,food beverage distributor,,,,,56|5630|563|564|56400,Food and Beverage Service Activities || Beverage serving activities || Beverage serving activities || Intermediation service activities for food and beverage services activities || Intermediation service activities for food and beverage services activities,0.440881|0.324240|0.324240|0.314592|0.314592,0.440881,semantic:raw_category;retrieval:candidates,REVIEW_CANDIDATES
osm,amenity=police,24,0.0008452489962668169,psic,rev5,,,exact,,,category,police amenity,,,,,841|9492|94920|842|8019,"Administration of the State and the economic, social and environmental policies of the community || Activities of political organizations || Activities of political organizations || Provision of services to the community as a whole || Security activities n.e.c.",0.102508|0.076420|0.076420|0.062888|0.034871,0.102508,semantic:raw_category;retrieval:candidates,REVIEW_CANDIDATES
overture,shoe_store,24,0.0008452489962668169,psic,rev5,,,exact,,,category,retail sale shoe,47,Retail Trade,,,4721|47217|47761|47219|4751,"Retail sale of food || Retail sale of salt || Retail sale of pet || Retail sale of food, n.e.c. || Retail sale of textiles",0.425117|0.400650|0.394719|0.382184|0.380941,0.425117,semantic:overture:store_suffix;retrieval:candidates,REVIEW_CANDIDATES
overture,family_practice,24,0.0008452489962668169,psic,rev5,,,exact,,,category,family practice,,,,,0620|062|06200|T|06100,Extraction of natural gas || Extraction of natural gas || Extraction of natural gas || Other Service Activities || Extraction of crude petroleum,0.038254|0.038254|0.038254|0.030810|0.030205,0.038254,semantic:raw_category;retrieval:candidates,REVIEW_CANDIDATES
osm,shop=beauty,23,0.0008100302880890329,psic,rev5,,,exact,,,category,retail sale beauty,47,Retail Trade,,,4721|47217|47761|47219|4751,"Retail sale of food || Retail sale of salt || Retail sale of pet || Retail sale of food, n.e.c. || Retail sale of textiles",0.413335|0.388286|0.381930|0.375590|0.374004,0.413335,semantic:osm:shop;retrieval:candidates,REVIEW_CANDIDATES
overture,hvac_service,23,0.0008100302880890329,psic,rev5,,,exact,,,category,hvac service,,,,,T|96|5629|56290|9690,Other Service Activities || Personal Service Activities || Other food service activities || Other food service activities || Other personal service activities n.e.c.,0.446810|0.385399|0.373173|0.373173|0.326521,0.446810,semantic:raw_category;retrieval:candidates,REVIEW_CANDIDATES
overture,jewelry_store,23,0.0008100302880890329,psic,rev5,,,exact,,,category,retail sale jewelry,47,Retail Trade,,,47734|4721|47217|47761|47219,"Retail sale of jewelry, watches and clocks || Retail sale of food || Retail sale of salt || Retail sale of pet || Retail sale of food, n.e.c.",0.516930|0.416910|0.391283|0.384703|0.379987,0.516930,semantic:overture:store_suffix;retrieval:candidates,REVIEW_CANDIDATES
osm,amenity=fire_station,22,0.0007748115799112488,psic,rev5,,,exact,,,category,fire station amenity,,,,,H|523|522|5229|5231,Transportation and Storage || Intermediation service activities for transportation || Support activities for transportation || Other support activities for transportation || Intermediation service activities for freight transportation,0.050557|0.048275|0.044582|0.042839|0.042644,0.050557,semantic:raw_category;retrieval:candidates,REVIEW_CANDIDATES
osm,leisure=resort,22,0.0007748115799112488,psic,rev5,,,exact,,,category,resort leisure,,,,,30129|3012|51|30|309,"Manufacture of pleasure and sporting boats, n.e.c. || Building of pleasure and sporting boats || Air Transport || Manufacture of Other Transport Equipment || Manufacture of transport equipment n.e.c.",0.050200|0.046823|0.028236|0.027373|0.026511,0.050200,semantic:raw_category;retrieval:candidates,REVIEW_CANDIDATES
osm,office=it,22,0.0007748115799112488,psic,rev5,,,exact,,,category,it professional service activities,,,,,T|96|94120|9412|N,"Other Service Activities || Personal Service Activities || Activities of professional membership organizations || Activities of professional membership organizations || Professional, Scientific, and Technical Activities",0.424069|0.411469|0.407387|0.407387|0.382576,0.424069,semantic:raw_category;retrieval:candidates,REVIEW_CANDIDATES
overture,sports_and_recreation,22,0.0007748115799112488,psic,rev5,,,exact,,,category,sports and recreation,,,SUBTREE,S,S|93|932|9329|93299,"Arts, Sports and Recreation || Sports Activities and Amusement And Recreation Activities || Amusement and recreation activities || Other amusement and recreation activities || Other amusement and recreation activities, n.e.c.",0.810557|0.536626|0.471011|0.432324|0.417745,0.810557,semantic:raw_category;retrieval:strong_separated_hit,REVIEW_REQUIRED
overture,preschool,22,0.0007748115799112488,psic,rev5,,,exact,,,category,preschool,,,,,0722|07229|21003|21|21002,"Mining of precious metals || Mining of precious metals, n.e.c. || Preparation of botanical products for pharmaceutical use || Manufacture of Basic Pharmaceutical Products and Pharmaceutical Preparations || Manufacture of medical impregnated wadding, gauze, bandages, dressings and similar products",0.018299|0.016667|0.013351|0.010551|0.007188,0.018299,semantic:raw_category;retrieval:candidates,REVIEW_CANDIDATES
overture,installment_loans,22,0.0007748115799112488,psic,rev5,,,exact,,,category,installment loans,,,,,33200|3320|332|33|78101,"Installation of industrial machinery and equipment || Installation of industrial machinery and equipment || Installation of industrial machinery and equipment || Repair, Maintenance and Installation of Machinery and Equipment || Local employment recruitment and placement activities",0.131477|0.131477|0.131477|0.119473|0.040513,0.131477,semantic:raw_category;retrieval:candidates,REVIEW_CANDIDATES
overture,chinese_restaurant,22,0.0007748115799112488,psic,rev5,,,exact,,,category,restaurants and mobile food service activities,561,Restaurants and mobile food service activities,,,561|5610|56109|56101|56103,"Restaurants and mobile food service activities || Restaurants and mobile food service activities || Restaurants and mobile food service activities, n.e.c. || Full-service restaurants activities || Activities of buffet restaurants",1.000000|1.000000|0.975297|0.355586|0.327040,1.000000,semantic:overture:restaurant_suffix;retrieval:candidates,REVIEW_CANDIDATES
overture,medical_supply_store,22,0.0007748115799112488,psic,rev5,,,exact,,,category,retail sale medical supply,47,Retail Trade,,,4721|47217|47761|47219|4751,"Retail sale of food || Retail sale of salt || Retail sale of pet || Retail sale of food, n.e.c. || Retail sale of textiles",0.389146|0.365837|0.359981|0.352744|0.351333,0.389146,semantic:overture:store_suffix;retrieval:candidates,REVIEW_CANDIDATES
overture,b2b_water_treatment_service,22,0.0007748115799112488,psic,rev5,,,exact,,,category,b2b water treatment service,,,,,3600|36|360|36002|382,"Water collection, treatment and supply || Water Collection, Treatment and Supply || Water collection, treatment and supply || Water collection, treatment and supply, except desalting of sea or ground water || Waste treatment and disposal",0.462606|0.462606|0.462606|0.355926|0.336831,0.462606,semantic:raw_category;retrieval:candidates,REVIEW_CANDIDATES
overture,it_service_and_computer_repair,22,0.0007748115799112488,psic,rev5,,,exact,,,category,it service and computer repair,,,,,6290|629|62900|62200|622,Other information technology and computer service activities || Other information technology and computer service activities || Other information technology and computer service activities || Computer consultancy and computer facilities management activities || Computer consultancy and computer facilities management activities,0.380895|0.380895|0.380895|0.371784|0.371784,0.380895,semantic:raw_category;retrieval:candidates,REVIEW_CANDIDATES
osm,leisure=beach_resort,21,0.0007395928717334648,psic,rev5,,,exact,,,category,beach resort leisure,,,,,30129|3012|51|30|309,"Manufacture of pleasure and sporting boats, n.e.c. || Building of pleasure and sporting boats || Air Transport || Manufacture of Other Transport Equipment || Manufacture of transport equipment n.e.c.",0.039908|0.037223|0.022447|0.021761|0.021075,0.039908,semantic:raw_category;retrieval:candidates,REVIEW_CANDIDATES
osm,amenity=reception_desk,21,0.0007395928717334648,psic,rev5,,,exact,,,category,reception desk amenity,,,,,932|9329|93299|93|801,"Amusement and recreation activities || Other amusement and recreation activities || Other amusement and recreation activities, n.e.c. || Sports Activities and Amusement And Recreation Activities || Investigation and security activities",0.047654|0.046036|0.042573|0.039949|0.033745,0.047654,semantic:raw_category;retrieval:candidates,REVIEW_CANDIDATES
osm,shop=department_store,21,0.0007395928717334648,psic,rev5,,,exact,,,category,retail sale department store,47,Retail Trade,EXACT,47191,47191|4721|47217|47761|47219,"Retail selling in department stores || Retail sale of food || Retail sale of salt || Retail sale of pet || Retail sale of food, n.e.c.",0.541361|0.364212|0.340993|0.334857|0.334592,0.541361,semantic:osm:shop;retrieval:strong_separated_hit,REVIEW_REQUIRED
osm,man_made=mast,21,0.0007395928717334648,psic,rev5,,,exact,,,category,mast man made,,,,,47513|46413|47|46|G,"Retail sale of made-up textile goods || Wholesale of made-up textile goods, except wearing apparel || Retail Trade || Wholesale Trade || Wholesale and Retail Trade",0.149488|0.116183|0.056313|0.051062|0.043907,0.149488,semantic:raw_category;retrieval:candidates,REVIEW_CANDIDATES
overture,tire_dealer_and_repair,21,0.0007395928717334648,psic,rev5,,,exact,,,category,tire dealer and repair,,,,,33120|3312|95231|95320|9532,Repair and maintenance of machinery || Repair and maintenance of machinery || Repair and maintenance of footwear || Repair and maintenance of motorcycles || Repair and maintenance of motorcycles,0.323972|0.323972|0.303822|0.303488|0.303488,0.323972,semantic:raw_category;retrieval:candidates,REVIEW_CANDIDATES
overture,dessert_shop,21,0.0007395928717334648,psic,rev5,,,exact,,,category,dessert shop,,,,,82300|8230|823|0161|01619,"Organization of conventions and trade shows || Organization of conventions and trade shows || Organization of conventions and trade shows || Support activities for crop production || Support activities for crop production, n.e.c.",0.032411|0.032411|0.032411|0.027084|0.024068,0.032411,semantic:raw_category;retrieval:candidates,REVIEW_CANDIDATES
osm,shop=laundry,20,0.0007043741635556807,psic,rev5,,,exact,,,category,retail sale laundry,47,Retail Trade,,,4721|47217|47761|47219|4751,"Retail sale of food || Retail sale of salt || Retail sale of pet || Retail sale of food, n.e.c. || Retail sale of textiles",0.393183|0.368895|0.362634|0.358739|0.357092,0.393183,semantic:osm:shop;retrieval:candidates,REVIEW_CANDIDATES
osm,amenity=dentist | healthcare=dentist,20,0.0007043741635556807,psic,rev5,,,exact,,,category,medical and dental practice activities,862,Medical and dental practice activities,,,862|86210|8621|8622|86229,"Medical and dental practice activities || Public medical and dental practice activities || Public medical and dental practice activities || Private medical and dental practice activities || Private medical and dental practice activities, n.e.c.",1.000000|0.888677|0.888677|0.882239|0.856952,1.000000,semantic:osm:amenity=dentist;retrieval:candidates,REVIEW_CANDIDATES
overture,airport,20,0.0007043741635556807,psic,rev5,,,exact,,,category,airport,,,,,49427|51|512|5120|511,Operation of airport shuttles || Air Transport || Freight air transport || Freight air transport || Passenger air transport,0.511587|0.106231|0.075877|0.075877|0.070640,0.511587,semantic:raw_category;retrieval:candidates,REVIEW_CANDIDATES
overture,soup_restaurant,20,0.0007043741635556807,psic,rev5,,,exact,,,category,restaurants and mobile food service activities,561,Restaurants and mobile food service activities,,,561|5610|56109|56101|56103,"Restaurants and mobile food service activities || Restaurants and mobile food service activities || Restaurants and mobile food service activities, n.e.c. || Full-service restaurants activities || Activities of buffet restaurants",1.000000|1.000000|0.975297|0.355586|0.327040,1.000000,semantic:overture:restaurant_suffix;retrieval:candidates,REVIEW_CANDIDATES
overture,diner,20,0.0007043741635556807,psic,rev5,,,exact,,,category,diner,,,,,28243|28242|28|2819|28199,"Manufacture of other construction machinery || Manufacture of other mining, quarrying and mineral-processing machinery || Manufacture of Machinery and Equipment n.e.c. || Manufacture of other general-purpose machinery || Manufacture of other general-purpose machinery, n.e.c.",0.041258|0.039707|0.037533|0.036579|0.034236,0.041258,semantic:raw_category;retrieval:candidates,REVIEW_CANDIDATES
overture,corporate_or_business_office,20,0.0007043741635556807,psic,rev5,,,exact,,,category,corporate or business office,,,,,82|829|8299|82990|7020,"Office Administrative, Office Support and Other Business Support Activities || Business support service activities n.e.c. || Other business support service activities n.e.c. || Other business support service activities n.e.c. || Business and other management consultancy activities",0.419947|0.319009|0.291031|0.291031|0.236524,0.419947,semantic:raw_category;retrieval:candidates,REVIEW_CANDIDATES
overture,library,20,0.0007043741635556807,psic,rev5,,,exact,,,category,library,,,,,91110|9111|911|91|75000,"Library activities || Library activities || Library and archive activities || Library, Archives, Museum and Other Cultural Activities || Veterinary activities",0.765781|0.765781|0.523319|0.356829|0.022464,0.765781,semantic:raw_category;retrieval:candidates,REVIEW_CANDIDATES
overture,eyewear_store,20,0.0007043741635556807,psic,rev5,,,exact,,,category,retail sale eyewear,47,Retail Trade,EXACT,47736,47736|47712|4721|47217|47761,Retail sale of eyewear and related supplies and accessories || Retail sale of footwear || Retail sale of food || Retail sale of salt || Retail sale of pet,0.541952|0.402262|0.389575|0.365837|0.359786,0.541952,semantic:overture:store_suffix;retrieval:strong_separated_hit,REVIEW_REQUIRED
overture,advertising_agency,20,0.0007043741635556807,psic,rev5,,,exact,,,category,advertising agency,,,,,73101|7310|731|73109|73102,"Activities of advertising agency, except billboard and outdoor advertising activities || Advertising activities || Advertising activities || Advertising activities, n.e.c. || Billboard and outdoor advertising activities",0.575170|0.529195|0.529195|0.498281|0.293651,0.575170,semantic:raw_category;retrieval:candidates,REVIEW_CANDIDATES
overture,contractor,20,0.0007043741635556807,psic,rev5,,,exact,,,category,contractor,,,,,06200|0620|062|06100|0610,Extraction of natural gas || Extraction of natural gas || Extraction of natural gas || Extraction of crude petroleum || Extraction of crude petroleum,0.051184|0.051184|0.051184|0.040415|0.040415,0.051184,semantic:raw_category;retrieval:candidates,REVIEW_CANDIDATES
overture,animal_or_pet_service,20,0.0007043741635556807,psic,rev5,,,exact,,,category,animal or pet service,,,,,96902|014|01|0162|01623,"Pet care services || Animal production || Crop and Animal Production, Hunting and Related Service Activities || Support activities for animal production || Farm management services for animal production",0.393895|0.381645|0.283298|0.270428|0.258672,0.393895,semantic:raw_category;retrieval:candidates,REVIEW_CANDIDATES
overture,industrial_equipment_manufacturer,20,0.0007043741635556807,psic,rev5,,,exact,,,category,industrial equipment manufacturer,,,,,28195|27|309|27402|30,"Manufacture of fans intended for industrial applications, exhaust hoods for commercial, laboratory or industrial use || Manufacture of Electrical Equipment || Manufacture of transport equipment n.e.c. || Manufacture of lighting equipment for transportation equipment || Manufacture of Other Transport Equipment",0.319421|0.284814|0.277210|0.277165|0.273970,0.319421,semantic:raw_category;retrieval:candidates,REVIEW_CANDIDATES
osm,amenity=community_centre,19,0.0006691554553778967,psic,rev5,,,exact,,,category,community centre amenity,,,,,842|841|61|619|61900,"Provision of services to the community as a whole || Administration of the State and the economic, social and environmental policies of the community || Telecommunications || Other telecommunication activities || Other telecommunication activities",0.353055|0.237530|0.090082|0.084513|0.084513,0.353055,semantic:raw_category;retrieval:candidates,REVIEW_CANDIDATES
osm,shop=doityourself,19,0.0006691554553778967,psic,rev5,,,exact,,,category,retail sale doityourself,47,Retail Trade,,,4721|47217|47219|4751|47761,"Retail sale of food || Retail sale of salt || Retail sale of food, n.e.c. || Retail sale of textiles || Retail sale of pet",0.543264|0.507681|0.502095|0.499212|0.498083,0.543264,semantic:osm:shop;retrieval:candidates,REVIEW_CANDIDATES
osm,leisure=sports_centre,19,0.0006691554553778967,psic,rev5,,,exact,,,category,sports centre leisure,,,,,931|9319|93199|93120|9312,"Sports activities || Other sports activities || Other sports activities, n.e.c. || Activities of sports clubs || Activities of sports clubs",0.551357|0.443621|0.412472|0.356528|0.356528,0.551357,semantic:raw_category;retrieval:candidates,REVIEW_CANDIDATES
osm,amenity=atm,19,0.0006691554553778967,psic,rev5,,,exact,,,category,atm amenity,,,,,842|841|8019|80190|80111,"Provision of services to the community as a whole || Administration of the State and the economic, social and environmental policies of the community || Security activities n.e.c. || Security activities n.e.c. || Private security activities",0.080383|0.050809|0.046986|0.046986|0.041793,0.080383,semantic:raw_category;retrieval:candidates,REVIEW_CANDIDATES
overture,department_store,19,0.0006691554553778967,psic,rev5,,,exact,,,category,retail sale department,47,Retail Trade,EXACT,47191,47191|4721|47217|47761|47219,"Retail selling in department stores || Retail sale of food || Retail sale of salt || Retail sale of pet || Retail sale of food, n.e.c.",0.511891|0.380002|0.356460|0.350377|0.346930,0.511891,semantic:overture:store_suffix;retrieval:strong_separated_hit,REVIEW_REQUIRED
overture,outpatient_care_facility,19,0.0006691554553778967,psic,rev5,,,exact,,,category,outpatient care facility,,,,,87|879|8799|8710|871,Residential Care Activities || Other residential care activities || Other residential care activities n.e.c. || Residential nursing care activities || Residential nursing care activities,0.363068|0.309309|0.304510|0.265254|0.265254,0.363068,semantic:raw_category;retrieval:candidates,REVIEW_CANDIDATES
overture,event_photography_service,19,0.0006691554553778967,psic,rev5,,,exact,,,category,event photography service,,,,,562|56210|5621|T|96,Event catering and other food service activities || Event catering activities || Event catering activities || Other Service Activities || Personal Service Activities,0.334121|0.310206|0.310206|0.177618|0.150605,0.334121,semantic:raw_category;retrieval:candidates,REVIEW_CANDIDATES
overture,martial_arts_club,19,0.0006691554553778967,psic,rev5,,,exact,,,category,martial arts club,,,,,90|901|903|90390|9039,Arts Creation and Performing Arts Activities || Arts creation activities || Support activities to arts creation and performing arts || Other support activities to arts creation and performing arts || Other support activities to arts creation and performing arts,0.400821|0.380894|0.357829|0.344150|0.344150,0.400821,semantic:raw_category;retrieval:candidates,REVIEW_CANDIDATES
osm,shop=gift,18,0.0006339367472001127,psic,rev5,,,exact,,,category,retail sale gift,47,Retail Trade,EXACT,47192,47192|4721|47217|47761|47219,"Retail sale of gift and novelty goods || Retail sale of food || Retail sale of salt || Retail sale of pet || Retail sale of food, n.e.c.",0.541456|0.418616|0.394283|0.388330|0.377104,0.541456,semantic:osm:shop;retrieval:strong_separated_hit,REVIEW_REQUIRED
osm,man_made=works,18,0.0006339367472001127,psic,rev5,,,exact,,,category,works man made,,,,,47513|46413|R|88|8890,"Retail sale of made-up textile goods || Wholesale of made-up textile goods, except wearing apparel || Human Health and Social Work Activities || Social Work Activities Without Accommodation || Other social work activities without accommodation",0.128771|0.100014|0.084874|0.055320|0.053996,0.128771,semantic:raw_category;retrieval:candidates,REVIEW_CANDIDATES
overture,agricultural_service,18,0.0006339367472001127,psic,rev5,,,exact,,,category,agricultural service,,,,,T|96|A|969|9690,"Other Service Activities || Personal Service Activities || Agriculture, Forestry and Fishing || Other personal service activities n.e.c. || Other personal service activities n.e.c.",0.246265|0.213782|0.193887|0.181358|0.181358,0.246265,semantic:raw_category;retrieval:candidates,REVIEW_CANDIDATES
overture,bus_station,18,0.0006339367472001127,psic,rev5,,,exact,,,category,bus station,,,,,49201|49202|49203|52211|H,"Inter-regional bus transport operation || Intra-regional bus transport operation || Non-scheduled and chartered bus operation || Operation of terminal facilities such as bus terminals, jeepney terminals and tricycle terminals || Transportation and Storage",0.229511|0.225578|0.205660|0.130952|0.074210,0.229511,semantic:raw_category;retrieval:candidates,REVIEW_CANDIDATES
overture,italian_restaurant,18,0.0006339367472001127,psic,rev5,,,exact,,,category,restaurants and mobile food service activities,561,Restaurants and mobile food service activities,,,561|5610|56109|56101|56103,"Restaurants and mobile food service activities || Restaurants and mobile food service activities || Restaurants and mobile food service activities, n.e.c. || Full-service restaurants activities || Activities of buffet restaurants",1.000000|1.000000|0.975297|0.355586|0.327040,1.000000,semantic:overture:restaurant_suffix;retrieval:candidates,REVIEW_CANDIDATES
overture,theme_restaurant,18,0.0006339367472001127,psic,rev5,,,exact,,,category,restaurants and mobile food service activities,561,Restaurants and mobile food service activities,,,561|5610|56109|56101|56103,"Restaurants and mobile food service activities || Restaurants and mobile food service activities || Restaurants and mobile food service activities, n.e.c. || Full-service restaurants activities || Activities of buffet restaurants",1.000000|1.000000|0.975297|0.355586|0.327040,1.000000,semantic:overture:restaurant_suffix;retrieval:candidates,REVIEW_CANDIDATES
overture,massage_therapy,18,0.0006339367472001127,psic,rev5,,,exact,,,category,massage therapy,,,,,37|37000|370|3700|563,Sewerage || Sewerage || Sewerage || Sewerage || Beverage serving activities,0.042821|0.042821|0.042821|0.042821|0.036328,0.042821,semantic:raw_category;retrieval:candidates,REVIEW_CANDIDATES
overture,shipping_center,18,0.0006339367472001127,psic,rev5,,,exact,,,category,shipping center,,,,,50113|949|94990|9499|94,"Renting of ship, with operator || Activities of other membership organizations || Activities of other membership organizations n.e.c. || Activities of other membership organizations n.e.c. || Activities of Membership Organizations",0.067804|0.024154|0.023218|0.023218|0.023057,0.067804,semantic:raw_category;retrieval:candidates,REVIEW_CANDIDATES
osm,shop=massage,17,0.0005987180390223287,psic,rev5,,,exact,,,category,retail sale massage,47,Retail Trade,,,4721|47217|47219|4751|47761,"Retail sale of food || Retail sale of salt || Retail sale of food, n.e.c. || Retail sale of textiles || Retail sale of pet",0.545712|0.510079|0.504008|0.501145|0.500489,0.545712,semantic:osm:shop;retrieval:candidates,REVIEW_CANDIDATES
overture,lounge,17,0.0005987180390223287,psic,rev5,,,exact,,,category,lounge,,,,,56301|022|0220|02209|37000,"Operation of nightclubs, bars and cocktail lounges || Logging || Logging || Logging, n.e.c. || Sewerage",0.148153|0.018590|0.018590|0.015704|0.015601,0.148153,semantic:raw_category;retrieval:candidates,REVIEW_CANDIDATES
overture,nursery_and_gardening_store,17,0.0005987180390223287,psic,rev5,,,exact,,,category,retail sale nursery and gardening,47,Retail Trade,,,4721|47219|47217|4751|47401,"Retail sale of food || Retail sale of food, n.e.c. || Retail sale of salt || Retail sale of textiles || Retail sale of computers",0.485675|0.454780|0.452002|0.451644|0.449013,0.485675,semantic:overture:store_suffix;retrieval:candidates,REVIEW_CANDIDATES
overture,bookstore,17,0.0005987180390223287,psic,rev5,,,exact,,,category,bookstore,,,,,52103|07221|07291|H|07222,"Operation of cold storages, refrigerated warehouses or cool stores || Gold ore mining || Copper ore mining || Transportation and Storage || Silver ore mining",0.060005|0.039473|0.034936|0.034220|0.033941,0.060005,semantic:raw_category;retrieval:candidates,REVIEW_CANDIDATES
overture,hair_salon,17,0.0005987180390223287,psic,rev5,,,exact,,,category,hair salon,,,,,51|512|5120|511|5110,Air Transport || Freight air transport || Freight air transport || Passenger air transport || Passenger air transport,0.044377|0.031697|0.031697|0.029509|0.029509,0.044377,semantic:raw_category;retrieval:candidates,REVIEW_CANDIDATES
overture,tour_operator,17,0.0005987180390223287,psic,rev5,,,exact,,,category,tour operator,,,,,79120|7912|791|79|440,"Tour operator activities || Tour operator activities || Travel agency and tour operator activities || Travel Agency, Tour Operator, and Other Travel Related Activities || Renting of construction machinery and equipment with operator",0.868839|0.868839|0.587774|0.437065|0.212084,0.868839,semantic:raw_category;retrieval:candidates,REVIEW_CANDIDATES
overture,private_school,17,0.0005987180390223287,psic,rev5,,,exact,,,category,private school,,,,,98200|9820|982|98100|9810,Undifferentiated service-producing activities of private households for own use || Undifferentiated service-producing activities of private households for own use || Undifferentiated service-producing activities of private households for own use || Undifferentiated goods-producing activities of private households for their own use || Undifferentiated goods-producing activities of private households for their own use,0.156595|0.156595|0.156595|0.146969|0.146969,0.156595,semantic:raw_category;retrieval:candidates,REVIEW_CANDIDATES
overture,sport_league,17,0.0005987180390223287,psic,rev5,,,exact,,,category,sport league,,,,,931|9319|51|93199|50,"Sports activities || Other sports activities || Air Transport || Other sports activities, n.e.c. || Water Transport",0.127399|0.114934|0.099055|0.094725|0.092130,0.127399,semantic:raw_category;retrieval:candidates,REVIEW_CANDIDATES
osm,shop=trade,16,0.0005634993308445447,psic,rev5,,,exact,,,category,retail sale trade,47,Retail Trade,SUBTREE,47,47|4721|47217|47761|47219,"Retail Trade || Retail sale of food || Retail sale of salt || Retail sale of pet || Retail sale of food, n.e.c.",0.687212|0.485936|0.457609|0.450661|0.438004,0.687212,semantic:osm:shop;retrieval:strong_separated_hit,REVIEW_REQUIRED
osm,tourism=museum,16,0.0005634993308445447,psic,rev5,,,exact,,,category,museum tourism,,,,,91210|9121|91|912|79901,"Museum and collection activities || Museum and collection activities || Library, Archives, Museum and Other Cultural Activities || Museum, collection, historical site and monument activities || Activities of independent tourist guides",0.465785|0.465785|0.312722|0.273130|0.112312,0.465785,semantic:raw_category;retrieval:candidates,REVIEW_CANDIDATES
osm,shop=computer,16,0.0005634993308445447,psic,rev5,,,exact,,,category,retail sale computer,47,Retail Trade,,,47401|47402|4721|47217|47761,Retail sale of computers || Retail sale of computer peripheral equipment || Retail sale of food || Retail sale of salt || Retail sale of pet,0.617402|0.566098|0.465985|0.437907|0.430817,0.617402,semantic:osm:shop;retrieval:candidates,REVIEW_CANDIDATES
osm,amenity=studio,16,0.0005634993308445447,psic,rev5,,,exact,,,category,studio amenity,,,,,842|841|8019|80190|80111,"Provision of services to the community as a whole || Administration of the State and the economic, social and environmental policies of the community || Security activities n.e.c. || Security activities n.e.c. || Private security activities",0.051588|0.035288|0.030155|0.030155|0.026822,0.051588,semantic:raw_category;retrieval:candidates,REVIEW_CANDIDATES
overture,medical_service_organization,16,0.0005634993308445447,psic,rev5,,,exact,,,category,medical service organization,,,,,94920|9492|T|94|94910,Activities of political organizations || Activities of political organizations || Other Service Activities || Activities of Membership Organizations || Activities of religious organizations,0.207495|0.207495|0.205684|0.182349|0.178815,0.207495,semantic:raw_category;retrieval:candidates,REVIEW_CANDIDATES
overture,agriculture,16,0.0005634993308445447,psic,rev5,,,exact,,,category,agriculture,,,,,A|016|01493|01491|032,"Agriculture, Forestry and Fishing || Support activities to agriculture and post-harvest crop activities || Vermiculture || Sericulture (silkworm culture for the production of cocoon) || Aquaculture",0.505701|0.365642|0.151339|0.134805|0.120121,0.505701,semantic:raw_category;retrieval:candidates,REVIEW_CANDIDATES
overture,public_school,16,0.0005634993308445447,psic,rev5,,,exact,,,category,public school,,,,,73300|7330|733|84115|8411,Public relations activities || Public relations activities || Public relations activities || Public finance management || General public administration activities,0.290776|0.290776|0.290776|0.242871|0.225722,0.290776,semantic:raw_category;retrieval:candidates,REVIEW_CANDIDATES
overture,sportswear_store,16,0.0005634993308445447,psic,rev5,,,exact,,,category,retail sale sportswear,47,Retail Trade,,,47712|4721|47217|47219|4751,"Retail sale of footwear || Retail sale of food || Retail sale of salt || Retail sale of food, n.e.c. || Retail sale of textiles",0.557296|0.545293|0.509669|0.503681|0.500815,0.557296,semantic:overture:store_suffix;retrieval:candidates,REVIEW_CANDIDATES
overture,b2b_energy_and_utility_service,16,0.0005634993308445447,psic,rev5,,,exact,,,category,b2b energy and utility service,,,,,T|96|5629|56290|09,Other Service Activities || Personal Service Activities || Other food service activities || Other food service activities || Mining Support Service Activities,0.188659|0.159571|0.157726|0.157726|0.136548,0.188659,semantic:raw_category;retrieval:candidates,REVIEW_CANDIDATES
osm,shop=furniture,15,0.0005282806226667606,psic,rev5,,,exact,,,category,retail sale furniture,47,Retail Trade,,,4721|47217|47761|47219|4751,"Retail sale of food || Retail sale of salt || Retail sale of pet || Retail sale of food, n.e.c. || Retail sale of textiles",0.468462|0.439728|0.432364|0.426778|0.424877,0.468462,semantic:osm:shop;retrieval:candidates,REVIEW_CANDIDATES
osm,shop=hairdresser,15,0.0005282806226667606,psic,rev5,,,exact,,,category,retail sale hairdresser,47,Retail Trade,,,4721|47219|47217|4751|47401,"Retail sale of food || Retail sale of food, n.e.c. || Retail sale of salt || Retail sale of textiles || Retail sale of computers",0.506044|0.473011|0.471224|0.469823|0.467040,0.506044,semantic:osm:shop;retrieval:candidates,REVIEW_CANDIDATES
osm,shop=variety_store,15,0.0005282806226667606,psic,rev5,,,exact,,,category,retail sale variety store,47,Retail Trade,,,4721|47217|47219|4751|47401,"Retail sale of food || Retail sale of salt || Retail sale of food, n.e.c. || Retail sale of textiles || Retail sale of computers",0.519137|0.484048|0.483242|0.480162|0.477208,0.519137,semantic:osm:shop;retrieval:candidates,REVIEW_CANDIDATES
osm,office=association,15,0.0005282806226667606,psic,rev5,,,exact,,,category,association professional service activities,,,,,T|96|94120|9412|N,"Other Service Activities || Personal Service Activities || Activities of professional membership organizations || Activities of professional membership organizations || Professional, Scientific, and Technical Activities",0.387828|0.376482|0.370831|0.370831|0.343481,0.387828,semantic:raw_category;retrieval:candidates,REVIEW_CANDIDATES
osm,shop=shoes,15,0.0005282806226667606,psic,rev5,,,exact,,,category,retail sale shoes,47,Retail Trade,,,4721|47217|47761|4751|47219,"Retail sale of food || Retail sale of salt || Retail sale of pet || Retail sale of textiles || Retail sale of food, n.e.c.",0.414633|0.390382|0.384415|0.374239|0.373992,0.414633,semantic:osm:shop;retrieval:candidates,REVIEW_CANDIDATES
overture,nail_salon,15,0.0005282806226667606,psic,rev5,,,exact,,,category,nail salon,,,,,47217|4721|47761|4751|47219,"Retail sale of salt || Retail sale of food || Retail sale of pet || Retail sale of textiles || Retail sale of food, n.e.c.",0.072339|0.060183|0.059153|0.047521|0.047028,0.072339,semantic:raw_category;retrieval:candidates,REVIEW_CANDIDATES
overture,religious_school,15,0.0005282806226667606,psic,rev5,,,exact,,,category,religious school,,,,,15201|73300|733|7330|15,"Manufacture of formal footwear such as dress shoes, school shoes and office shoes || Public relations activities || Public relations activities || Public relations activities || Manufacture of Leather and Related Products",0.150891|0.016125|0.016125|0.016125|0.014263,0.150891,semantic:raw_category;retrieval:candidates,REVIEW_CANDIDATES
overture,optometry,15,0.0005282806226667606,psic,rev5,,,exact,,,category,optometry,,,,,26513|26701|2680|26800|268,Manufacture of temperature measuring and controlling hygrometric instruments || Manufacture of optical instruments and non-photographic optical lenses || Manufacture of magnetic and optical media || Manufacture of magnetic and optical media || Manufacture of magnetic and optical media,0.042706|0.026577|0.024957|0.024957|0.024957,0.042706,semantic:raw_category;retrieval:candidates,REVIEW_CANDIDATES
overture,appliance_store,15,0.0005282806226667606,psic,rev5,,,exact,,,category,retail sale appliance,47,Retail Trade,,,47593|4721|47217|47761|47219,"Retail sale of household appliances || Retail sale of food || Retail sale of salt || Retail sale of pet || Retail sale of food, n.e.c.",0.475483|0.408040|0.383924|0.377935|0.368840,0.475483,semantic:overture:store_suffix;retrieval:candidates,REVIEW_CANDIDATES
overture,language_school,15,0.0005282806226667606,psic,rev5,,,exact,,,category,language school,,,,,494|370|37|3700|37000,Other land transport || Sewerage || Sewerage || Sewerage || Sewerage,0.042394|0.037263|0.037263|0.037263|0.037263,0.042394,semantic:raw_category;retrieval:candidates,REVIEW_CANDIDATES
overture,caterer,15,0.0005282806226667606,psic,rev5,,,exact,,,category,caterer,,,,,50|2599|502|25931|25,"Water Transport || Manufacture of other fabricated metal products n.e.c. || Inland water transport || Manufacture of cutlery and related articles, made of fabricated metal || Manufacture of Fabricated Metal Products, Except Machinery and Equipment",0.038207|0.037365|0.028975|0.027984|0.027401,0.038207,semantic:raw_category;retrieval:candidates,REVIEW_CANDIDATES
overture,water_utility_provider,15,0.0005282806226667606,psic,rev5,,,exact,,,category,water utility provider,,,,,50|502|50220|5022|5021,Water Transport || Inland water transport || Inland freight water transport || Inland freight water transport || Inland passenger water transport,0.295886|0.208523|0.171593|0.171593|0.170519,0.295886,semantic:raw_category;retrieval:candidates,REVIEW_CANDIDATES
overture,legal_service,15,0.0005282806226667606,psic,rev5,,,exact,,,category,legal service,,,,,6910|69100|691|69|T,Legal activities || Legal activities || Legal activities || Legal and Accounting Activities || Other Service Activities,0.649959|0.649959|0.649959|0.416159|0.263837,0.649959,semantic:raw_category;retrieval:candidates,REVIEW_CANDIDATES
osm,amenity=clinic,14,0.0004930619144889766,psic,rev5,,,exact,,,category,medical and dental practice activities,862,Medical and dental practice activities,,,862|86210|8621|8622|86229,"Medical and dental practice activities || Public medical and dental practice activities || Public medical and dental practice activities || Private medical and dental practice activities || Private medical and dental practice activities, n.e.c.",1.000000|0.888677|0.888677|0.882239|0.856952,1.000000,semantic:osm:amenity=clinic;retrieval:candidates,REVIEW_CANDIDATES
osm,amenity=doctors,14,0.0004930619144889766,psic,rev5,,,exact,,,category,medical and dental practice activities,862,Medical and dental practice activities,,,862|86210|8621|8622|86229,"Medical and dental practice activities || Public medical and dental practice activities || Public medical and dental practice activities || Private medical and dental practice activities || Private medical and dental practice activities, n.e.c.",1.000000|0.888677|0.888677|0.882239|0.856952,1.000000,semantic:osm:amenity=doctors;retrieval:candidates,REVIEW_CANDIDATES
osm,tourism=information,14,0.0004930619144889766,psic,rev5,,,exact,,,category,information tourism,,,,,629|62900|6290|6390|639,Other information technology and computer service activities || Other information technology and computer service activities || Other information technology and computer service activities || Web search portals activities and other information service activities || Web search portals activities and other information service activities,0.339356|0.339356|0.339356|0.310280|0.310280,0.339356,semantic:raw_category;retrieval:candidates,REVIEW_CANDIDATES
osm,shop=tyres,14,0.0004930619144889766,psic,rev5,,,exact,,,category,retail sale tyres,47,Retail Trade,,,4721|47217|47761|4751|47219,"Retail sale of food || Retail sale of salt || Retail sale of pet || Retail sale of textiles || Retail sale of food, n.e.c.",0.647823|0.610098|0.600853|0.584257|0.583800,0.647823,semantic:osm:shop;retrieval:candidates,REVIEW_CANDIDATES
osm,shop=ticket,14,0.0004930619144889766,psic,rev5,,,exact,,,category,retail sale ticket,47,Retail Trade,,,4721|47761|47217|47219|4751,"Retail sale of food || Retail sale of pet || Retail sale of salt || Retail sale of food, n.e.c. || Retail sale of textiles",0.536276|0.509202|0.500836|0.496635|0.493695,0.536276,semantic:osm:shop;retrieval:candidates,REVIEW_CANDIDATES
osm,amenity=shelter,14,0.0004930619144889766,psic,rev5,,,exact,,,category,shelter amenity,,,,,842|841|8019|80190|80111,"Provision of services to the community as a whole || Administration of the State and the economic, social and environmental policies of the community || Security activities n.e.c. || Security activities n.e.c. || Private security activities",0.059382|0.037535|0.034710|0.034710|0.030874,0.059382,semantic:raw_category;retrieval:candidates,REVIEW_CANDIDATES
overture,basketball_court,14,0.0004930619144889766,psic,rev5,,,exact,,,category,basketball court,,,,,5320|532|53|53300|5330,Courier activities || Courier activities || Postal and Courier Activities || Intermediation service activities for postal and courier activities || Intermediation service activities for postal and courier activities,0.062053|0.062053|0.049430|0.035149|0.035149,0.062053,semantic:raw_category;retrieval:candidates,REVIEW_CANDIDATES
overture,fashion_and_apparel_store,14,0.0004930619144889766,psic,rev5,,,exact,,,category,retail sale fashion and apparel,47,Retail Trade,,,4721|47217|47761|47219|4751,"Retail sale of food || Retail sale of salt || Retail sale of pet || Retail sale of food, n.e.c. || Retail sale of textiles",0.337646|0.317001|0.311724|0.307393|0.306042,0.337646,semantic:overture:store_suffix;retrieval:candidates,REVIEW_CANDIDATES
overture,home_cleaning,14,0.0004930619144889766,psic,rev5,,,exact,,,category,home cleaning,,,,,07|B|071|07100|0710,Mining of Metal Ores || Mining and Quarrying || Mining of iron ores || Mining of iron ores || Mining of iron ores,0.034240|0.033022|0.032467|0.032467|0.032467,0.034240,semantic:raw_category;retrieval:candidates,REVIEW_CANDIDATES
overture,breakfast_and_brunch_restaurant,14,0.0004930619144889766,psic,rev5,,,exact,,,category,restaurants and mobile food service activities,561,Restaurants and mobile food service activities,,,561|5610|56109|56101|56103,"Restaurants and mobile food service activities || Restaurants and mobile food service activities || Restaurants and mobile food service activities, n.e.c. || Full-service restaurants activities || Activities of buffet restaurants",1.000000|1.000000|0.975297|0.355586|0.327040,1.000000,semantic:overture:restaurant_suffix;retrieval:candidates,REVIEW_CANDIDATES
overture,arts_crafts_and_hobby_store,14,0.0004930619144889766,psic,rev5,,,exact,,,category,retail sale arts crafts and hobby,47,Retail Trade,,,4721|47217|47761|47219|4751,"Retail sale of food || Retail sale of salt || Retail sale of pet || Retail sale of food, n.e.c. || Retail sale of textiles",0.447997|0.420763|0.413834|0.407357|0.405612,0.447997,semantic:overture:store_suffix;retrieval:candidates,REVIEW_CANDIDATES
overture,party_supply_store,14,0.0004930619144889766,psic,rev5,,,exact,,,category,retail sale party supply,47,Retail Trade,,,4721|47217|47761|47219|4751,"Retail sale of food || Retail sale of salt || Retail sale of pet || Retail sale of food, n.e.c. || Retail sale of textiles",0.435508|0.408715|0.401831|0.397009|0.395218,0.435508,semantic:overture:store_suffix;retrieval:candidates,REVIEW_CANDIDATES
overture,engineering_service,14,0.0004930619144889766,psic,rev5,,,exact,,,category,engineering service,,,,,42|71102|71104|42900|429,Civil Engineering || Environmental engineering activities || Other engineering design and consulting activities || Construction of other civil engineering projects || Construction of other civil engineering projects,0.531091|0.425832|0.353148|0.349131|0.349131,0.531091,semantic:raw_category;retrieval:candidates,REVIEW_CANDIDATES
overture,skin_care_and_makeup,14,0.0004930619144889766,psic,rev5,,,exact,,,category,skin care and makeup,,,,,87|879|8799|87999|8710,"Residential Care Activities || Other residential care activities || Other residential care activities n.e.c. || All other residential care activities, n.e.c. || Residential nursing care activities",0.266572|0.232881|0.226507|0.198319|0.197671,0.266572,semantic:raw_category;retrieval:candidates,REVIEW_CANDIDATES
overture,bridal_shop,14,0.0004930619144889766,psic,rev5,,,exact,,,category,bridal shop,,,,,25111|01232|0161|01441|01619,"Manufacture of metal and industrial frameworks or skeletons for construction such as towers, masts, trusses and bridges || Growing of dalandan || Support activities for crop production || Raising and breeding of sheep, including sheep shearing by the owner || Support activities for crop production, n.e.c.",0.047286|0.021596|0.016880|0.016372|0.015001,0.047286,semantic:raw_category;retrieval:candidates,REVIEW_CANDIDATES
overture,mountain,14,0.0004930619144889766,psic,rev5,,,exact,,,category,mountain,,,,,69|69200|692|6920|77100,"Legal and Accounting Activities || Accounting, bookkeeping and auditing activities; tax consultancy || Accounting, bookkeeping and auditing activities; tax consultancy || Accounting, bookkeeping and auditing activities; tax consultancy || Rental and leasing of motor vehicles",0.034640|0.019563|0.019563|0.019563|0.012646,0.034640,semantic:raw_category;retrieval:candidates,REVIEW_CANDIDATES
overture,stadium_arena,13,0.0004578432063111925,psic,rev5,,,exact,,,category,stadium arena,,,,,77291|91|33|91210|9121,"Rental and leasing of wearing apparel || Library, Archives, Museum and Other Cultural Activities || Repair, Maintenance and Installation of Machinery and Equipment || Museum and collection activities || Museum and collection activities",0.018745|0.017199|0.016810|0.015977|0.015977,0.018745,semantic:raw_category;retrieval:candidates,REVIEW_CANDIDATES
overture,general_dentistry,13,0.0004578432063111925,psic,rev5,,,exact,,,category,general dentistry,,,,,024|0240|02400|02|87,Support services to forestry || Support services to forestry || Support services to forestry || Forestry and Logging || Residential Care Activities,0.061466|0.061466|0.061466|0.061372|0.051966,0.061466,semantic:raw_category;retrieval:candidates,REVIEW_CANDIDATES
overture,t_shirt_printing_service,13,0.0004578432063111925,psic,rev5,,,exact,,,category,t shirt printing service,,,,,18110|1811|181|1812|18,Printing || Printing || Printing and service activities related to printing || Service activities related to printing || Printing and Reproduction of Recorded Media,0.810927|0.810927|0.606826|0.531857|0.299941,0.810927,semantic:raw_category;retrieval:candidates,REVIEW_CANDIDATES
overture,food_and_beverage_store,13,0.0004578432063111925,psic,rev5,,,exact,,,category,retail sale food and beverage,47,Retail Trade,,,4721|4722|47219|472|47221,"Retail sale of food || Retail sale of beverages || Retail sale of food, n.e.c. || Retail sale of food, beverages and tobacco || Retail sale of alcoholic beverages",0.532632|0.461949|0.440511|0.426424|0.322974,0.532632,semantic:overture:store_suffix;retrieval:candidates,REVIEW_CANDIDATES
overture,glass_and_mirror_sales_service,13,0.0004578432063111925,psic,rev5,,,exact,,,category,glass and mirror sales service,,,,,T|5629|56290|96|09,Other Service Activities || Other food service activities || Other food service activities || Personal Service Activities || Mining Support Service Activities,0.167403|0.140118|0.140118|0.138360|0.126477,0.167403,semantic:raw_category;retrieval:candidates,REVIEW_CANDIDATES
osm,amenity=university,12,0.00042262449813340846,psic,rev5,,,exact,,,category,tertiary education,854,Tertiary education,,,854|8540|85401|85402,Tertiary education || Tertiary education || Public tertiary education || Private tertiary education,1.000000|1.000000|0.791306|0.782655,1.000000,semantic:osm:amenity=university;retrieval:candidates,REVIEW_CANDIDATES
osm,leisure=fitness_centre,12,0.00042262449813340846,psic,rev5,,,exact,,,category,fitness centre leisure,,,,,6411|64110|82200|822|8220,Central banking || Central banking || Activities of call centers || Activities of call centers || Activities of call centers,0.097044|0.097044|0.064435|0.064435|0.064435,0.097044,semantic:raw_category;retrieval:candidates,REVIEW_CANDIDATES
osm,amenity=car_wash,12,0.00042262449813340846,psic,rev5,,,exact,,,category,car wash amenity,,,,,80190|8019|381|80111|382,Security activities n.e.c. || Security activities n.e.c. || Waste collection activities || Private security activities || Waste treatment and disposal,0.034905|0.034905|0.031378|0.031048|0.027578,0.034905,semantic:raw_category;retrieval:candidates,REVIEW_CANDIDATES
osm,amenity=childcare,12,0.00042262449813340846,psic,rev5,,,exact,,,category,childcare amenity,,,,,87992|842|87|879|8799,Residential care activities for children other than for orphans || Provision of services to the community as a whole || Residential Care Activities || Other residential care activities || Other residential care activities n.e.c.,0.095072|0.061864|0.057954|0.055295|0.051608,0.095072,semantic:raw_category;retrieval:candidates,REVIEW_CANDIDATES
osm,tourism=apartment,12,0.00042262449813340846,psic,rev5,,,exact,,,category,apartment tourism,,,,,79901|79120|7912|791|382,Activities of independent tourist guides || Tour operator activities || Tour operator activities || Travel agency and tour operator activities || Waste treatment and disposal,0.105522|0.080003|0.080003|0.055492|0.040884,0.105522,semantic:raw_category;retrieval:candidates,REVIEW_CANDIDATES
overture,sport_or_fitness_facility,12,0.00042262449813340846,psic,rev5,,,exact,,,category,sport or fitness facility,,,,,93111|9311|93119|90310|9031,"Operation of fitness centers || Operation of sports facilities || Operation of sports facilities, n.e.c. || Operation of arts facilities and sites || Operation of arts facilities and sites",0.371540|0.169775|0.153819|0.110046|0.110046,0.371540,semantic:raw_category;retrieval:candidates,REVIEW_CANDIDATES
overture,pawn_shop,12,0.00042262449813340846,psic,rev5,,,exact,,,category,pawn shop,,,,,0161|01619|0163|01639|01,"Support activities for crop production || Support activities for crop production, n.e.c. || Post-harvest crop activities || Post-harvest crop activities, n.e.c. || Crop and Animal Production, Hunting and Related Service Activities",0.016864|0.014986|0.013137|0.012310|0.011522,0.016864,semantic:raw_category;retrieval:candidates,REVIEW_CANDIDATES
overture,property_management,12,0.00042262449813340846,psic,rev5,,,exact,,,category,property management,,,,,39000|39|390|3900|702,Remediation and other waste management service activities || Remediation and Other Waste Management Service Activities || Remediation and other waste management service activities || Remediation and other waste management service activities || Business and other management consultancy activities,0.276382|0.276382|0.276382|0.276382|0.272312,0.276382,semantic:raw_category;retrieval:candidates,REVIEW_CANDIDATES
overture,driving_school,12,0.00042262449813340846,psic,rev5,,,exact,,,category,driving school,,,,,9200|92|920|B|58,Gambling and betting activities || Gambling and Betting Activities || Gambling and betting activities || Mining and Quarrying || Publishing Activities,0.008355|0.008355|0.008355|0.008206|0.008028,0.008355,semantic:raw_category;retrieval:candidates,REVIEW_CANDIDATES
overture,broadcasting_media_production,12,0.00042262449813340846,psic,rev5,,,exact,,,category,broadcasting media production,,,,,J|6010|60100|601|60200,"Publishing, Broadcasting, and Content Production and Distribution Activities || Radio broadcasting and audio distribution activities || Radio broadcasting and audio distribution activities || Radio broadcasting and audio distribution activities || Television programming, broadcasting and video distribution activities",0.376827|0.312233|0.312233|0.312233|0.288115,0.376827,semantic:raw_category;retrieval:candidates,REVIEW_CANDIDATES
overture,home_goods_store,12,0.00042262449813340846,psic,rev5,,,exact,,,category,retail sale home goods,47,Retail Trade,,,4773|4721|4774|47217|476,Retail sale of other new goods n.e.c. || Retail sale of food || Retail sale of second-hand goods || Retail sale of salt || Retail sale of cultural and recreational goods,0.456013|0.418357|0.401457|0.385386|0.381678,0.456013,semantic:overture:store_suffix;retrieval:candidates,REVIEW_CANDIDATES
overture,internet_service_provider,12,0.00042262449813340846,psic,rev5,,,exact,,,category,internet service provider,,,,,T|96|96400|9640|964,Other Service Activities || Personal Service Activities || Intermediation service activities for personal services || Intermediation service activities for personal services || Intermediation service activities for personal services,0.213065|0.180496|0.179063|0.179063|0.179063,0.213065,semantic:raw_category;retrieval:candidates,REVIEW_CANDIDATES
overture,rental_service,12,0.00042262449813340846,psic,rev5,,,exact,,,category,rental service,,,,,77|T|7710|771|77100,Rental and Leasing Activities || Other Service Activities || Rental and leasing of motor vehicles || Rental and leasing of motor vehicles || Rental and leasing of motor vehicles,0.368507|0.321953|0.304961|0.304961|0.304961,0.368507,semantic:raw_category;retrieval:candidates,REVIEW_CANDIDATES
osm,shop=sports,11,0.0003874057899556244,psic,rev5,,,exact,,,category,retail sale sports,47,Retail Trade,,,4721|47217|47761|47219|4751,"Retail sale of food || Retail sale of salt || Retail sale of pet || Retail sale of food, n.e.c. || Retail sale of textiles",0.498428|0.469236|0.462046|0.449697|0.448089,0.498428,semantic:osm:shop;retrieval:candidates,REVIEW_CANDIDATES
osm,leisure=garden,11,0.0003874057899556244,psic,rev5,,,exact,,,category,garden leisure,,,,,3101|31019|15|310|31,Manufacture of wooden furniture || Manufacture of wooden furniture n.e.c. || Manufacture of Leather and Related Products || Manufacture of furniture || Manufacture of Furniture,0.044136|0.041367|0.014700|0.014020|0.014020,0.044136,semantic:raw_category;retrieval:candidates,REVIEW_CANDIDATES
osm,shop=pet,11,0.0003874057899556244,psic,rev5,,,exact,,,category,retail sale pet,47,Retail Trade,EXACT,47761,47761|4776|47762|4721|47217,Retail sale of pet || Retail sale of pet and pet supplies || Retail sale of pet supplies || Retail sale of food || Retail sale of salt,0.851573|0.681373|0.662427|0.484394|0.457613,0.851573,semantic:osm:shop;retrieval:strong_separated_hit,REVIEW_REQUIRED
osm,man_made=tower,11,0.0003874057899556244,psic,rev5,,,exact,,,category,tower man made,,,,,47513|46413|47|46|G,"Retail sale of made-up textile goods || Wholesale of made-up textile goods, except wearing apparel || Retail Trade || Wholesale Trade || Wholesale and Retail Trade",0.140979|0.109793|0.049498|0.044882|0.038594,0.140979,semantic:raw_category;retrieval:candidates,REVIEW_CANDIDATES
overture,museum,11,0.0003874057899556244,psic,rev5,,,exact,,,category,museum,,,,,9121|91210|91|912|932,"Museum and collection activities || Museum and collection activities || Library, Archives, Museum and Other Cultural Activities || Museum, collection, historical site and monument activities || Amusement and recreation activities",0.534732|0.534732|0.357612|0.306659|0.037181,0.534732,semantic:raw_category;retrieval:candidates,REVIEW_CANDIDATES
overture,pediatric_clinic,11,0.0003874057899556244,psic,rev5,,,exact,,,category,medical and dental practice activities,86,Human Health Activities,,,862|86210|8621|8622|86229,"Medical and dental practice activities || Public medical and dental practice activities || Public medical and dental practice activities || Private medical and dental practice activities || Private medical and dental practice activities, n.e.c.",1.000000|0.888677|0.888677|0.882239|0.856952,1.000000,semantic:overture:clinic_suffix;retrieval:candidates,REVIEW_CANDIDATES
overture,day_care_preschool,11,0.0003874057899556244,psic,rev5,,,exact,,,category,day care preschool,,,,,87|879|8799|871|87100,Residential Care Activities || Other residential care activities || Other residential care activities n.e.c. || Residential nursing care activities || Residential nursing care activities,0.248281|0.214536|0.209765|0.182914|0.182914,0.248281,semantic:raw_category;retrieval:candidates,REVIEW_CANDIDATES
overture,bridge,11,0.0003874057899556244,psic,rev5,,,exact,,,category,bridge,,,NOT_ACTIVITY,,,,,,rule:high_precision_non_activity,REVIEW_REQUIRED
overture,pharmaceutical_company,11,0.0003874057899556244,psic,rev5,,,exact,,,category,pharmaceutical company,,,SUBTREE,21,21|21003|2100|210|21009,"Manufacture of Basic Pharmaceutical Products and Pharmaceutical Preparations || Preparation of botanical products for pharmaceutical use || Manufacture of pharmaceuticals, medicinal chemical and botanical products || Manufacture of pharmaceuticals, medicinal chemical and botanical products || Manufacture of pharmaceuticals, medicinal chemical and botanical products, n.e.c",0.453953|0.321000|0.189870|0.189870|0.182189,0.453953,semantic:raw_category;retrieval:strong_separated_hit,REVIEW_REQUIRED
overture,physical_therapy,11,0.0003874057899556244,psic,rev5,,,exact,,,category,physical therapy,,,,,202|279|2790|2029|21,Manufacture of other chemical products || Manufacture of other electrical equipment || Manufacture of other electrical equipment || Manufacture of other chemical products n.e.c. || Manufacture of Basic Pharmaceutical Products and Pharmaceutical Preparations,0.039186|0.037446|0.037446|0.036350|0.036014,0.039186,semantic:raw_category;retrieval:candidates,REVIEW_CANDIDATES
overture,fashion_accessories_store,11,0.0003874057899556244,psic,rev5,,,exact,,,category,retail sale fashion accessories,47,Retail Trade,,,4782|47832|47829|47736|4783,"Retail sale of motor vehicle parts and accessories || Retail sale of motorcycle parts and accessories || Retail sale of motor vehicle parts and accessories, n.e.c. || Retail sale of eyewear and related supplies and accessories || Retail sale of motorcycles, motorcycles parts and accessories",0.418077|0.416969|0.397104|0.340331|0.339549,0.418077,semantic:overture:store_suffix;retrieval:candidates,REVIEW_CANDIDATES
overture,telecommunications_company,11,0.0003874057899556244,psic,rev5,,,exact,,,category,telecommunications company,,,SUBTREE,61,61|619|61900|6190|61201,"Telecommunications || Other telecommunication activities || Other telecommunication activities || Other telecommunication activities || Intermediation services for wired, wireless and satellite telecommunications activities",0.732904|0.272593|0.272593|0.272593|0.267938,0.732904,semantic:raw_category;retrieval:strong_separated_hit,REVIEW_REQUIRED
overture,hostel,11,0.0003874057899556244,psic,rev5,,,exact,,,category,hostel,,,,,63100|631|6310|63|531,"Computing infrastructure, data processing, hosting and related activities || Computing infrastructure, data processing, hosting and related activities || Computing infrastructure, data processing, hosting and related activities || Computing Infrastructure, Data Processing, Hosting, and Other Information Service Activities || Postal activities",0.058002|0.058002|0.058002|0.051881|0.021499,0.058002,semantic:raw_category;retrieval:candidates,REVIEW_CANDIDATES
overture,cupcake_shop,11,0.0003874057899556244,psic,rev5,,,exact,,,category,cupcake shop,,,,,0161|1910|19100|191|01619,"Support activities for crop production || Manufacture of coke oven products || Manufacture of coke oven products || Manufacture of coke oven products || Support activities for crop production, n.e.c.",0.017567|0.016871|0.016871|0.016871|0.015611,0.017567,semantic:raw_category;retrieval:candidates,REVIEW_CANDIDATES
overture,art_gallery,11,0.0003874057899556244,psic,rev5,,,exact,,,category,art gallery,,,,,903|90390|9039|90|901,Support activities to arts creation and performing arts || Other support activities to arts creation and performing arts || Other support activities to arts creation and performing arts || Arts Creation and Performing Arts Activities || Arts creation activities,0.034984|0.034217|0.034217|0.032899|0.031383,0.034984,semantic:raw_category;retrieval:candidates,REVIEW_CANDIDATES
overture,dance_studio,11,0.0003874057899556244,psic,rev5,,,exact,,,category,dance studio,,,,,651|65201|652|6520|6511,Insurance || Reinsurance for life insurance || Reinsurance || Reinsurance || Life insurance,0.046568|0.038757|0.037488|0.037488|0.035593,0.046568,semantic:raw_category;retrieval:candidates,REVIEW_CANDIDATES
overture,obstetrics_and_gynecology,11,0.0003874057899556244,psic,rev5,,,exact,,,category,obstetrics and gynecology,,,,,38|354|3540|35400|3513,"Waste Collection, Treatment and Disposal, and Recovery Activities || Activities of brokers and agents for electric power and natural gas || Activities of brokers and agents for electric power and natural gas || Activities of brokers and agents for electric power and natural gas || Electric power transmission and distribution activities",0.020217|0.019198|0.019198|0.019198|0.017545,0.020217,semantic:raw_category;retrieval:candidates,REVIEW_CANDIDATES
overture,accountant,11,0.0003874057899556244,psic,rev5,,,exact,,,category,accountant,,,,,69|6920|692|69200|56106,"Legal and Accounting Activities || Accounting, bookkeeping and auditing activities; tax consultancy || Accounting, bookkeeping and auditing activities; tax consultancy || Accounting, bookkeeping and auditing activities; tax consultancy || Activities of food stands, kiosks and counters",0.174802|0.103932|0.103932|0.103932|0.067827,0.174802,semantic:raw_category;retrieval:candidates,REVIEW_CANDIDATES
overture,beach_resort,11,0.0003874057899556244,psic,rev5,,,exact,,,category,beach resort,,,,,51|50|494|49|09,Air Transport || Water Transport || Other land transport || Land Transport and Transport via Pipelines || Mining Support Service Activities,0.024547|0.022831|0.021709|0.019154|0.017963,0.024547,semantic:raw_category;retrieval:candidates,REVIEW_CANDIDATES
overture,metal_fabricator,11,0.0003874057899556244,psic,rev5,,,exact,,,category,metal fabricator,,,,,2599|25999|25|259|07,"Manufacture of other fabricated metal products n.e.c. || Manufacture of miscellaneous fabricated metal products, n.e.c. || Manufacture of Fabricated Metal Products, Except Machinery and Equipment || Manufacture of other fabricated metal products; metalworking service activities || Mining of Metal Ores",0.420435|0.336441|0.328915|0.321664|0.316312,0.420435,semantic:raw_category;retrieval:candidates,REVIEW_CANDIDATES
overture,pest_control_service,11,0.0003874057899556244,psic,rev5,,,exact,,,category,pest control service,,,,,T|96|5629|56290|9640,Other Service Activities || Personal Service Activities || Other food service activities || Other food service activities || Intermediation service activities for personal services,0.195287|0.167891|0.163454|0.163454|0.144679,0.195287,semantic:raw_category;retrieval:candidates,REVIEW_CANDIDATES
osm,shop=books,10,0.00035218708177784037,psic,rev5,,,exact,,,category,retail sale books,47,Retail Trade,,,47742|4721|47217|47761|47219,"Retail sale of second-hand books || Retail sale of food || Retail sale of salt || Retail sale of pet || Retail sale of food, n.e.c.",0.564417|0.447676|0.421050|0.414402|0.405196,0.564417,semantic:osm:shop;retrieval:candidates,REVIEW_CANDIDATES
osm,amenity=library,10,0.00035218708177784037,psic,rev5,,,exact,,,category,library amenity,,,,,91110|9111|911|91|842,"Library activities || Library activities || Library and archive activities || Library, Archives, Museum and Other Cultural Activities || Provision of services to the community as a whole",0.696550|0.696550|0.471354|0.323803|0.052224,0.696550,semantic:raw_category;retrieval:candidates,REVIEW_CANDIDATES
osm,amenity=internet_cafe,10,0.00035218708177784037,psic,rev5,,,exact,,,category,internet cafe amenity,,,,,842|841|80190|8019|80111,"Provision of services to the community as a whole || Administration of the State and the economic, social and environmental policies of the community || Security activities n.e.c. || Security activities n.e.c. || Private security activities",0.045878|0.028999|0.026817|0.026817|0.023853,0.045878,semantic:raw_category;retrieval:candidates,REVIEW_CANDIDATES
osm,shop=kiosk,10,0.00035218708177784037,psic,rev5,,,exact,,,category,retail sale kiosk,47,Retail Trade,,,4721|47217|47219|4751|47761,"Retail sale of food || Retail sale of salt || Retail sale of food, n.e.c. || Retail sale of textiles || Retail sale of pet",0.541162|0.505622|0.500453|0.497553|0.496017,0.541162,semantic:osm:shop;retrieval:candidates,REVIEW_CANDIDATES
overture,swimming_pool,10,0.00035218708177784037,psic,rev5,,,exact,,,category,swimming pool,,,,,621|62190|6219|62|60200,"Computer programming activities || Other computer programming activities || Other computer programming activities || Computer Programming, Consultancy and Related Activities || Television programming, broadcasting and video distribution activities",0.060527|0.058450|0.058450|0.035351|0.031493,0.060527,semantic:raw_category;retrieval:candidates,REVIEW_CANDIDATES
overture,inn,10,0.00035218708177784037,psic,rev5,,,exact,,,category,inn,,,,,651|65110|6511|61202|80112,Insurance || Life insurance || Life insurance || Provision of internet access in facilities open to the public || Investigation activities,0.013809|0.010555|0.010555|0.009584|0.009307,0.013809,semantic:raw_category;retrieval:candidates,REVIEW_CANDIDATES
overture,public_plaza,10,0.00035218708177784037,psic,rev5,,,exact,,,category,public plaza,,,,,73300|7330|733|84115|8411,Public relations activities || Public relations activities || Public relations activities || Public finance management || General public administration activities,0.438322|0.438322|0.438322|0.366609|0.341665,0.438322,semantic:raw_category;retrieval:candidates,REVIEW_CANDIDATES
overture,sporting_goods_store,10,0.00035218708177784037,psic,rev5,,,exact,,,category,retail sale sporting goods,47,Retail Trade,,,4762|47629|4773|4721|4774,"Retail sale of sporting equipment || Retail sale of sporting equipment, n.e.c. || Retail sale of other new goods n.e.c. || Retail sale of food || Retail sale of second-hand goods",0.623940|0.590423|0.439719|0.404419|0.387697,0.623940,semantic:overture:store_suffix;retrieval:candidates,REVIEW_CANDIDATES
overture,educational_service,10,0.00035218708177784037,psic,rev5,,,exact,,,category,educational service,,,,,85691|85692|856|8569|96,Public educational support service activities || Private educational support service activities || Educational support activities || Other educational support activities || Personal Service Activities,0.562383|0.556198|0.544111|0.480465|0.272123,0.562383,semantic:raw_category;retrieval:candidates,REVIEW_CANDIDATES
overture,dialysis_clinic,10,0.00035218708177784037,psic,rev5,,,exact,,,category,medical and dental practice activities,86,Human Health Activities,,,862|86210|8621|8622|86229,"Medical and dental practice activities || Public medical and dental practice activities || Public medical and dental practice activities || Private medical and dental practice activities || Private medical and dental practice activities, n.e.c.",1.000000|0.888677|0.888677|0.882239|0.856952,1.000000,semantic:overture:clinic_suffix;retrieval:candidates,REVIEW_CANDIDATES
overture,vision_or_eye_care_clinic,10,0.00035218708177784037,psic,rev5,,,exact,,,category,medical and dental practice activities,86,Human Health Activities,,,862|86210|8621|8622|86229,"Medical and dental practice activities || Public medical and dental practice activities || Public medical and dental practice activities || Private medical and dental practice activities || Private medical and dental practice activities, n.e.c.",1.000000|0.888677|0.888677|0.882239|0.856952,1.000000,semantic:overture:clinic_suffix;retrieval:candidates,REVIEW_CANDIDATES
overture,produce_store,10,0.00035218708177784037,psic,rev5,,,exact,,,category,retail sale produce,47,Retail Trade,,,4721|47217|47761|47219|4751,"Retail sale of food || Retail sale of salt || Retail sale of pet || Retail sale of food, n.e.c. || Retail sale of textiles",0.598638|0.561921|0.552510|0.545366|0.542937,0.598638,semantic:overture:store_suffix;retrieval:candidates,REVIEW_CANDIDATES
overture,pet_groomer,10,0.00035218708177784037,psic,rev5,,,exact,,,category,pet groomer,,,,,061|06100|0610|19|06,Extraction of crude petroleum || Extraction of crude petroleum || Extraction of crude petroleum || Manufacture of Coke and Refined Petroleum Products || Extraction of Crude Petroleum and Natural Gas,0.033231|0.033231|0.033231|0.030154|0.028680,0.033231,semantic:raw_category;retrieval:candidates,REVIEW_CANDIDATES
overture,womens_clothing_store,10,0.00035218708177784037,psic,rev5,,,exact,,,category,retail sale womens clothing,47,Retail Trade,,,47711|4771|47719|4721|47217,"Retail sale of garments, clothing, wearing apparel and clothing accessories || Retail sale of clothing, footwear and leather articles || Retail sale of clothing, footwear and leather articles, n.e.c. || Retail sale of food || Retail sale of salt",0.513000|0.476670|0.466405|0.433604|0.406628,0.513000,semantic:overture:store_suffix;retrieval:candidates,REVIEW_CANDIDATES
osm,shop=chemist,9,0.0003169683736000564,psic,rev5,,,exact,,,category,retail sale chemist,47,Retail Trade,,,4721|47217|47219|47761|4751,"Retail sale of food || Retail sale of salt || Retail sale of food, n.e.c. || Retail sale of pet || Retail sale of textiles",0.552648|0.516873|0.509429|0.507307|0.506623,0.552648,semantic:osm:shop;retrieval:candidates,REVIEW_CANDIDATES
osm,amenity=hospital | healthcare=hospital | emergency=yes,9,0.0003169683736000564,psic,rev5,,,exact,,,category,hospital activities,861,Hospital activities,SUBTREE,861,861|8611|8612|86129|86111,"Hospital activities || Public hospital activities || Private hospital activities || Private hospital activities, n.e.c. || Public general hospital activities",1.000000|0.759486|0.757450|0.723632|0.642941,1.000000,semantic:osm:amenity=hospital;retrieval:strong_separated_hit,REVIEW_REQUIRED
osm,healthcare=laboratory,9,0.0003169683736000564,psic,rev5,,,exact,,,category,laboratory healthcare,,,,,86991|86|869|8699|86999,"Medical and diagnostic laboratory service activities || Human Health Activities || Other human health activities || Other human health activities n.e.c. || All other human health activities, n.e.c.",0.427653|0.125511|0.119948|0.112190|0.102328,0.427653,semantic:raw_category;retrieval:candidates,REVIEW_CANDIDATES
osm,amenity=events_venue,9,0.0003169683736000564,psic,rev5,,,exact,,,category,events venue amenity,,,,,93295|842|841|80190|8019,"Operation of audiovisual equipment and special effects associated with the organization of live amusement and recreation events || Provision of services to the community as a whole || Administration of the State and the economic, social and environmental policies of the community || Security activities n.e.c. || Security activities n.e.c.",0.199942|0.055735|0.036465|0.032579|0.032579,0.199942,semantic:raw_category;retrieval:candidates,REVIEW_CANDIDATES
osm,amenity=health_post | healthcare=community_health_worker,9,0.0003169683736000564,psic,rev5,,,exact,,,category,health post amenity community health worker healthcare,,,,,86|869|8699|86999|R,"Human Health Activities || Other human health activities || Other human health activities n.e.c. || All other human health activities, n.e.c. || Human Health and Social Work Activities",0.400889|0.368964|0.356752|0.317914|0.317012,0.400889,semantic:raw_category;retrieval:candidates,REVIEW_CANDIDATES
osm,office=educational_institution,9,0.0003169683736000564,psic,rev5,,,exact,,,category,educational institution professional service activities,,,,,96|94120|9412|T|N,"Personal Service Activities || Activities of professional membership organizations || Activities of professional membership organizations || Other Service Activities || Professional, Scientific, and Technical Activities",0.320127|0.315653|0.315653|0.310564|0.287648,0.320127,semantic:raw_category;retrieval:candidates,REVIEW_CANDIDATES
overture,flea_market,9,0.0003169683736000564,psic,rev5,,,exact,,,category,flea market,,,,,7320|732|73200|73|14104,"Market research and public opinion polling activities || Market research and public opinion polling activities || Market research and public opinion polling activities || Activities of Advertising, Market Research, and Public Relations || Manufacture of ready-to-wear mass-market apparel",0.333301|0.333301|0.333301|0.317285|0.269417,0.333301,semantic:raw_category;retrieval:candidates,REVIEW_CANDIDATES
overture,retirement_home,9,0.0003169683736000564,psic,rev5,,,exact,,,category,retirement home,,,,,3900|39|39000|390|E,"Remediation and other waste management service activities || Remediation and Other Waste Management Service Activities || Remediation and other waste management service activities || Remediation and other waste management service activities || Water Supply; Sewerage, Waste Management and Remediation",0.077235|0.077235|0.077235|0.077235|0.060444,0.077235,semantic:raw_category;retrieval:candidates,REVIEW_CANDIDATES
overture,bed_and_breakfast,9,0.0003169683736000564,psic,rev5,,,exact,,,category,bed and breakfast,,,,,93|382|J|38|56,"Sports Activities and Amusement And Recreation Activities || Waste treatment and disposal || Publishing, Broadcasting, and Content Production and Distribution Activities || Waste Collection, Treatment and Disposal, and Recovery Activities || Food and Beverage Service Activities",0.023379|0.022720|0.022658|0.021942|0.021142,0.023379,semantic:raw_category;retrieval:candidates,REVIEW_CANDIDATES
overture,movie_theater,9,0.0003169683736000564,psic,rev5,,,exact,,,category,movie theater,,,,,50|502|36002|360|36,"Water Transport || Inland water transport || Water collection, treatment and supply, except desalting of sea or ground water || Water collection, treatment and supply || Water Collection, Treatment and Supply",0.047279|0.035854|0.033044|0.031468|0.031468,0.047279,semantic:raw_category;retrieval:candidates,REVIEW_CANDIDATES
overture,financial_advising,9,0.0003169683736000564,psic,rev5,,,exact,,,category,financial advising,,,,,64910|6491|L|6611|66110,Financial leasing activities || Financial leasing activities || Financial and Insurance Activities || Administration of financial markets || Administration of financial markets,0.510078|0.510078|0.424303|0.370582|0.370582,0.510078,semantic:raw_category;retrieval:candidates,REVIEW_CANDIDATES
overture,office_supply_store,9,0.0003169683736000564,psic,rev5,,,exact,,,category,retail sale office supply,47,Retail Trade,,,4721|47217|47761|47219|4751,"Retail sale of food || Retail sale of salt || Retail sale of pet || Retail sale of food, n.e.c. || Retail sale of textiles",0.383579|0.360596|0.354947|0.347445|0.346078,0.383579,semantic:overture:store_suffix;retrieval:candidates,REVIEW_CANDIDATES
overture,furniture_assembly,9,0.0003169683736000564,psic,rev5,,,exact,,,category,furniture assembly,,,,,31|310|3102|31023|31029,"Manufacture of Furniture || Manufacture of furniture || Manufacture of other furniture || Manufacture of metal furniture || Manufacture of other furniture, n.e.c.",0.395101|0.395101|0.352483|0.321487|0.321061,0.395101,semantic:raw_category;retrieval:candidates,REVIEW_CANDIDATES
overture,fire_station,9,0.0003169683736000564,psic,rev5,,,exact,,,category,fire station,,,,,H|523|522|5229|5231,Transportation and Storage || Intermediation service activities for transportation || Support activities for transportation || Other support activities for transportation || Intermediation service activities for freight transportation,0.062842|0.060006|0.055415|0.053249|0.053007,0.062842,semantic:raw_category;retrieval:candidates,REVIEW_CANDIDATES
overture,music_production,9,0.0003169683736000564,psic,rev5,,,exact,,,category,music production,,,,,0148|014|59|01489|592,"Egg production || Animal production || Motion Picture, Video and Television Program Production, Sound Recording and Music Publishing Activities || Egg production, n.e.c. || Sound recording and music publishing activities",0.341771|0.332791|0.314264|0.295323|0.290059,0.341771,semantic:raw_category;retrieval:candidates,REVIEW_CANDIDATES
overture,hunting_and_fishing_store,9,0.0003169683736000564,psic,rev5,,,exact,,,category,retail sale hunting and fishing,47,Retail Trade,,,47623|4721|47217|47761|47219,"Retail sale of fishing supplies, nets and gears || Retail sale of food || Retail sale of salt || Retail sale of pet || Retail sale of food, n.e.c.",0.306466|0.304670|0.288235|0.284498|0.270412,0.306466,semantic:overture:store_suffix;retrieval:candidates,REVIEW_CANDIDATES
osm,amenity=cinema,8,0.0002817496654222723,psic,rev5,,,exact,,,category,cinema amenity,,,,,842|841|80190|8019|80111,"Provision of services to the community as a whole || Administration of the State and the economic, social and environmental policies of the community || Security activities n.e.c. || Security activities n.e.c. || Private security activities",0.072300|0.045700|0.042261|0.042261|0.037591,0.072300,semantic:raw_category;retrieval:candidates,REVIEW_CANDIDATES
osm,amenity=social_facility,8,0.0002817496654222723,psic,rev5,,,exact,,,category,social facility amenity,,,,,843|8430|84300|88|889,Compulsory social security activities || Compulsory social security activities || Compulsory social security activities || Social Work Activities Without Accommodation || Other social work activities without accommodation,0.317536|0.317536|0.317536|0.265687|0.248380,0.317536,semantic:raw_category;retrieval:candidates,REVIEW_CANDIDATES
osm,amenity=car_rental,8,0.0002817496654222723,psic,rev5,,,exact,,,category,car rental amenity,,,,,77|7710|771|77100|77292,Rental and Leasing Activities || Rental and leasing of motor vehicles || Rental and leasing of motor vehicles || Rental and leasing of motor vehicles || Rental and leasing of household furniture,0.271577|0.224534|0.224534|0.224534|0.202178,0.271577,semantic:raw_category;retrieval:candidates,REVIEW_CANDIDATES
osm,amenity=dentist,8,0.0002817496654222723,psic,rev5,,,exact,,,category,medical and dental practice activities,862,Medical and dental practice activities,,,862|86210|8621|8622|86229,"Medical and dental practice activities || Public medical and dental practice activities || Public medical and dental practice activities || Private medical and dental practice activities || Private medical and dental practice activities, n.e.c.",1.000000|0.888677|0.888677|0.882239|0.856952,1.000000,semantic:osm:amenity=dentist;retrieval:candidates,REVIEW_CANDIDATES
osm,tourism=motel,8,0.0002817496654222723,psic,rev5,,,exact,,,category,motel tourism,,,,,79901|79120|7912|791|79,"Activities of independent tourist guides || Tour operator activities || Tour operator activities || Travel agency and tour operator activities || Travel Agency, Tour Operator, and Other Travel Related Activities",0.127083|0.102445|0.102445|0.078337|0.058808,0.127083,semantic:raw_category;retrieval:candidates,REVIEW_CANDIDATES
osm,amenity=hospital | healthcare=hospital,8,0.0002817496654222723,psic,rev5,,,exact,,,category,hospital activities,861,Hospital activities,SUBTREE,861,861|8611|8612|86129|86111,"Hospital activities || Public hospital activities || Private hospital activities || Private hospital activities, n.e.c. || Public general hospital activities",1.000000|0.759486|0.757450|0.723632|0.642941,1.000000,semantic:osm:amenity=hospital;retrieval:strong_separated_hit,REVIEW_REQUIRED
osm,office=employment_agency,8,0.0002817496654222723,psic,rev5,,,exact,,,category,employment agency professional service activities,,,,,78|782|7820|78200|7810,Employment Activities || Temporary employment agency activities and other human resource provisions || Temporary employment agency activities and other human resource provisions || Temporary employment agency activities and other human resource provisions || Activities of employment placement agencies,0.434554|0.402791|0.402791|0.402791|0.312736,0.434554,semantic:raw_category;retrieval:candidates,REVIEW_CANDIDATES
osm,shop=appliance,8,0.0002817496654222723,psic,rev5,,,exact,,,category,retail sale appliance,47,Retail Trade,,,47593|4721|47217|47761|47219,"Retail sale of household appliances || Retail sale of food || Retail sale of salt || Retail sale of pet || Retail sale of food, n.e.c.",0.475483|0.408040|0.383924|0.377935|0.368840,0.475483,semantic:osm:shop;retrieval:candidates,REVIEW_CANDIDATES
osm,amenity=clinic | healthcare=clinic,8,0.0002817496654222723,psic,rev5,,,exact,,,category,medical and dental practice activities,862,Medical and dental practice activities,,,862|86210|8621|8622|86229,"Medical and dental practice activities || Public medical and dental practice activities || Public medical and dental practice activities || Private medical and dental practice activities || Private medical and dental practice activities, n.e.c.",1.000000|0.888677|0.888677|0.882239|0.856952,1.000000,semantic:osm:amenity=clinic;retrieval:candidates,REVIEW_CANDIDATES
osm,office=courier,8,0.0002817496654222723,psic,rev5,,,exact,,,category,courier professional service activities,,,,,5320|532|5330|533|53300,Courier activities || Courier activities || Intermediation service activities for postal and courier activities || Intermediation service activities for postal and courier activities || Intermediation service activities for postal and courier activities,0.533799|0.533799|0.433304|0.433304|0.433304,0.533799,semantic:raw_category;retrieval:candidates,REVIEW_CANDIDATES
overture,specialty_school,8,0.0002817496654222723,psic,rev5,,,exact,,,category,specialty school,,,,,43|4390|439|43909|86112,"Specialized Construction Activities || Other specialized construction activities || Other specialized construction activities || Other specialized construction activities, n.e.c. || Public specialized hospital activities",0.101682|0.098201|0.098201|0.090759|0.086277,0.101682,semantic:raw_category;retrieval:candidates,REVIEW_CANDIDATES
overture,buffet_restaurant,8,0.0002817496654222723,psic,rev5,,,exact,,,category,restaurants and mobile food service activities,561,Restaurants and mobile food service activities,,,561|5610|56109|56101|56103,"Restaurants and mobile food service activities || Restaurants and mobile food service activities || Restaurants and mobile food service activities, n.e.c. || Full-service restaurants activities || Activities of buffet restaurants",1.000000|1.000000|0.975297|0.355586|0.327040,1.000000,semantic:overture:restaurant_suffix;retrieval:candidates,REVIEW_CANDIDATES
overture,karaoke_venue,8,0.0002817496654222723,psic,rev5,,,exact,,,category,karaoke venue,,,,,19100|1910|191|19|291,Manufacture of coke oven products || Manufacture of coke oven products || Manufacture of coke oven products || Manufacture of Coke and Refined Petroleum Products || Manufacture of motor vehicles,0.052687|0.052687|0.052687|0.030371|0.007027,0.052687,semantic:raw_category;retrieval:candidates,REVIEW_CANDIDATES
overture,smoothie_juice_bar,8,0.0002817496654222723,psic,rev5,,,exact,,,category,smoothie juice bar,,,,,96212|9621|96211|95293|T,"Barber activities || Hairdressing and barber activities || Hairdressing activities, other than barber activities || Repair and alteration of clothing || Other Service Activities",0.047967|0.030649|0.027848|0.026371|0.025434,0.047967,semantic:raw_category;retrieval:candidates,REVIEW_CANDIDATES
overture,commercial_industrial,8,0.0002817496654222723,psic,rev5,,,exact,,,category,commercial industrial,,,,,64122|88|8890|889|88909,"Commercial banking || Social Work Activities Without Accommodation || Other social work activities without accommodation || Other social work activities without accommodation || Other social work activities without accommodation, n.e.c.",0.438279|0.036273|0.035406|0.035406|0.033168,0.438279,semantic:raw_category;retrieval:candidates,REVIEW_CANDIDATES
overture,land_surveying,8,0.0002817496654222723,psic,rev5,,,exact,,,category,land surveying,,,,,494|4942|49429|4920|492,"Other land transport || Other passenger land transport || Other passenger land transport, n.e.c. || Passenger land transport by buses || Passenger land transport by buses",0.247046|0.197596|0.191417|0.164276|0.164276,0.247046,semantic:raw_category;retrieval:candidates,REVIEW_CANDIDATES
overture,ferry_boat_company,8,0.0002817496654222723,psic,rev5,,,exact,,,category,ferry boat company,,,,,261|2619|26199|622|6220,"Manufacture of electronic components and boards || Manufacture of other electronic components and boards || Manufacture of other electronic components and boards, n.e.c || Computer consultancy and computer facilities management activities || Computer consultancy and computer facilities management activities",0.041538|0.040627|0.037727|0.030746|0.030746,0.041538,semantic:raw_category;retrieval:candidates,REVIEW_CANDIDATES
overture,sewing_and_alterations,8,0.0002817496654222723,psic,rev5,,,exact,,,category,sewing and alterations,,,,,990|9900|99|V|99009,"Activities of extraterritorial organizations and bodies || Activities of extraterritorial organizations and bodies || Activities of Extraterritorial Organizations and Bodies || Activities of Extraterritorial Organizations and Bodies || Activities of extraterritorial organizations and bodies, n.e.c",0.050378|0.050378|0.050378|0.050378|0.048399,0.050378,semantic:raw_category;retrieval:candidates,REVIEW_CANDIDATES
overture,lake,8,0.0002817496654222723,psic,rev5,,,exact,,,category,lake,,,,,191|19100|1910|494|19,Manufacture of coke oven products || Manufacture of coke oven products || Manufacture of coke oven products || Other land transport || Manufacture of Coke and Refined Petroleum Products,0.034768|0.034768|0.034768|0.030834|0.024981,0.034768,semantic:raw_category;retrieval:candidates,REVIEW_CANDIDATES
overture,restaurant_equipment_and_supply,8,0.0002817496654222723,psic,rev5,,,exact,,,category,restaurant equipment and supply,,,,,3600|36|360|36002|27402,"Water collection, treatment and supply || Water Collection, Treatment and Supply || Water collection, treatment and supply || Water collection, treatment and supply, except desalting of sea or ground water || Manufacture of lighting equipment for transportation equipment",0.327668|0.327668|0.327668|0.181098|0.176284,0.327668,semantic:raw_category;retrieval:candidates,REVIEW_CANDIDATES
overture,sign_making,8,0.0002817496654222723,psic,rev5,,,exact,,,category,sign making,,,,,10795|24101|28252|10711|1442,"Egg processing, including balut and salted egg making || Operation of blast furnaces and steel making furnaces || Manufacture of machinery for preparing tobacco and making cigarettes, cigars, and other tobacco products || Baking of bread, cakes, pastries, pies and similar perishable bakery products, including hopia and doughnut making || Custom dressmaking",0.245981|0.245291|0.207271|0.194545|0.115390,0.245981,semantic:raw_category;retrieval:candidates,REVIEW_CANDIDATES
overture,marketing_agency,8,0.0002817496654222723,psic,rev5,,,exact,,,category,marketing agency,,,,,60310|6031|79110|7911|791,News agency activities || News agency activities || Travel agency activities || Travel agency activities || Travel agency and tour operator activities,0.332269|0.332269|0.322638|0.322638|0.224667,0.332269,semantic:raw_category;retrieval:candidates,REVIEW_CANDIDATES
osm,leisure=playground,7,0.0002465309572444883,psic,rev5,,,exact,,,category,playground leisure,,,,,592|5920|59200|59|2220,"Sound recording and music publishing activities || Sound recording and music publishing activities || Sound recording and music publishing activities || Motion Picture, Video and Television Program Production, Sound Recording and Music Publishing Activities || Manufacture of plastics products",0.038901|0.038901|0.038901|0.026405|0.026202,0.038901,semantic:raw_category;retrieval:candidates,REVIEW_CANDIDATES
osm,shop=optician,7,0.0002465309572444883,psic,rev5,,,exact,,,category,retail sale optician,47,Retail Trade,,,4721|47217|47219|4751|47761,"Retail sale of food || Retail sale of salt || Retail sale of food, n.e.c. || Retail sale of textiles || Retail sale of pet",0.541895|0.506340|0.501026|0.498132|0.496738,0.541895,semantic:osm:shop;retrieval:candidates,REVIEW_CANDIDATES
osm,leisure=amusement_arcade,7,0.0002465309572444883,psic,rev5,,,exact,,,category,amusement arcade leisure,,,,,93293|932|9329|93299|93,"Operation of arcade and amusement games using coins, tokens, cash or cards || Amusement and recreation activities || Other amusement and recreation activities || Other amusement and recreation activities, n.e.c. || Sports Activities and Amusement And Recreation Activities",0.388557|0.350591|0.325171|0.311395|0.277968,0.388557,semantic:raw_category;retrieval:candidates,REVIEW_CANDIDATES
osm,amenity=bus_station | public_transport=station,7,0.0002465309572444883,psic,rev5,,,exact,,,category,bus station amenity station public transport,,,,,49201|49202|51|50|494,Inter-regional bus transport operation || Intra-regional bus transport operation || Air Transport || Water Transport || Other land transport,0.240886|0.237275|0.220503|0.213999|0.182553,0.240886,semantic:raw_category;retrieval:candidates,REVIEW_CANDIDATES
osm,industrial=port,7,0.0002465309572444883,psic,rev5,,,exact,,,category,port industrial,,,,,51|50|494|49|502,Air Transport || Water Transport || Other land transport || Land Transport and Transport via Pipelines || Inland water transport,0.049552|0.046088|0.043823|0.038665|0.038506,0.049552,semantic:raw_category;retrieval:candidates,REVIEW_CANDIDATES
osm,amenity=post_office,7,0.0002465309572444883,psic,rev5,,,exact,,,category,post office amenity,,,,,82|8210|821|82109|701,"Office Administrative, Office Support and Other Business Support Activities || Office administrative and support activities || Office administrative and support activities || Office administrative and support activities, n.e.c. || Activities of head offices",0.291278|0.255837|0.255837|0.249181|0.135346,0.291278,semantic:raw_category;retrieval:candidates,REVIEW_CANDIDATES
osm,amenity=ferry_terminal | public_transport=stop_position,7,0.0002465309572444883,psic,rev5,,,exact,,,category,ferry terminal amenity stop position public transport,,,,,51|50|494|49|309,Air Transport || Water Transport || Other land transport || Land Transport and Transport via Pipelines || Manufacture of transport equipment n.e.c.,0.221144|0.220034|0.179502|0.167201|0.167007,0.221144,semantic:raw_category;retrieval:candidates,REVIEW_CANDIDATES
overture,b2b_business_management_service,7,0.0002465309572444883,psic,rev5,,,exact,,,category,b2b business management service,,,,,390|3900|39000|39|7020,Remediation and other waste management service activities || Remediation and other waste management service activities || Remediation and other waste management service activities || Remediation and Other Waste Management Service Activities || Business and other management consultancy activities,0.471463|0.471463|0.471463|0.471463|0.462462,0.471463,semantic:raw_category;retrieval:candidates,REVIEW_CANDIDATES
overture,health_food_store,7,0.0002465309572444883,psic,rev5,,,exact,,,category,retail sale health food,47,Retail Trade,,,4721|47219|47217|47761|47712,"Retail sale of food || Retail sale of food, n.e.c. || Retail sale of salt || Retail sale of pet || Retail sale of footwear",0.636862|0.542439|0.390627|0.370248|0.370071,0.636862,semantic:overture:store_suffix;retrieval:candidates,REVIEW_CANDIDATES
overture,architectural_designer,7,0.0002465309572444883,psic,rev5,,,exact,,,category,architectural designer,,,EXACT,71101,71101|7110|711|71109|71,"Architectural consulting activities || Architectural and engineering, and related technical consultancy activities || Architectural and engineering, and related technical consultancy activities || Architectural and engineering and related technical consultancy activities, n.e.c. || Architectural and Engineering Activities; Technical Testing and Analysis",0.537116|0.360967|0.360967|0.358059|0.341465,0.537116,semantic:raw_category;retrieval:strong_separated_hit,REVIEW_REQUIRED
overture,childrens_clothing_store,7,0.0002465309572444883,psic,rev5,,,exact,,,category,retail sale childrens clothing,47,Retail Trade,,,47711|4771|47719|4721|47217,"Retail sale of garments, clothing, wearing apparel and clothing accessories || Retail sale of clothing, footwear and leather articles || Retail sale of clothing, footwear and leather articles, n.e.c. || Retail sale of food || Retail sale of salt",0.466873|0.436332|0.427970|0.401897|0.375571,0.466873,semantic:overture:store_suffix;retrieval:candidates,REVIEW_CANDIDATES
overture,arcade,7,0.0002465309572444883,psic,rev5,,,exact,,,category,arcade,,,,,47|46|91120|9112|G,Retail Trade || Wholesale Trade || Archive activities || Archive activities || Wholesale and Retail Trade,0.052828|0.047902|0.044810|0.044810|0.041190,0.052828,semantic:raw_category;retrieval:candidates,REVIEW_CANDIDATES
overture,toy_store,7,0.0002465309572444883,psic,rev5,,,exact,,,category,retail sale toy,47,Retail Trade,,,4721|47217|47761|47219|4751,"Retail sale of food || Retail sale of salt || Retail sale of pet || Retail sale of food, n.e.c. || Retail sale of textiles",0.454436|0.429369|0.423537|0.405094|0.404092,0.454436,semantic:overture:store_suffix;retrieval:candidates,REVIEW_CANDIDATES
overture,atm,7,0.0002465309572444883,psic,rev5,,,exact,,,category,atm,,,,,382|36|360|3600|3822,"Waste treatment and disposal || Water Collection, Treatment and Supply || Water collection, treatment and supply || Water collection, treatment and supply || Treatment and disposal of hazardous waste",0.036403|0.033984|0.033984|0.033984|0.029225,0.036403,semantic:raw_category;retrieval:candidates,REVIEW_CANDIDATES
overture,maternity_center,7,0.0002465309572444883,psic,rev5,,,exact,,,category,maternity center,,,,,16292|16|162|3102|31,"Manufacture of plaits and products of plaiting materials made of bamboo, rattan and similar materials, such as mats, matting, screens and cases || Manufacture of Wood and of Products of Wood and Cork, Except Furniture; Manufacture of Articles of Straw and Plaiting Materials || Manufacture of products of wood, cork, straw and plaiting materials || Manufacture of other furniture || Manufacture of Furniture",0.040523|0.040265|0.037172|0.034728|0.034522,0.040523,semantic:raw_category;retrieval:candidates,REVIEW_CANDIDATES
overture,musical_instrument_store,7,0.0002465309572444883,psic,rev5,,,exact,,,category,retail sale musical instrument,47,Retail Trade,,,47691|4721|47217|47219|47761,"Retail sale of musical instruments, scores and related accessories || Retail sale of food || Retail sale of salt || Retail sale of food, n.e.c. || Retail sale of pet",0.497943|0.400668|0.375005|0.368463|0.368198,0.497943,semantic:overture:store_suffix;retrieval:candidates,REVIEW_CANDIDATES
overture,home_service,7,0.0002465309572444883,psic,rev5,,,exact,,,category,home service,,,,,T|95222|9524|95249|95242,"Other Service Activities || Repair and maintenance of home and garden equipment || Repair and maintenance of furniture and home furnishings || Repair and maintenance of furniture and home furnishings, n.e.c. || Repair and maintenance of metal furniture and home furnishings",0.291610|0.284143|0.273769|0.268573|0.257931,0.291610,semantic:raw_category;retrieval:candidates,REVIEW_CANDIDATES
overture,steakhouse,7,0.0002465309572444883,psic,rev5,,,exact,,,category,steakhouse,,,,,35300|353|3530|35|D,"Steam and air conditioning supply || Steam and air conditioning supply || Steam and air conditioning supply || Electricity, Gas, Steam and Air Conditioning Supply || Electricity, Gas, Steam and Air Conditioning Supply",0.079257|0.079257|0.079257|0.059452|0.059452,0.079257,semantic:raw_category;retrieval:candidates,REVIEW_CANDIDATES
overture,thai_restaurant,7,0.0002465309572444883,psic,rev5,,,exact,,,category,restaurants and mobile food service activities,561,Restaurants and mobile food service activities,,,561|5610|56109|56101|56103,"Restaurants and mobile food service activities || Restaurants and mobile food service activities || Restaurants and mobile food service activities, n.e.c. || Full-service restaurants activities || Activities of buffet restaurants",1.000000|1.000000|0.975297|0.355586|0.327040,1.000000,semantic:overture:restaurant_suffix;retrieval:candidates,REVIEW_CANDIDATES
overture,history_museum,7,0.0002465309572444883,psic,rev5,,,exact,,,category,history museum,,,,,9121|91210|912|91|91220,"Museum and collection activities || Museum and collection activities || Museum, collection, historical site and monument activities || Library, Archives, Museum and Other Cultural Activities || Historical site and monument activities",0.447947|0.447947|0.360135|0.301108|0.125966,0.447947,semantic:raw_category;retrieval:candidates,REVIEW_CANDIDATES
overture,souvenir_store,7,0.0002465309572444883,psic,rev5,,,exact,,,category,retail sale souvenir,47,Retail Trade,EXACT,47193,47193|4721|47217|47761|47219,"Retail sale in handicraft and souvenir products || Retail sale of food || Retail sale of salt || Retail sale of pet || Retail sale of food, n.e.c.",0.553229|0.383498|0.359409|0.353115|0.351171,0.553229,semantic:overture:store_suffix;retrieval:strong_separated_hit,REVIEW_REQUIRED
overture,non_governmental_association,7,0.0002465309572444883,psic,rev5,,,exact,,,category,non governmental association,,,,,41002|23992|239|23|2399,Construction of non-residential buildings || Manufacture of non asbestos-cement products || Manufacture of non-metallic mineral products n.e.c. || Manufacture of Other Non-Metallic Mineral Products || Manufacture of other non-metallic mineral products n.e.c.,0.187116|0.180114|0.165297|0.158061|0.157458,0.187116,semantic:raw_category;retrieval:candidates,REVIEW_CANDIDATES
overture,travel_company,7,0.0002465309572444883,psic,rev5,,,exact,,,category,travel company,,,,,7911|79110|799|7990|79909,"Travel agency activities || Travel agency activities || Other travel related activities || Other travel related activities || Other travel related activities, n.e.c.",0.374590|0.374590|0.357871|0.357871|0.339706,0.374590,semantic:raw_category;retrieval:candidates,REVIEW_CANDIDATES
overture,roofing,7,0.0002465309572444883,psic,rev5,,,exact,,,category,roofing,,,,,6491|64910|6422|64220|08914,Financial leasing activities || Financial leasing activities || Activities of financing conduits || Activities of financing conduits || Rock phosphate mining,0.015707|0.015707|0.013070|0.013070|0.012906,0.015707,semantic:raw_category;retrieval:candidates,REVIEW_CANDIDATES
overture,interior_design,7,0.0002465309572444883,psic,rev5,,,exact,,,category,interior design,,,,,95400|9540|954|750|7500,"Intermediation service activities for repair and maintenance of computers, personal and household goods, and motor vehicles and motorcycles || Intermediation service activities for repair and maintenance of computers, personal and household goods, and motor vehicles and motorcycles || Intermediation service activities for repair and maintenance of computers, personal and household goods, and motor vehicles and motorcycles || Veterinary activities || Veterinary activities",0.028644|0.028644|0.028644|0.016110|0.016110,0.028644,semantic:raw_category;retrieval:candidates,REVIEW_CANDIDATES
overture,naturopathic_medicine,7,0.0002465309572444883,psic,rev5,,,exact,,,category,naturopathic medicine,,,,,06200|062|0620|06|182,Extraction of natural gas || Extraction of natural gas || Extraction of natural gas || Extraction of Crude Petroleum and Natural Gas || Reproduction of recorded media,0.084017|0.084017|0.084017|0.057255|0.033614,0.084017,semantic:raw_category;retrieval:candidates,REVIEW_CANDIDATES
overture,wedding_planning,7,0.0002465309572444883,psic,rev5,,,exact,,,category,wedding planning,,,,,07223|B|07|08|0710,Platinum ore mining || Mining and Quarrying || Mining of Metal Ores || Other Mining and Quarrying || Mining of iron ores,0.041824|0.030894|0.030302|0.029385|0.028733,0.041824,semantic:raw_category;retrieval:candidates,REVIEW_CANDIDATES
overture,home_security,7,0.0002465309572444883,psic,rev5,,,exact,,,category,home security,,,,,80190|8019|80111|801|80,Security activities n.e.c. || Security activities n.e.c. || Private security activities || Investigation and security activities || Investigation and Security Activities,0.523068|0.523068|0.416315|0.334714|0.334714,0.523068,semantic:raw_category;retrieval:candidates,REVIEW_CANDIDATES
overture,truck_dealer,7,0.0002465309572444883,psic,rev5,,,exact,,,category,truck dealer,,,,,F|43290|4329|4390|439,Construction || Other construction installation || Other construction installation || Other specialized construction activities || Other specialized construction activities,0.031422|0.021195|0.021195|0.020204|0.020204,0.031422,semantic:raw_category;retrieval:candidates,REVIEW_CANDIDATES
osm,public_transport=station,6,0.00021131224906670423,psic,rev5,,,exact,,,category,station public transport,,,,,51|50|494|49|309,Air Transport || Water Transport || Other land transport || Land Transport and Transport via Pipelines || Manufacture of transport equipment n.e.c.,0.332392|0.323335|0.274137|0.252756|0.244953,0.332392,semantic:raw_category;retrieval:candidates,REVIEW_CANDIDATES
osm,amenity=kindergarten,6,0.00021131224906670423,psic,rev5,,,exact,,,category,kindergarten amenity,,,,,842|841|8019|80190|80111,"Provision of services to the community as a whole || Administration of the State and the economic, social and environmental policies of the community || Security activities n.e.c. || Security activities n.e.c. || Private security activities",0.049686|0.031406|0.029043|0.029043|0.025833,0.049686,semantic:raw_category;retrieval:candidates,REVIEW_CANDIDATES
osm,office=yes,6,0.00021131224906670423,psic,rev5,,,exact,,,category,yes professional service activities,,,,,T|96|94120|9412|N,"Other Service Activities || Personal Service Activities || Activities of professional membership organizations || Activities of professional membership organizations || Professional, Scientific, and Technical Activities",0.427095|0.414139|0.410059|0.410059|0.385063,0.427095,semantic:raw_category;retrieval:candidates,REVIEW_CANDIDATES
osm,shop=funeral_directors,6,0.00021131224906670423,psic,rev5,,,exact,,,category,retail sale funeral directors,47,Retail Trade,,,4721|47217|47761|47401|47219,"Retail sale of food || Retail sale of salt || Retail sale of pet || Retail sale of computers || Retail sale of food, n.e.c.",0.397768|0.372762|0.366225|0.365663|0.364302,0.397768,semantic:osm:shop;retrieval:candidates,REVIEW_CANDIDATES
osm,shop=mobile_phone,6,0.00021131224906670423,psic,rev5,,,exact,,,category,retail sale mobile phone,47,Retail Trade,,,47404|47405|4721|47217|4751,"Retail sale of smartphones, mobile phones and other handheld mobile devices || Retail sale of parts and accessories of smartphones, mobile phones and other handheld mobile devices || Retail sale of food || Retail sale of salt || Retail sale of textiles",0.512619|0.464419|0.410178|0.383806|0.382638,0.512619,semantic:osm:shop;retrieval:candidates,REVIEW_CANDIDATES
osm,office=insurance,6,0.00021131224906670423,psic,rev5,,,exact,,,category,insurance professional service activities,,,,,T|64|649|96|6499,"Other Service Activities || Financial Service Activities, except Insurance and Pension Funding || Other financial service activities, except insurance and pension funding activities || Personal Service Activities || Other financial service activities n.e.c., except insurance and pension funding activities",0.361622|0.358900|0.352789|0.350189|0.345574,0.361622,semantic:raw_category;retrieval:candidates,REVIEW_CANDIDATES
osm,amenity=money_transfer,6,0.00021131224906670423,psic,rev5,,,exact,,,category,money transfer amenity,,,,,51|50|494|30|49,Air Transport || Water Transport || Other land transport || Manufacture of Other Transport Equipment || Land Transport and Transport via Pipelines,0.058366|0.056758|0.053969|0.047353|0.045542,0.058366,semantic:raw_category;retrieval:candidates,REVIEW_CANDIDATES
osm,office=telecommunication,6,0.00021131224906670423,psic,rev5,,,exact,,,category,telecommunication professional service activities,,,,,T|94120|9412|96|N,"Other Service Activities || Activities of professional membership organizations || Activities of professional membership organizations || Personal Service Activities || Professional, Scientific, and Technical Activities",0.334916|0.325190|0.325190|0.325020|0.310735,0.334916,semantic:raw_category;retrieval:candidates,REVIEW_CANDIDATES
osm,office=religion,6,0.00021131224906670423,psic,rev5,,,exact,,,category,religion professional service activities,,,,,T|96|94120|9412|N,"Other Service Activities || Personal Service Activities || Activities of professional membership organizations || Activities of professional membership organizations || Professional, Scientific, and Technical Activities",0.390524|0.379084|0.368679|0.368679|0.346441,0.390524,semantic:raw_category;retrieval:candidates,REVIEW_CANDIDATES
osm,shop=money_lender,6,0.00021131224906670423,psic,rev5,,,exact,,,category,retail sale money lender,47,Retail Trade,,,4721|47217|47761|47219|4751,"Retail sale of food || Retail sale of salt || Retail sale of pet || Retail sale of food, n.e.c. || Retail sale of textiles",0.384332|0.359878|0.353424|0.352927|0.351103,0.384332,semantic:osm:shop;retrieval:candidates,REVIEW_CANDIDATES
osm,shop=butcher,6,0.00021131224906670423,psic,rev5,,,exact,,,category,retail sale butcher,47,Retail Trade,,,4721|47217|47219|47761|4751,"Retail sale of food || Retail sale of salt || Retail sale of food, n.e.c. || Retail sale of pet || Retail sale of textiles",0.559441|0.523527|0.514737|0.513984|0.511986,0.559441,semantic:osm:shop;retrieval:candidates,REVIEW_CANDIDATES
osm,shop=pastry,6,0.00021131224906670423,psic,rev5,,,exact,,,category,retail sale pastry,47,Retail Trade,,,4721|47217|47219|47761|4751,"Retail sale of food || Retail sale of salt || Retail sale of food, n.e.c. || Retail sale of pet || Retail sale of textiles",0.550177|0.514452|0.507498|0.504878|0.504671,0.550177,semantic:osm:shop;retrieval:candidates,REVIEW_CANDIDATES
osm,office=research,6,0.00021131224906670423,psic,rev5,,,exact,,,category,research professional service activities,,,,,T|96|94120|9412|N,"Other Service Activities || Personal Service Activities || Activities of professional membership organizations || Activities of professional membership organizations || Professional, Scientific, and Technical Activities",0.354499|0.343951|0.341217|0.341217|0.320382,0.354499,semantic:raw_category;retrieval:candidates,REVIEW_CANDIDATES
osm,man_made=lighthouse,6,0.00021131224906670423,psic,rev5,,,exact,,,category,lighthouse man made,,,,,47513|46413|46422|4759|47599,"Retail sale of made-up textile goods || Wholesale of made-up textile goods, except wearing apparel || Wholesale of lighting equipment || Retail sale of electrical household appliances, furniture, lighting equipment and other household articles || Retail sale of electrical household appliances, furniture, lighting equipment and other household articles, n.e.c.",0.136144|0.106162|0.097618|0.083319|0.081224,0.136144,semantic:raw_category;retrieval:candidates,REVIEW_CANDIDATES
osm,office=estate_agent,6,0.00021131224906670423,psic,rev5,,,exact,,,category,estate agent professional service activities,,,,,6821|68210|M|68|T,Intermediation service activities for real estate || Intermediation service activities for real estate || Real Estate Activities || Real Estate Activities || Other Service Activities,0.416690|0.416690|0.367221|0.367221|0.346746,0.416690,semantic:raw_category;retrieval:candidates,REVIEW_CANDIDATES
osm,shop=gas,6,0.00021131224906670423,psic,rev5,,,exact,,,category,retail sale gas,47,Retail Trade,,,4721|47217|47761|47219|4751,"Retail sale of food || Retail sale of salt || Retail sale of pet || Retail sale of food, n.e.c. || Retail sale of textiles",0.520221|0.490889|0.483915|0.465756|0.464418,0.520221,semantic:osm:shop;retrieval:candidates,REVIEW_CANDIDATES
osm,shop=motorcycle_parts,6,0.00021131224906670423,psic,rev5,,,exact,,,category,retail sale motorcycle parts,47,Retail Trade,EXACT,47832,47832|47831|4783|478|4782,"Retail sale of motorcycle parts and accessories || Retail sale of motorcycles || Retail sale of motorcycles, motorcycles parts and accessories || Retail sale of motor vehicles, motorcycles and related parts and accessories || Retail sale of motor vehicle parts and accessories",0.753246|0.503675|0.472191|0.409470|0.396023,0.753246,semantic:osm:shop;retrieval:strong_separated_hit,REVIEW_REQUIRED
overture,waffle_restaurant,6,0.00021131224906670423,psic,rev5,,,exact,,,category,restaurants and mobile food service activities,561,Restaurants and mobile food service activities,,,561|5610|56109|56101|56103,"Restaurants and mobile food service activities || Restaurants and mobile food service activities || Restaurants and mobile food service activities, n.e.c. || Full-service restaurants activities || Activities of buffet restaurants",1.000000|1.000000|0.975297|0.355586|0.327040,1.000000,semantic:overture:restaurant_suffix;retrieval:candidates,REVIEW_CANDIDATES
overture,monument,6,0.00021131224906670423,psic,rev5,,,exact,,,category,monument,,,NOT_ACTIVITY,,,,,,rule:high_precision_non_activity,REVIEW_REQUIRED
overture,campground,6,0.00021131224906670423,psic,rev5,,,exact,,,category,campground,,,,,592|5920|59200|59|69,"Sound recording and music publishing activities || Sound recording and music publishing activities || Sound recording and music publishing activities || Motion Picture, Video and Television Program Production, Sound Recording and Music Publishing Activities || Legal and Accounting Activities",0.056378|0.056378|0.056378|0.037159|0.012905,0.056378,semantic:raw_category;retrieval:candidates,REVIEW_CANDIDATES
overture,software_development,6,0.00021131224906670423,psic,rev5,,,exact,,,category,software development,,,,,72|72104|72102|72103|72101,Scientific Research and Development || Research and experimental development in other natural sciences || Research and experimental development in agricultural sciences || Research and experimental development in information technology || Research and experimental development in medical and health sciences,0.321335|0.246836|0.245594|0.243408|0.232584,0.321335,semantic:raw_category;retrieval:candidates,REVIEW_CANDIDATES
overture,auto_company,6,0.00021131224906670423,psic,rev5,,,exact,,,category,auto company,,,,,26517|6220|622|62200|621,"Manufacture of automatic controls and regulators for heating, air-conditioning, refrigeration and household appliances || Computer consultancy and computer facilities management activities || Computer consultancy and computer facilities management activities || Computer consultancy and computer facilities management activities || Computer programming activities",0.041127|0.038632|0.038632|0.038632|0.035044,0.041127,semantic:raw_category;retrieval:candidates,REVIEW_CANDIDATES
overture,pub,6,0.00021131224906670423,psic,rev5,,,exact,,,category,pub,,,,,58|5819|58190|73300|733,Publishing Activities || Other publishing activities || Other publishing activities || Public relations activities || Public relations activities,0.119163|0.111666|0.111666|0.106513|0.106513,0.119163,semantic:raw_category;retrieval:candidates,REVIEW_CANDIDATES
overture,fashion_boutique,6,0.00021131224906670423,psic,rev5,,,exact,,,category,fashion boutique,,,,,58110|5811|J|88|8890,"Publishing of books || Publishing of books || Publishing, Broadcasting, and Content Production and Distribution Activities || Social Work Activities Without Accommodation || Other social work activities without accommodation",0.014281|0.014281|0.013249|0.011843|0.011559,0.014281,semantic:raw_category;retrieval:candidates,REVIEW_CANDIDATES
overture,orthodontics,6,0.00021131224906670423,psic,rev5,,,exact,,,category,orthodontics,,,,,87991|51101|88|889|8890,Residential care activities for orphans || Domestic air passenger transport || Social Work Activities Without Accommodation || Other social work activities without accommodation || Other social work activities without accommodation,0.011066|0.010022|0.009950|0.009712|0.009712,0.011066,semantic:raw_category;retrieval:candidates,REVIEW_CANDIDATES
overture,credit_union,6,0.00021131224906670423,psic,rev5,,,exact,,,category,credit union,,,,,901|90130|9013|9012|90129,"Arts creation activities || Other arts creation activities || Other arts creation activities || Visual arts creation activities || Visual arts creation activities, n.e.c.",0.044487|0.041584|0.041584|0.032311|0.029577,0.044487,semantic:raw_category;retrieval:candidates,REVIEW_CANDIDATES
overture,fire_protection_service,6,0.00021131224906670423,psic,rev5,,,exact,,,category,fire protection service,,,,,T|96|5629|56290|964,Other Service Activities || Personal Service Activities || Other food service activities || Other food service activities || Intermediation service activities for personal services,0.215074|0.184181|0.179695|0.179695|0.158396,0.215074,semantic:raw_category;retrieval:candidates,REVIEW_CANDIDATES
overture,pool_billiards,6,0.00021131224906670423,psic,rev5,,,exact,,,category,pool billiards,,,,,662|66290|6629|66|23103,"Activities auxiliary to insurance and pension funding || Other activities auxiliary to insurance and pension funding || Other activities auxiliary to insurance and pension funding || Activities Auxiliary to Financial Service and Insurance Activities || Manufacture of glass fibers, including glass wool",0.021828|0.021405|0.021405|0.021111|0.020985,0.021828,semantic:raw_category;retrieval:candidates,REVIEW_CANDIDATES
overture,butcher_shop,6,0.00021131224906670423,psic,rev5,,,exact,,,category,butcher shop,,,,,32506|32991|20292|96904|95292,"Manufacture of orthopedic appliances and prosthetic devices, including crutches, surgical belts and trusses, splints and other artificial body parts || Manufacture of buttons || Manufacture of matches || Shoe shiner, porter, valet car parker and other related activities || Repair of watches, clocks and their parts",0.050172|0.047065|0.044667|0.032893|0.026459,0.050172,semantic:raw_category;retrieval:candidates,REVIEW_CANDIDATES
overture,discount_store,6,0.00021131224906670423,psic,rev5,,,exact,,,category,retail sale discount,47,Retail Trade,,,4721|47217|47219|4751|47401,"Retail sale of food || Retail sale of salt || Retail sale of food, n.e.c. || Retail sale of textiles || Retail sale of computers",0.521557|0.486418|0.485133|0.482072|0.479087,0.521557,semantic:overture:store_suffix;retrieval:candidates,REVIEW_CANDIDATES
overture,chemical_plant,6,0.00021131224906670423,psic,rev5,,,exact,,,category,chemical plant,,,,,202|20|2029|20299|20122,"Manufacture of other chemical products || Manufacture of Chemicals and Chemical Products || Manufacture of other chemical products n.e.c. || Manufacture of miscellaneous chemical products, n.e.c. || Manufacture of inorganic or other chemical fertilizers",0.394769|0.388747|0.378977|0.290831|0.250035,0.394769,semantic:raw_category;retrieval:candidates,REVIEW_CANDIDATES
overture,appraisal_service,6,0.00021131224906670423,psic,rev5,,,exact,,,category,appraisal service,,,,,T|96|56290|5629|969,Other Service Activities || Personal Service Activities || Other food service activities || Other food service activities || Other personal service activities n.e.c.,0.409260|0.360726|0.341602|0.341602|0.305019,0.409260,semantic:raw_category;retrieval:candidates,REVIEW_CANDIDATES
overture,vitamin_and_supplement_store,6,0.00021131224906670423,psic,rev5,,,exact,,,category,retail sale vitamin and supplement,47,Retail Trade,,,4721|47219|47217|4751|47401,"Retail sale of food || Retail sale of food, n.e.c. || Retail sale of salt || Retail sale of textiles || Retail sale of computers",0.495297|0.462299|0.461426|0.459241|0.456485,0.495297,semantic:overture:store_suffix;retrieval:candidates,REVIEW_CANDIDATES
overture,dermatology,6,0.00021131224906670423,psic,rev5,,,exact,,,category,dermatology,,,,,6290|629|62900|63900|6390,Other information technology and computer service activities || Other information technology and computer service activities || Other information technology and computer service activities || Web search portals activities and other information service activities || Web search portals activities and other information service activities,0.088112|0.088112|0.088112|0.017439|0.017439,0.088112,semantic:raw_category;retrieval:candidates,REVIEW_CANDIDATES
overture,vocational_and_technical_school,6,0.00021131224906670423,psic,rev5,,,exact,,,category,vocational and technical school,,,,,N|74|749|7499|74999,"Professional, Scientific, and Technical Activities || Other Professional, Scientific and Technical Activities || Other professional, scientific and technical activities n.e.c. || All other professional, scientific and technical activities n.e.c. || All other specialized professional, scientific and technical activities, n.e.c.",0.343821|0.328624|0.325073|0.304941|0.276151,0.343821,semantic:raw_category;retrieval:candidates,REVIEW_CANDIDATES
overture,solar_installation,6,0.00021131224906670423,psic,rev5,,,exact,,,category,solar installation,,,EXACT,43211,43211|4321|4329|43290|43219,"Installation of solar panels || Electrical installation || Other construction installation || Other construction installation || Electrical installation, n.e.c.",0.664731|0.439951|0.412831|0.412831|0.409823,0.664731,semantic:raw_category;retrieval:strong_separated_hit,REVIEW_REQUIRED
overture,windows_installation,6,0.00021131224906670423,psic,rev5,,,exact,,,category,windows installation,,,,,4321|4329|43290|43219|43221,"Electrical installation || Other construction installation || Other construction installation || Electrical installation, n.e.c. || Plumbing installation",0.398750|0.373200|0.373200|0.372417|0.369638,0.398750,semantic:raw_category;retrieval:candidates,REVIEW_CANDIDATES
overture,surgery,6,0.00021131224906670423,psic,rev5,,,exact,,,category,surgery,,,,,2823|28230|28|28243|33120,Manufacture of machinery for metallurgy || Manufacture of machinery for metallurgy || Manufacture of Machinery and Equipment n.e.c. || Manufacture of other construction machinery || Repair and maintenance of machinery,0.046622|0.046622|0.028814|0.027884|0.026485,0.046622,semantic:raw_category;retrieval:candidates,REVIEW_CANDIDATES
osm,tourism=attraction,5,0.00017609354088892018,psic,rev5,,,exact,,,category,attraction tourism,,,,,79901|79120|7912|06200|0620,Activities of independent tourist guides || Tour operator activities || Tour operator activities || Extraction of natural gas || Extraction of natural gas,0.118765|0.098629|0.098629|0.095533|0.095533,0.118765,semantic:raw_category;retrieval:candidates,REVIEW_CANDIDATES
osm,amenity=health_post | healthcare=community_health_worker | emergency=no,5,0.00017609354088892018,psic,rev5,,,exact,,,category,health post amenity community health worker healthcare no emergency,,,,,86|869|8699|86999|R,"Human Health Activities || Other human health activities || Other human health activities n.e.c. || All other human health activities, n.e.c. || Human Health and Social Work Activities",0.386256|0.354898|0.343596|0.305914|0.303506,0.386256,semantic:raw_category;retrieval:candidates,REVIEW_CANDIDATES
osm,amenity=bureau_de_change,5,0.00017609354088892018,psic,rev5,,,exact,,,category,bureau de change amenity,,,,,842|841|8019|80190|80111,"Provision of services to the community as a whole || Administration of the State and the economic, social and environmental policies of the community || Security activities n.e.c. || Security activities n.e.c. || Private security activities",0.042905|0.027120|0.025079|0.025079|0.022307,0.042905,semantic:raw_category;retrieval:candidates,REVIEW_CANDIDATES
osm,amenity=nightclub,5,0.00017609354088892018,psic,rev5,,,exact,,,category,nightclub amenity,,,,,842|9312|93120|841|8019,"Provision of services to the community as a whole || Activities of sports clubs || Activities of sports clubs || Administration of the State and the economic, social and environmental policies of the community || Security activities n.e.c.",0.044765|0.039092|0.039092|0.028296|0.026166,0.044765,semantic:raw_category;retrieval:candidates,REVIEW_CANDIDATES
osm,shop=travel_agency,5,0.00017609354088892018,psic,rev5,,,exact,,,category,retail sale travel agency,47,Retail Trade,,,4721|47217|47761|47219|4751,"Retail sale of food || Retail sale of salt || Retail sale of pet || Retail sale of food, n.e.c. || Retail sale of textiles",0.336491|0.317089|0.312377|0.302624|0.301629,0.336491,semantic:osm:shop;retrieval:candidates,REVIEW_CANDIDATES
osm,leisure=swimming_pool,5,0.00017609354088892018,psic,rev5,,,exact,,,category,swimming pool leisure,,,,,621|62190|6219|62|60200,"Computer programming activities || Other computer programming activities || Other computer programming activities || Computer Programming, Consultancy and Related Activities || Television programming, broadcasting and video distribution activities",0.056122|0.054197|0.054197|0.032778|0.029201,0.056122,semantic:raw_category;retrieval:candidates,REVIEW_CANDIDATES
osm,amenity=ice_cream,5,0.00017609354088892018,psic,rev5,,,exact,,,category,ice cream amenity,,,,,901|90130|9013|9012|90129,"Arts creation activities || Other arts creation activities || Other arts creation activities || Visual arts creation activities || Visual arts creation activities, n.e.c.",0.075438|0.070515|0.070515|0.054790|0.050155,0.075438,semantic:raw_category;retrieval:candidates,REVIEW_CANDIDATES
osm,industrial=depot,5,0.00017609354088892018,psic,rev5,,,exact,,,category,depot industrial,,,,,65403|99|990|V|9900,Pre-need plan for memorial and interment || Activities of Extraterritorial Organizations and Bodies || Activities of extraterritorial organizations and bodies || Activities of Extraterritorial Organizations and Bodies || Activities of extraterritorial organizations and bodies,0.028034|0.023620|0.023620|0.023620|0.023620,0.028034,semantic:raw_category;retrieval:candidates,REVIEW_CANDIDATES
osm,man_made=quay,5,0.00017609354088892018,psic,rev5,,,exact,,,category,quay man made,,,,,47513|46413|08105|47|46,"Retail sale of made-up textile goods || Wholesale of made-up textile goods, except wearing apparel || Clay quarrying || Retail Trade || Wholesale Trade",0.158946|0.123285|0.071696|0.065149|0.059074,0.158946,semantic:raw_category;retrieval:candidates,REVIEW_CANDIDATES
osm,shop=seafood,5,0.00017609354088892018,psic,rev5,,,exact,,,category,retail sale seafood,47,Retail Trade,EXACT,47215,47215|4721|47219|47217|47761,"Retail sale of fish, other seafood and seafood products || Retail sale of food || Retail sale of food, n.e.c. || Retail sale of salt || Retail sale of pet",0.670823|0.482417|0.395361|0.381718|0.375501,0.670823,semantic:osm:shop;retrieval:strong_separated_hit,REVIEW_REQUIRED
osm,shop=yes,5,0.00017609354088892018,psic,rev5,,,exact,,,category,retail sale yes,47,Retail Trade,,,4721|47217|47761|4751|47219,"Retail sale of food || Retail sale of salt || Retail sale of pet || Retail sale of textiles || Retail sale of food, n.e.c.",0.664662|0.626592|0.617404|0.597696|0.596959,0.664662,semantic:osm:shop;retrieval:candidates,REVIEW_CANDIDATES
osm,shop=beverages,5,0.00017609354088892018,psic,rev5,,,exact,,,category,retail sale beverages,47,Retail Trade,SUBTREE,4722,4722|47221|472|47222|4721,"Retail sale of beverages || Retail sale of alcoholic beverages || Retail sale of food, beverages and tobacco || Retail sale of non-alcoholic beverages || Retail sale of food",0.841095|0.596075|0.578825|0.541081|0.444428,0.841095,semantic:osm:shop;retrieval:strong_separated_hit,REVIEW_REQUIRED
osm,shop=copyshop,5,0.00017609354088892018,psic,rev5,,,exact,,,category,retail sale copyshop,47,Retail Trade,,,4721|47217|47219|47401|4751,"Retail sale of food || Retail sale of salt || Retail sale of food, n.e.c. || Retail sale of computers || Retail sale of textiles",0.547235|0.511571|0.505199|0.502813|0.502349,0.547235,semantic:osm:shop;retrieval:candidates,REVIEW_CANDIDATES
osm,tourism=viewpoint,5,0.00017609354088892018,psic,rev5,,,exact,,,category,viewpoint tourism,,,,,79901|79120|7912|791|79,"Activities of independent tourist guides || Tour operator activities || Tour operator activities || Travel agency and tour operator activities || Travel Agency, Tour Operator, and Other Travel Related Activities",0.126535|0.099672|0.099672|0.069135|0.048759,0.126535,semantic:raw_category;retrieval:candidates,REVIEW_CANDIDATES
osm,amenity=stage,5,0.00017609354088892018,psic,rev5,,,exact,,,category,stage amenity,,,,,37000|3700|370|37|56304,"Sewerage || Sewerage || Sewerage || Sewerage || Activities of beverage stands, kiosks and counters",0.045589|0.045589|0.045589|0.045589|0.044593,0.045589,semantic:raw_category;retrieval:candidates,REVIEW_CANDIDATES
overture,delicatessen,5,0.00017609354088892018,psic,rev5,,,exact,,,category,delicatessen,,,,,2599|25|25931|25999|259,"Manufacture of other fabricated metal products n.e.c. || Manufacture of Fabricated Metal Products, Except Machinery and Equipment || Manufacture of cutlery and related articles, made of fabricated metal || Manufacture of miscellaneous fabricated metal products, n.e.c. || Manufacture of other fabricated metal products; metalworking service activities",0.043883|0.035254|0.034034|0.032274|0.030214,0.043883,semantic:raw_category;retrieval:candidates,REVIEW_CANDIDATES
overture,playground,5,0.00017609354088892018,psic,rev5,,,exact,,,category,playground,,,,,5920|592|59200|59|222,"Sound recording and music publishing activities || Sound recording and music publishing activities || Sound recording and music publishing activities || Motion Picture, Video and Television Program Production, Sound Recording and Music Publishing Activities || Manufacture of plastics products",0.042169|0.042169|0.042169|0.027794|0.022689,0.042169,semantic:raw_category;retrieval:candidates,REVIEW_CANDIDATES
overture,internet_marketing_service,5,0.00017609354088892018,psic,rev5,,,exact,,,category,internet marketing service,,,,,T|96400|964|9640|56290,Other Service Activities || Intermediation service activities for personal services || Intermediation service activities for personal services || Intermediation service activities for personal services || Other food service activities,0.166122|0.148935|0.148935|0.148935|0.138967,0.166122,semantic:raw_category;retrieval:candidates,REVIEW_CANDIDATES
overture,hardware_home_and_garden_store,5,0.00017609354088892018,psic,rev5,,,exact,,,category,retail sale hardware home and garden,47,Retail Trade,,,47521|4752|47529|4721|47217,"Retail sale of hardware and electrical materials and supplies || Retail sale of hardware, building materials, paints and glass || Retail sale of hardware, building materials, paints and glass, n.e.c. || Retail sale of food || Retail sale of salt",0.330569|0.289219|0.281368|0.264283|0.249286,0.330569,semantic:overture:store_suffix;retrieval:candidates,REVIEW_CANDIDATES
overture,courthouse,5,0.00017609354088892018,psic,rev5,,,exact,,,category,courthouse,,,,,532|5320|53|53300|533,Courier activities || Courier activities || Postal and Courier Activities || Intermediation service activities for postal and courier activities || Intermediation service activities for postal and courier activities,0.096067|0.096067|0.076524|0.054416|0.054416,0.096067,semantic:raw_category;retrieval:candidates,REVIEW_CANDIDATES
overture,granite_supplier,5,0.00017609354088892018,psic,rev5,,,exact,,,category,granite supplier,,,,,052|0520|05200|05|360,"Mining of lignite || Mining of lignite || Mining of lignite || Mining of Coal and Lignite || Water collection, treatment and supply",0.082831|0.082831|0.082831|0.071810|0.052902,0.082831,semantic:raw_category;retrieval:candidates,REVIEW_CANDIDATES
overture,art_museum,5,0.00017609354088892018,psic,rev5,,,exact,,,category,art museum,,,,,91210|9121|91|912|903,"Museum and collection activities || Museum and collection activities || Library, Archives, Museum and Other Cultural Activities || Museum, collection, historical site and monument activities || Support activities to arts creation and performing arts",0.410338|0.410338|0.278084|0.230454|0.032569,0.410338,semantic:raw_category;retrieval:candidates,REVIEW_CANDIDATES
overture,mexican_restaurant,5,0.00017609354088892018,psic,rev5,,,exact,,,category,restaurants and mobile food service activities,561,Restaurants and mobile food service activities,,,561|5610|56109|56101|56103,"Restaurants and mobile food service activities || Restaurants and mobile food service activities || Restaurants and mobile food service activities, n.e.c. || Full-service restaurants activities || Activities of buffet restaurants",1.000000|1.000000|0.975297|0.355586|0.327040,1.000000,semantic:overture:restaurant_suffix;retrieval:candidates,REVIEW_CANDIDATES
overture,dance_club,5,0.00017609354088892018,psic,rev5,,,exact,,,category,dance club,,,,,651|65201|652|6520|6511,Insurance || Reinsurance for life insurance || Reinsurance || Reinsurance || Life insurance,0.061606|0.051273|0.049594|0.049594|0.047087,0.061606,semantic:raw_category;retrieval:candidates,REVIEW_CANDIDATES
overture,auditorium,5,0.00017609354088892018,psic,rev5,,,exact,,,category,auditorium,,,,,9900|990|99|V|99009,"Activities of extraterritorial organizations and bodies || Activities of extraterritorial organizations and bodies || Activities of Extraterritorial Organizations and Bodies || Activities of Extraterritorial Organizations and Bodies || Activities of extraterritorial organizations and bodies, n.e.c",0.047964|0.047964|0.047964|0.047964|0.045468,0.047964,semantic:raw_category;retrieval:candidates,REVIEW_CANDIDATES
overture,metal_supplier,5,0.00017609354088892018,psic,rev5,,,exact,,,category,metal supplier,,,,,07|2511|25119|2599|072,"Mining of Metal Ores || Manufacture of structural metal products || Manufacture of structural metal products, n.e.c. || Manufacture of other fabricated metal products n.e.c. || Mining of non-ferrous metal ores",0.345008|0.294861|0.286006|0.276498|0.244839,0.345008,semantic:raw_category;retrieval:candidates,REVIEW_CANDIDATES
overture,audio_visual_equipment_store,5,0.00017609354088892018,psic,rev5,,,exact,,,category,retail sale audio visual equipment,47,Retail Trade,,,47406|4762|475|47629|4721,"Retail sale of audio and video equipment, including parts and accessories || Retail sale of sporting equipment || Retail sale of other household equipment || Retail sale of sporting equipment, n.e.c. || Retail sale of food",0.403981|0.376916|0.361253|0.346138|0.320703,0.403981,semantic:overture:store_suffix;retrieval:candidates,REVIEW_CANDIDATES
overture,river,5,0.00017609354088892018,psic,rev5,,,exact,,,category,river,,,,,77301|91120|9112|11|110,"Renting and leasing of land transport equipment other than motor vehicles and motorcycles, without driver || Archive activities || Archive activities || Manufacture of Beverages || Manufacture of beverages",0.101552|0.016856|0.016856|0.015172|0.015172,0.101552,semantic:raw_category;retrieval:candidates,REVIEW_CANDIDATES
overture,hair_supply_store,5,0.00017609354088892018,psic,rev5,,,exact,,,category,retail sale hair supply,47,Retail Trade,,,4721|47217|47761|47219|4751,"Retail sale of food || Retail sale of salt || Retail sale of pet || Retail sale of food, n.e.c. || Retail sale of textiles",0.434137|0.407372|0.400483|0.395938|0.394135,0.434137,semantic:overture:store_suffix;retrieval:candidates,REVIEW_CANDIDATES
overture,gardener,5,0.00017609354088892018,psic,rev5,,,exact,,,category,gardener,,,,,1820|182|18209|18|879,"Reproduction of recorded media || Reproduction of recorded media || Reproduction of recorded media, n.e.c. || Printing and Reproduction of Recorded Media || Other residential care activities",0.015478|0.015478|0.013746|0.013498|0.012948,0.015478,semantic:raw_category;retrieval:candidates,REVIEW_CANDIDATES
overture,machine_shop,5,0.00017609354088892018,psic,rev5,,,exact,,,category,machine shop,,,,,2822|28229|28224|28222|28223,"Manufacture of metal-forming machinery and machine tools || Manufacture of metal-forming machinery and machine tools, n.e.c. || Manufacture of parts and accessories for metal-forming machinery and machine tools || Manufacture of other machine-tools for working metal || Manufacture of other machine-tools for working non-metallic materials",0.274968|0.267053|0.229134|0.197942|0.165314,0.274968,semantic:raw_category;retrieval:candidates,REVIEW_CANDIDATES
overture,liquor_store,5,0.00017609354088892018,psic,rev5,,,exact,,,category,retail sale liquor,47,Retail Trade,,,4721|47217|47761|47219|4751,"Retail sale of food || Retail sale of salt || Retail sale of pet || Retail sale of food, n.e.c. || Retail sale of textiles",0.589233|0.552709|0.543266|0.538017|0.535511,0.589233,semantic:overture:store_suffix;retrieval:candidates,REVIEW_CANDIDATES
overture,fishmonger,5,0.00017609354088892018,psic,rev5,,,exact,,,category,fishmonger,,,,,031|0311|03119|03120|0312,"Fishing || Marine fishing || Marine fishing, n.e.c. || Freshwater fishing || Freshwater fishing",0.146140|0.100722|0.086055|0.084813|0.084813,0.146140,semantic:raw_category;retrieval:candidates,REVIEW_CANDIDATES
overture,web_designer,5,0.00017609354088892018,psic,rev5,,,exact,,,category,web designer,,,,,0520|05200|052|879|14,Mining of lignite || Mining of lignite || Mining of lignite || Other residential care activities || Manufacture of Wearing Apparel,0.014008|0.014008|0.014008|0.012780|0.012548,0.014008,semantic:raw_category;retrieval:candidates,REVIEW_CANDIDATES
overture,environmental_conservation_organization,5,0.00017609354088892018,psic,rev5,,,exact,,,category,environmental conservation organization,,,,,94920|9492|94910|9491|94,Activities of political organizations || Activities of political organizations || Activities of religious organizations || Activities of religious organizations || Activities of Membership Organizations,0.134514|0.134514|0.127685|0.127685|0.127585,0.134514,semantic:raw_category;retrieval:candidates,REVIEW_CANDIDATES
overture,media_news_company,5,0.00017609354088892018,psic,rev5,,,exact,,,category,media news company,,,,,60310|6031|603|182|1820,News agency activities || News agency activities || News agency and other content distribution activities || Reproduction of recorded media || Reproduction of recorded media,0.307860|0.307860|0.200487|0.196344|0.196344,0.307860,semantic:raw_category;retrieval:candidates,REVIEW_CANDIDATES
overture,energy_company,5,0.00017609354088892018,psic,rev5,,,exact,,,category,energy company,,,,,622|6220|62200|621|6290,Computer consultancy and computer facilities management activities || Computer consultancy and computer facilities management activities || Computer consultancy and computer facilities management activities || Computer programming activities || Other information technology and computer service activities,0.032775|0.032775|0.032775|0.029731|0.029406,0.032775,semantic:raw_category;retrieval:candidates,REVIEW_CANDIDATES
overture,appliance_repair_service,5,0.00017609354088892018,psic,rev5,,,exact,,,category,appliance repair service,,,,,95221|9522|T|95231|95320,Repair and maintenance of household appliances || Repair and maintenance of household appliances and home and garden equipment || Other Service Activities || Repair and maintenance of footwear || Repair and maintenance of motorcycles,0.321699|0.241357|0.215146|0.212404|0.211441,0.321699,semantic:raw_category;retrieval:candidates,REVIEW_CANDIDATES
overture,septic_service,5,0.00017609354088892018,psic,rev5,,,exact,,,category,septic service,,,,,T|96|5629|56290|9690,Other Service Activities || Personal Service Activities || Other food service activities || Other food service activities || Other personal service activities n.e.c.,0.415589|0.361935|0.346923|0.346923|0.306073,0.415589,semantic:raw_category;retrieval:candidates,REVIEW_CANDIDATES
overture,shooting_range,5,0.00017609354088892018,psic,rev5,,,exact,,,category,shooting range,,,,,1811|18110|50113|181|52322,"Printing || Printing || Renting of ship, with operator || Printing and service activities related to printing || Ticketing and seat reservation for passenger transportation",0.040853|0.040853|0.034358|0.032514|0.027726,0.040853,semantic:raw_category;retrieval:candidates,REVIEW_CANDIDATES
overture,post_office,5,0.00017609354088892018,psic,rev5,,,exact,,,category,post office,,,,,82|8210|821|82109|70100,"Office Administrative, Office Support and Other Business Support Activities || Office administrative and support activities || Office administrative and support activities || Office administrative and support activities, n.e.c. || Activities of head offices",0.327575|0.287371|0.287371|0.278849|0.173306,0.327575,semantic:raw_category;retrieval:candidates,REVIEW_CANDIDATES
overture,publisher,5,0.00017609354088892018,psic,rev5,,,exact,,,category,publisher,,,,,58|5819|58190|58110|5811,Publishing Activities || Other publishing activities || Other publishing activities || Publishing of books || Publishing of books,0.228357|0.227092|0.227092|0.187053|0.187053,0.228357,semantic:raw_category;retrieval:candidates,REVIEW_CANDIDATES
overture,second_hand_store,5,0.00017609354088892018,psic,rev5,,,exact,,,category,retail sale second hand,47,Retail Trade,,,4774|47749|47742|47741|4721,"Retail sale of second-hand goods || Retail sale of second-hand goods, n.e.c. || Retail sale of second-hand books || Retail sale of second-hand clothing, footwear and leather articles || Retail sale of food",0.702431|0.683730|0.668027|0.495576|0.368769,0.702431,semantic:overture:store_suffix;retrieval:candidates,REVIEW_CANDIDATES
osm,amenity=monastery,4,0.00014087483271113616,psic,rev5,,,exact,,,category,monastery amenity,,,,,38300|3830|383|8019|80190,Materials and other waste recovery || Materials and other waste recovery || Materials and other waste recovery || Security activities n.e.c. || Security activities n.e.c.,0.040208|0.040208|0.040208|0.034319|0.034319,0.040208,semantic:raw_category;retrieval:candidates,REVIEW_CANDIDATES
osm,shop=jewelry,4,0.00014087483271113616,psic,rev5,,,exact,,,category,retail sale jewelry,47,Retail Trade,,,47734|4721|47217|47761|47219,"Retail sale of jewelry, watches and clocks || Retail sale of food || Retail sale of salt || Retail sale of pet || Retail sale of food, n.e.c.",0.516930|0.416910|0.391283|0.384703|0.379987,0.516930,semantic:osm:shop;retrieval:candidates,REVIEW_CANDIDATES
osm,tourism=gallery,4,0.00014087483271113616,psic,rev5,,,exact,,,category,gallery tourism,,,,,79901|79120|7912|791|79,"Activities of independent tourist guides || Tour operator activities || Tour operator activities || Travel agency and tour operator activities || Travel Agency, Tour Operator, and Other Travel Related Activities",0.118229|0.095308|0.095308|0.066108|0.046624,0.118229,semantic:raw_category;retrieval:candidates,REVIEW_CANDIDATES
osm,amenity=food_court,4,0.00014087483271113616,psic,rev5,,,exact,,,category,food court amenity,,,,,10|56290|5629|107|1079,Manufacture of Food Products || Other food service activities || Other food service activities || Manufacture of other food products || Manufacture of other food products n.e.c.,0.353972|0.336541|0.336541|0.323146|0.313807,0.353972,semantic:raw_category;retrieval:candidates,REVIEW_CANDIDATES
osm,amenity=fountain,4,0.00014087483271113616,psic,rev5,,,exact,,,category,fountain amenity,,,,,842|841|69|80190|8019,"Provision of services to the community as a whole || Administration of the State and the economic, social and environmental policies of the community || Legal and Accounting Activities || Security activities n.e.c. || Security activities n.e.c.",0.055805|0.038172|0.033687|0.032619|0.032619,0.055805,semantic:raw_category;retrieval:candidates,REVIEW_CANDIDATES
osm,shop=cosmetics,4,0.00014087483271113616,psic,rev5,,,exact,,,category,retail sale cosmetics,47,Retail Trade,,,4721|47217|47761|47219|47401,"Retail sale of food || Retail sale of salt || Retail sale of pet || Retail sale of food, n.e.c. || Retail sale of computers",0.395304|0.370625|0.364208|0.361501|0.360244,0.395304,semantic:osm:shop;retrieval:candidates,REVIEW_CANDIDATES
osm,amenity=townhall | office=government,4,0.00014087483271113616,psic,rev5,,,exact,,,category,general public administration activities,84,Public Administration and Defense; Compulsory Social Security,,,8411|84119|84113|84112|84,"General public administration activities || General public administration activities, n.e.c. || Public administration, local government || Public administration, regional government || Public Administration and Defense; Compulsory Social Security",1.000000|0.970994|0.430826|0.425038|0.356934,1.000000,semantic:osm:amenity=townhall;retrieval:candidates,REVIEW_CANDIDATES
osm,club=sport,4,0.00014087483271113616,psic,rev5,,,exact,,,category,sport club,,,,,93120|9312|931|9319|51,Activities of sports clubs || Activities of sports clubs || Sports activities || Other sports activities || Air Transport,0.242820|0.242820|0.139495|0.125846|0.108460,0.242820,semantic:raw_category;retrieval:candidates,REVIEW_CANDIDATES
osm,shop=e-cigarette,4,0.00014087483271113616,psic,rev5,,,exact,,,category,retail sale e-cigarette,47,Retail Trade,,,4721|47217|47761|47219|4751,"Retail sale of food || Retail sale of salt || Retail sale of pet || Retail sale of food, n.e.c. || Retail sale of textiles",0.380262|0.356359|0.350633|0.347134|0.345523,0.380262,semantic:osm:shop;retrieval:candidates,REVIEW_CANDIDATES
osm,shop=confectionery,4,0.00014087483271113616,psic,rev5,,,exact,,,category,retail sale confectionery,47,Retail Trade,,,4721|47217|47761|47219|47401,"Retail sale of food || Retail sale of salt || Retail sale of pet || Retail sale of food, n.e.c. || Retail sale of computers",0.385790|0.361306|0.354857|0.354066|0.352668,0.385790,semantic:osm:shop;retrieval:candidates,REVIEW_CANDIDATES
osm,amenity=payment_centre,4,0.00014087483271113616,psic,rev5,,,exact,,,category,payment centre amenity,,,,,78|7810|781|78101|93111,Employment Activities || Activities of employment placement agencies || Activities of employment placement agencies || Local employment recruitment and placement activities || Operation of fitness centers,0.066527|0.053521|0.053521|0.051097|0.049589,0.066527,semantic:raw_category;retrieval:candidates,REVIEW_CANDIDATES
osm,shop=outdoor,4,0.00014087483271113616,psic,rev5,,,exact,,,category,retail sale outdoor,47,Retail Trade,,,4721|47217|47761|47219|4751,"Retail sale of food || Retail sale of salt || Retail sale of pet || Retail sale of food, n.e.c. || Retail sale of textiles",0.393326|0.369035|0.362775|0.358851|0.357205,0.393326,semantic:osm:shop;retrieval:candidates,REVIEW_CANDIDATES
osm,office=ngo,4,0.00014087483271113616,psic,rev5,,,exact,,,category,ngo professional service activities,,,,,T|96|94120|9412|N,"Other Service Activities || Personal Service Activities || Activities of professional membership organizations || Activities of professional membership organizations || Professional, Scientific, and Technical Activities",0.419083|0.406655|0.401482|0.401482|0.377118,0.419083,semantic:raw_category;retrieval:candidates,REVIEW_CANDIDATES
osm,amenity=health_post,4,0.00014087483271113616,psic,rev5,,,exact,,,category,health post amenity,,,,,86|869|8699|86999|R,"Human Health Activities || Other human health activities || Other human health activities n.e.c. || All other human health activities, n.e.c. || Human Health and Social Work Activities",0.388059|0.356164|0.344348|0.306878|0.282071,0.388059,semantic:raw_category;retrieval:candidates,REVIEW_CANDIDATES
osm,amenity=payment_terminal,4,0.00014087483271113616,psic,rev5,,,exact,,,category,payment terminal amenity,,,,,78|781|7810|78101|78102,Employment Activities || Activities of employment placement agencies || Activities of employment placement agencies || Local employment recruitment and placement activities || Overseas employment recruitment and placement activities,0.057866|0.046119|0.046119|0.044807|0.041232,0.057866,semantic:raw_category;retrieval:candidates,REVIEW_CANDIDATES
osm,industrial=warehouse,4,0.00014087483271113616,psic,rev5,,,exact,,,category,warehouse industrial,,,,,52101|52102|5210|521|52109,"Operation of grain warehouses || Operation of general merchandise warehouses, except grain warehouses || Warehousing and storage || Warehousing and storage || Warehousing and storage, n.e.c.",0.173044|0.162052|0.158798|0.158798|0.144354,0.173044,semantic:raw_category;retrieval:candidates,REVIEW_CANDIDATES
overture,parking,4,0.00014087483271113616,psic,rev5,,,exact,,,category,parking,,,,,14420|1442|144|14301|14,Custom dressmaking || Custom dressmaking || Custom tailoring and dressmaking || Manufacture of hosiery and medical stockings || Manufacture of Wearing Apparel,0.034447|0.034447|0.030840|0.017820|0.014320,0.034447,semantic:raw_category;retrieval:candidates,REVIEW_CANDIDATES
overture,airport_lounge,4,0.00014087483271113616,psic,rev5,,,exact,,,category,airport lounge,,,,,49427|51|5110|511|512,Operation of airport shuttles || Air Transport || Passenger air transport || Passenger air transport || Freight air transport,0.438273|0.073023|0.057563|0.057563|0.052158,0.438273,semantic:raw_category;retrieval:candidates,REVIEW_CANDIDATES
overture,farmers_market,4,0.00014087483271113616,psic,rev5,,,exact,,,category,farmers market,,,,,7320|732|73200|73|29202,"Market research and public opinion polling activities || Market research and public opinion polling activities || Market research and public opinion polling activities || Activities of Advertising, Market Research, and Public Relations || Manufacture of trailers and semi-trailers",0.297761|0.297761|0.297761|0.284793|0.019339,0.297761,semantic:raw_category;retrieval:candidates,REVIEW_CANDIDATES
overture,storage_facility,4,0.00014087483271113616,psic,rev5,,,exact,,,category,storage facility,,,,,H|521|5210|52109|52213,"Transportation and Storage || Warehousing and storage || Warehousing and storage || Warehousing and storage, n.e.c. || Operation of parking lot and facilities",0.482019|0.460157|0.460157|0.421010|0.118343,0.482019,semantic:raw_category;retrieval:candidates,REVIEW_CANDIDATES
overture,cocktail_bar,4,0.00014087483271113616,psic,rev5,,,exact,,,category,cocktail bar,,,,,4721|47|47761|47712|47217,Retail sale of food || Retail Trade || Retail sale of pet || Retail sale of footwear || Retail sale of salt,0.046694|0.046223|0.045895|0.043196|0.042177,0.046694,semantic:raw_category;retrieval:candidates,REVIEW_CANDIDATES
overture,commercial_real_estate,4,0.00014087483271113616,psic,rev5,,,exact,,,category,commercial real estate,,,,,M|68|6821|68210|682,Real Estate Activities || Real Estate Activities || Intermediation service activities for real estate || Intermediation service activities for real estate || Real estate activities on a fee or contract basis,0.693802|0.693802|0.506746|0.506746|0.412262,0.693802,semantic:raw_category;retrieval:candidates,REVIEW_CANDIDATES
overture,ramen_restaurant,4,0.00014087483271113616,psic,rev5,,,exact,,,category,restaurants and mobile food service activities,561,Restaurants and mobile food service activities,,,561|5610|56109|56101|56103,"Restaurants and mobile food service activities || Restaurants and mobile food service activities || Restaurants and mobile food service activities, n.e.c. || Full-service restaurants activities || Activities of buffet restaurants",1.000000|1.000000|0.975297|0.355586|0.327040,1.000000,semantic:overture:restaurant_suffix;retrieval:candidates,REVIEW_CANDIDATES
overture,badminton_court,4,0.00014087483271113616,psic,rev5,,,exact,,,category,badminton court,,,,,84117|532|5320|53|O,"Administration of constitutional bodies and oversight functions, excluding courts || Courier activities || Courier activities || Postal and Courier Activities || Administrative and Support Service Activities",0.075348|0.067785|0.067785|0.053996|0.048926,0.075348,semantic:raw_category;retrieval:candidates,REVIEW_CANDIDATES
overture,doner_kebab_restaurant,4,0.00014087483271113616,psic,rev5,,,exact,,,category,restaurants and mobile food service activities,561,Restaurants and mobile food service activities,,,561|5610|56109|56101|56103,"Restaurants and mobile food service activities || Restaurants and mobile food service activities || Restaurants and mobile food service activities, n.e.c. || Full-service restaurants activities || Activities of buffet restaurants",1.000000|1.000000|0.975297|0.355586|0.327040,1.000000,semantic:overture:restaurant_suffix;retrieval:candidates,REVIEW_CANDIDATES
overture,music_and_dvd_store,4,0.00014087483271113616,psic,rev5,,,exact,,,category,retail sale music and dvd,47,Retail Trade,,,47692|4721|47217|47761|47219,"Retail sale of music and video recordings in physical media || Retail sale of food || Retail sale of salt || Retail sale of pet || Retail sale of food, n.e.c.",0.488531|0.396067|0.374831|0.370034|0.351124,0.488531,semantic:overture:store_suffix;retrieval:candidates,REVIEW_CANDIDATES
overture,sushi_restaurant,4,0.00014087483271113616,psic,rev5,,,exact,,,category,restaurants and mobile food service activities,561,Restaurants and mobile food service activities,,,561|5610|56109|56101|56103,"Restaurants and mobile food service activities || Restaurants and mobile food service activities || Restaurants and mobile food service activities, n.e.c. || Full-service restaurants activities || Activities of buffet restaurants",1.000000|1.000000|0.975297|0.355586|0.327040,1.000000,semantic:overture:restaurant_suffix;retrieval:candidates,REVIEW_CANDIDATES
overture,gastropub,4,0.00014087483271113616,psic,rev5,,,exact,,,category,gastropub,,,,,3520|35200|352|06200|062,Manufacture of gas; distribution of gaseous fuels through mains || Manufacture of gas; distribution of gaseous fuels through mains || Manufacture of gas; distribution of gaseous fuels through mains || Extraction of natural gas || Extraction of natural gas,0.050479|0.050479|0.050479|0.048278|0.048278,0.050479,semantic:raw_category;retrieval:candidates,REVIEW_CANDIDATES
overture,theatre_venue,4,0.00014087483271113616,psic,rev5,,,exact,,,category,theatre venue,,,,,86222|382|360|36|3600,"Private pediatric clinic activities || Waste treatment and disposal || Water collection, treatment and supply || Water Collection, Treatment and Supply || Water collection, treatment and supply",0.031064|0.025043|0.023379|0.023379|0.023379,0.031064,semantic:raw_category;retrieval:candidates,REVIEW_CANDIDATES
overture,lodge,4,0.00014087483271113616,psic,rev5,,,exact,,,category,lodge,,,,,0220|022|02209|37000|37,"Logging || Logging || Logging, n.e.c. || Sewerage || Sewerage",0.048362|0.048362|0.040853|0.040585|0.040585,0.048362,semantic:raw_category;retrieval:candidates,REVIEW_CANDIDATES
overture,fish_farm,4,0.00014087483271113616,psic,rev5,,,exact,,,category,fish farm,,,,,01615|01623|03217|031|0311,Rental of farm machinery with operators || Farm management services for animal production || Culturing of marine ornamental fish || Fishing || Marine fishing,0.302175|0.296971|0.206953|0.121220|0.083547,0.302175,semantic:raw_category;retrieval:candidates,REVIEW_CANDIDATES
overture,american_restaurant,4,0.00014087483271113616,psic,rev5,,,exact,,,category,restaurants and mobile food service activities,561,Restaurants and mobile food service activities,,,561|5610|56109|56101|56103,"Restaurants and mobile food service activities || Restaurants and mobile food service activities || Restaurants and mobile food service activities, n.e.c. || Full-service restaurants activities || Activities of buffet restaurants",1.000000|1.000000|0.975297|0.355586|0.327040,1.000000,semantic:overture:restaurant_suffix;retrieval:candidates,REVIEW_CANDIDATES
overture,industrial_company,4,0.00014087483271113616,psic,rev5,,,exact,,,category,industrial company,,,,,84300|8430|843|6220|62200,Compulsory social security activities || Compulsory social security activities || Compulsory social security activities || Computer consultancy and computer facilities management activities || Computer consultancy and computer facilities management activities,0.031633|0.031633|0.031633|0.031370|0.031370,0.031633,semantic:raw_category;retrieval:candidates,REVIEW_CANDIDATES
overture,fabric_store,4,0.00014087483271113616,psic,rev5,,,exact,,,category,retail sale fabric,47,Retail Trade,,,4721|47217|47219|47761|4751,"Retail sale of food || Retail sale of salt || Retail sale of food, n.e.c. || Retail sale of pet || Retail sale of textiles",0.557497|0.521622|0.513218|0.512073|0.510451,0.557497,semantic:overture:store_suffix;retrieval:candidates,REVIEW_CANDIDATES
overture,geographic_entities,4,0.00014087483271113616,psic,rev5,,,exact,,,category,geographic entities,,,,,621|6219|62190|87|879,Computer programming activities || Other computer programming activities || Other computer programming activities || Residential Care Activities || Other residential care activities,0.033521|0.032371|0.032371|0.030016|0.028639,0.033521,semantic:raw_category;retrieval:candidates,REVIEW_CANDIDATES
overture,emissions_inspection,4,0.00014087483271113616,psic,rev5,,,exact,,,category,emissions inspection,,,,,4329|43290|43|439|4390,Other construction installation || Other construction installation || Specialized Construction Activities || Other specialized construction activities || Other specialized construction activities,0.051608|0.051608|0.050468|0.048741|0.048741,0.051608,semantic:raw_category;retrieval:candidates,REVIEW_CANDIDATES
overture,electric_utility_provider,4,0.00014087483271113616,psic,rev5,,,exact,,,category,electric utility provider,,,,,35132|27113|2711|35131|27320,"Electric power distribution activities || Manufacture of electric generating sets || Manufacture of electric motors, generators, transformers and electric generating sets || Electric power transmission activities || Manufacture of other electronic and electric wires and cables",0.232517|0.217123|0.212928|0.208327|0.199041,0.232517,semantic:raw_category;retrieval:candidates,REVIEW_CANDIDATES
overture,nature_reserve,4,0.00014087483271113616,psic,rev5,,,exact,,,category,nature reserve,,,,,062|0620|06200|72104|721,Extraction of natural gas || Extraction of natural gas || Extraction of natural gas || Research and experimental development in other natural sciences || Research and experimental development on natural sciences and engineering,0.099138|0.099138|0.099138|0.082619|0.075234,0.099138,semantic:raw_category;retrieval:candidates,REVIEW_CANDIDATES
overture,urban_farm,4,0.00014087483271113616,psic,rev5,,,exact,,,category,urban farm,,,,,21|86|869|8699|86999,"Manufacture of Basic Pharmaceutical Products and Pharmaceutical Preparations || Human Health Activities || Other human health activities || Other human health activities n.e.c. || All other human health activities, n.e.c.",0.010251|0.009981|0.009538|0.008921|0.008137,0.010251,semantic:raw_category;retrieval:candidates,REVIEW_CANDIDATES
overture,hobby_shop,4,0.00014087483271113616,psic,rev5,,,exact,,,category,hobby shop,,,,,01441|0161|01619|0163|01639,"Raising and breeding of sheep, including sheep shearing by the owner || Support activities for crop production || Support activities for crop production, n.e.c. || Post-harvest crop activities || Post-harvest crop activities, n.e.c.",0.025190|0.022661|0.020138|0.017653|0.016541,0.025190,semantic:raw_category;retrieval:candidates,REVIEW_CANDIDATES
overture,dry_cleaning,4,0.00014087483271113616,psic,rev5,,,exact,,,category,dry cleaning,,,,,07|B|071|07100|0710,Mining of Metal Ores || Mining and Quarrying || Mining of iron ores || Mining of iron ores || Mining of iron ores,0.036472|0.035174|0.034583|0.034583|0.034583,0.036472,semantic:raw_category;retrieval:candidates,REVIEW_CANDIDATES
overture,commercial_refrigeration,4,0.00014087483271113616,psic,rev5,,,exact,,,category,commercial refrigeration,,,,,55101|55102|55202|88|889,Operation of hotels || Operation of motels || Operation of hostels || Social Work Activities Without Accommodation || Other social work activities without accommodation,0.047470|0.047182|0.042629|0.040973|0.039993,0.047470,semantic:raw_category;retrieval:candidates,REVIEW_CANDIDATES
overture,luggage_store,4,0.00014087483271113616,psic,rev5,,,exact,,,category,retail sale luggage,47,Retail Trade,,,4721|47217|47761|47219|4751,"Retail sale of food || Retail sale of salt || Retail sale of pet || Retail sale of food, n.e.c. || Retail sale of textiles",0.400498|0.375713|0.369313|0.365560|0.363868,0.400498,semantic:overture:store_suffix;retrieval:candidates,REVIEW_CANDIDATES
overture,aquatic_pet_store,4,0.00014087483271113616,psic,rev5,,,exact,,,category,retail sale aquatic pet,47,Retail Trade,EXACT,47761,47761|4776|47762|4721|47217,Retail sale of pet || Retail sale of pet and pet supplies || Retail sale of pet supplies || Retail sale of food || Retail sale of salt,0.606131|0.485352|0.473551|0.342971|0.322897,0.606131,semantic:overture:store_suffix;retrieval:strong_separated_hit,REVIEW_REQUIRED
overture,gun_and_ammo_store,4,0.00014087483271113616,psic,rev5,,,exact,,,category,retail sale gun and ammo,47,Retail Trade,,,4721|47217|47761|47219|4751,"Retail sale of food || Retail sale of salt || Retail sale of pet || Retail sale of food, n.e.c. || Retail sale of textiles",0.569126|0.533743|0.524574|0.519991|0.517538,0.569126,semantic:overture:store_suffix;retrieval:candidates,REVIEW_CANDIDATES
overture,motorsports_store,4,0.00014087483271113616,psic,rev5,,,exact,,,category,retail sale motorsports,47,Retail Trade,,,47831|4721|4781|47819|47217,"Retail sale of motorcycles || Retail sale of food || Retail sale of motor vehicles || Retail sale of motor vehicles, n.e.c. || Retail sale of salt",0.558663|0.550617|0.543937|0.517640|0.514883,0.558663,semantic:overture:store_suffix;retrieval:candidates,REVIEW_CANDIDATES
overture,fitness_trainer,4,0.00014087483271113616,psic,rev5,,,exact,,,category,fitness trainer,,,,,82990|8299|829|29202|29,"Other business support service activities n.e.c. || Other business support service activities n.e.c. || Business support service activities n.e.c. || Manufacture of trailers and semi-trailers || Manufacture of Motor Vehicles, Trailers and Semi-Trailers",0.048088|0.048088|0.047891|0.041853|0.037234,0.048088,semantic:raw_category;retrieval:candidates,REVIEW_CANDIDATES
overture,service_apartment,4,0.00014087483271113616,psic,rev5,,,exact,,,category,service apartment,,,,,T|96|5629|56290|09,Other Service Activities || Personal Service Activities || Other food service activities || Other food service activities || Mining Support Service Activities,0.223197|0.189365|0.186572|0.186572|0.161686,0.223197,semantic:raw_category;retrieval:candidates,REVIEW_CANDIDATES
overture,charity_organization,4,0.00014087483271113616,psic,rev5,,,exact,,,category,charity organization,,,,,94920|9492|94910|9491|94,Activities of political organizations || Activities of political organizations || Activities of religious organizations || Activities of religious organizations || Activities of Membership Organizations,0.196807|0.196807|0.188284|0.188284|0.188136,0.196807,semantic:raw_category;retrieval:candidates,REVIEW_CANDIDATES
overture,political_organization,4,0.00014087483271113616,psic,rev5,,,exact,,,category,political organization,,,,,94920|9492|94910|9491|94,Activities of political organizations || Activities of political organizations || Activities of religious organizations || Activities of religious organizations || Activities of Membership Organizations,0.587374|0.587374|0.168714|0.168714|0.168581,0.587374,semantic:raw_category;retrieval:candidates,REVIEW_CANDIDATES
overture,agricultural_cooperative,4,0.00014087483271113616,psic,rev5,,,exact,,,category,agricultural cooperative,,,,,77306|81291|A|01611|016,"Rental and leasing of agricultural and forestry machinery, without operator || Disinfecting and exterminating activities including non-agricultural pest control services || Agriculture, Forestry and Fishing || Operation of irrigation systems through cooperatives and associations || Support activities to agriculture and post-harvest crop activities",0.255943|0.178274|0.156212|0.124033|0.118334,0.255943,semantic:raw_category;retrieval:candidates,REVIEW_CANDIDATES
overture,passport_and_visa_service,4,0.00014087483271113616,psic,rev5,,,exact,,,category,passport and visa service,,,,,T|96|09|829|O,Other Service Activities || Personal Service Activities || Mining Support Service Activities || Business support service activities n.e.c. || Administrative and Support Service Activities,0.359964|0.316018|0.304401|0.280776|0.275600,0.359964,semantic:raw_category;retrieval:candidates,REVIEW_CANDIDATES
overture,youth_organization,4,0.00014087483271113616,psic,rev5,,,exact,,,category,youth organization,,,,,94920|9492|94910|9491|94,Activities of political organizations || Activities of political organizations || Activities of religious organizations || Activities of religious organizations || Activities of Membership Organizations,0.233496|0.233496|0.223384|0.223384|0.223208,0.233496,semantic:raw_category;retrieval:candidates,REVIEW_CANDIDATES
overture,real_estate_investment,4,0.00014087483271113616,psic,rev5,,,exact,,,category,real estate investment,,,,,68|M|68210|6821|682,Real Estate Activities || Real Estate Activities || Intermediation service activities for real estate || Intermediation service activities for real estate || Real estate activities on a fee or contract basis,0.662283|0.662283|0.485778|0.485778|0.391837,0.662283,semantic:raw_category;retrieval:candidates,REVIEW_CANDIDATES
overture,train_station,4,0.00014087483271113616,psic,rev5,,,exact,,,category,train station,,,,,52101|85592|H|523|522,Operation of grain warehouses || Non-formal instruction and training service activities || Transportation and Storage || Intermediation service activities for transportation || Support activities for transportation,0.094853|0.091885|0.081366|0.075666|0.073820,0.094853,semantic:raw_category;retrieval:candidates,REVIEW_CANDIDATES
osm,amenity=bus_station,3,0.00010565612453335212,psic,rev5,,,exact,,,category,bus station amenity,,,,,49201|49202|49203|52211|H,"Inter-regional bus transport operation || Intra-regional bus transport operation || Non-scheduled and chartered bus operation || Operation of terminal facilities such as bus terminals, jeepney terminals and tricycle terminals || Transportation and Storage",0.205885|0.202921|0.185337|0.118045|0.055937,0.205885,semantic:raw_category;retrieval:candidates,REVIEW_CANDIDATES
osm,leisure=track,3,0.00010565612453335212,psic,rev5,,,exact,,,category,track leisure,,,,,30129|3012|30|51|47,"Manufacture of pleasure and sporting boats, n.e.c. || Building of pleasure and sporting boats || Manufacture of Other Transport Equipment || Air Transport || Retail Trade",0.050968|0.047253|0.026373|0.025881|0.025651,0.050968,semantic:raw_category;retrieval:candidates,REVIEW_CANDIDATES
osm,amenity=conference_centre,3,0.00010565612453335212,psic,rev5,,,exact,,,category,conference centre amenity,,,,,98200|9820|982|98100|9810,Undifferentiated service-producing activities of private households for own use || Undifferentiated service-producing activities of private households for own use || Undifferentiated service-producing activities of private households for own use || Undifferentiated goods-producing activities of private households for their own use || Undifferentiated goods-producing activities of private households for their own use,0.028680|0.028680|0.028680|0.027282|0.027282,0.028680,semantic:raw_category;retrieval:candidates,REVIEW_CANDIDATES
osm,shop=watches,3,0.00010565612453335212,psic,rev5,,,exact,,,category,retail sale watches,47,Retail Trade,,,47734|4721|47217|47761|47219,"Retail sale of jewelry, watches and clocks || Retail sale of food || Retail sale of salt || Retail sale of pet || Retail sale of food, n.e.c.",0.523419|0.432599|0.406455|0.399836|0.392870,0.523419,semantic:osm:shop;retrieval:candidates,REVIEW_CANDIDATES
osm,office=property_management,3,0.00010565612453335212,psic,rev5,,,exact,,,category,property management professional service activities,,,,,390|39|39000|3900|T,Remediation and other waste management service activities || Remediation and Other Waste Management Service Activities || Remediation and other waste management service activities || Remediation and other waste management service activities || Other Service Activities,0.350312|0.350312|0.350312|0.350312|0.299654,0.350312,semantic:raw_category;retrieval:candidates,REVIEW_CANDIDATES
osm,shop=wholesale,3,0.00010565612453335212,psic,rev5,,,exact,,,category,retail sale wholesale,47,Retail Trade,,,4721|47217|47761|4751|47219,"Retail sale of food || Retail sale of salt || Retail sale of pet || Retail sale of textiles || Retail sale of food, n.e.c.",0.546273|0.514605|0.505767|0.497352|0.494229,0.546273,semantic:osm:shop;retrieval:candidates,REVIEW_CANDIDATES
osm,leisure=water_park,3,0.00010565612453335212,psic,rev5,,,exact,,,category,water park leisure,,,SUBTREE,50,50|502|5021|50220|5022,Water Transport || Inland water transport || Inland passenger water transport || Inland freight water transport || Inland freight water transport,0.463524|0.324975|0.270294|0.267428|0.267428,0.463524,semantic:raw_category;retrieval:strong_separated_hit,REVIEW_REQUIRED
osm,shop=toys,3,0.00010565612453335212,psic,rev5,,,exact,,,category,retail sale toys,47,Retail Trade,,,47630|4763|4721|47217|47761,Retail sale of games and toys || Retail sale of games and toys || Retail sale of food || Retail sale of salt || Retail sale of pet,0.643551|0.643551|0.471575|0.444169|0.437465,0.643551,semantic:osm:shop;retrieval:candidates,REVIEW_CANDIDATES
osm,healthcare=birthing_centre,3,0.00010565612453335212,psic,rev5,,,exact,,,category,birthing centre healthcare,,,,,86|869|8699|86999|R,"Human Health Activities || Other human health activities || Other human health activities n.e.c. || All other human health activities, n.e.c. || Human Health and Social Work Activities",0.131018|0.125211|0.117113|0.106818|0.103750,0.131018,semantic:raw_category;retrieval:candidates,REVIEW_CANDIDATES
osm,craft=photographer,3,0.00010565612453335212,psic,rev5,,,exact,,,category,photographer craft,,,,,6219|62190|621|62|59113,"Other computer programming activities || Other computer programming activities || Computer programming activities || Computer Programming, Consultancy and Related Activities || Production of television or video news programs",0.029583|0.029583|0.024607|0.017956|0.017345,0.029583,semantic:raw_category;retrieval:candidates,REVIEW_CANDIDATES
osm,shop=boutique,3,0.00010565612453335212,psic,rev5,,,exact,,,category,retail sale boutique,47,Retail Trade,,,4721|47743|47217|47219|47761,"Retail sale of food || Retail sale of antiques || Retail sale of salt || Retail sale of food, n.e.c. || Retail sale of pet",0.551774|0.542877|0.516017|0.508746|0.506448,0.551774,semantic:osm:shop;retrieval:candidates,REVIEW_CANDIDATES
osm,craft=electrician,3,0.00010565612453335212,psic,rev5,,,exact,,,category,electrician craft,,,,,27|27122|2790|279|27320,Manufacture of Electrical Equipment || Manufacture of electricity distribution equipment || Manufacture of other electrical equipment || Manufacture of other electrical equipment || Manufacture of other electronic and electric wires and cables,0.129916|0.126699|0.123953|0.123953|0.122411,0.129916,semantic:raw_category;retrieval:candidates,REVIEW_CANDIDATES
osm,amenity=recycling,3,0.00010565612453335212,psic,rev5,,,exact,,,category,recycling amenity,,,,,932|9329|80190|8019|93299,"Amusement and recreation activities || Other amusement and recreation activities || Security activities n.e.c. || Security activities n.e.c. || Other amusement and recreation activities, n.e.c.",0.033539|0.032400|0.031123|0.031123|0.029962,0.033539,semantic:raw_category;retrieval:candidates,REVIEW_CANDIDATES
osm,amenity=courthouse,3,0.00010565612453335212,psic,rev5,,,exact,,,category,courthouse amenity,,,,,532|5320|53|53300|533,Courier activities || Courier activities || Postal and Courier Activities || Intermediation service activities for postal and courier activities || Intermediation service activities for postal and courier activities,0.078004|0.078004|0.062136|0.044185|0.044185,0.078004,semantic:raw_category;retrieval:candidates,REVIEW_CANDIDATES
osm,tourism=yes,3,0.00010565612453335212,psic,rev5,,,exact,,,category,yes tourism,,,,,79901|79120|7912|791|79,"Activities of independent tourist guides || Tour operator activities || Tour operator activities || Travel agency and tour operator activities || Travel Agency, Tour Operator, and Other Travel Related Activities",0.169579|0.137151|0.137151|0.095131|0.067094,0.169579,semantic:raw_category;retrieval:candidates,REVIEW_CANDIDATES
osm,amenity=animal_breeding,3,0.00010565612453335212,psic,rev5,,,exact,,,category,animal breeding amenity,,,,,014|01442|01411|0146|01412,Animal production || Raising and breeding of goats || Raising and breeding of cattle || Raising and breeding of chickens || Raising and breeding of carabaos,0.382065|0.336914|0.327531|0.323619|0.313131,0.382065,semantic:raw_category;retrieval:candidates,REVIEW_CANDIDATES
osm,amenity=boat_rental,3,0.00010565612453335212,psic,rev5,,,exact,,,category,boat rental amenity,,,,,77|7710|771|77100|77292,Rental and Leasing Activities || Rental and leasing of motor vehicles || Rental and leasing of motor vehicles || Rental and leasing of motor vehicles || Rental and leasing of household furniture,0.367946|0.306366|0.306366|0.306366|0.275271,0.367946,semantic:raw_category;retrieval:candidates,REVIEW_CANDIDATES
osm,shop=tattoo,3,0.00010565612453335212,psic,rev5,,,exact,,,category,retail sale tattoo,47,Retail Trade,,,4721|47217|47761|47219|4751,"Retail sale of food || Retail sale of salt || Retail sale of pet || Retail sale of food, n.e.c. || Retail sale of textiles",0.392551|0.368752|0.362711|0.356736|0.355227,0.392551,semantic:osm:shop;retrieval:candidates,REVIEW_CANDIDATES
osm,emergency=ambulance_station,3,0.00010565612453335212,psic,rev5,,,exact,,,category,ambulance station emergency,,,,,6031|60310|79110|7911|603,News agency activities || News agency activities || Travel agency activities || Travel agency activities || News agency and other content distribution activities,0.095103|0.095103|0.088232|0.088232|0.068520,0.095103,semantic:raw_category;retrieval:candidates,REVIEW_CANDIDATES
osm,office=advertising_agency,3,0.00010565612453335212,psic,rev5,,,exact,,,category,advertising agency professional service activities,,,,,73101|7310|731|73109|T,"Activities of advertising agency, except billboard and outdoor advertising activities || Advertising activities || Advertising activities || Advertising activities, n.e.c. || Other Service Activities",0.476546|0.454701|0.454701|0.426230|0.272362,0.476546,semantic:raw_category;retrieval:candidates,REVIEW_CANDIDATES
osm,office=logistics,3,0.00010565612453335212,psic,rev5,,,exact,,,category,logistics professional service activities,,,,,T|96|94120|9412|N,"Other Service Activities || Personal Service Activities || Activities of professional membership organizations || Activities of professional membership organizations || Professional, Scientific, and Technical Activities",0.317498|0.308045|0.305924|0.305924|0.287219,0.317498,semantic:raw_category;retrieval:candidates,REVIEW_CANDIDATES
osm,industrial=petroleum_terminal,3,0.00010565612453335212,psic,rev5,,,exact,,,category,petroleum terminal industrial,,,,,0610|06100|061|19|06,Extraction of crude petroleum || Extraction of crude petroleum || Extraction of crude petroleum || Manufacture of Coke and Refined Petroleum Products || Extraction of Crude Petroleum and Natural Gas,0.273732|0.273732|0.273732|0.231357|0.224486,0.273732,semantic:raw_category;retrieval:candidates,REVIEW_CANDIDATES
osm,office=water_utility,3,0.00010565612453335212,psic,rev5,,,exact,,,category,water utility professional service activities,,,,,T|96|94120|9412|N,"Other Service Activities || Personal Service Activities || Activities of professional membership organizations || Activities of professional membership organizations || Professional, Scientific, and Technical Activities",0.320695|0.308749|0.308475|0.308475|0.289471,0.320695,semantic:raw_category;retrieval:candidates,REVIEW_CANDIDATES
osm,shop=rice,3,0.00010565612453335212,psic,rev5,,,exact,,,category,retail sale rice,47,Retail Trade,,,4721|47217|47216|47761|47219,"Retail sale of food || Retail sale of salt || Retail sale of rice, corn and other cereals || Retail sale of pet || Retail sale of food, n.e.c.",0.490949|0.463020|0.460143|0.456324|0.440332,0.490949,semantic:osm:shop;retrieval:candidates,REVIEW_CANDIDATES
osm,amenity=theatre,3,0.00010565612453335212,psic,rev5,,,exact,,,category,theatre amenity,,,,,842|841|80190|8019|80111,"Provision of services to the community as a whole || Administration of the State and the economic, social and environmental policies of the community || Security activities n.e.c. || Security activities n.e.c. || Private security activities",0.089447|0.068893|0.040867|0.040867|0.036351,0.089447,semantic:raw_category;retrieval:candidates,REVIEW_CANDIDATES
osm,amenity=doctors | healthcare=doctor,3,0.00010565612453335212,psic,rev5,,,exact,,,category,medical and dental practice activities,862,Medical and dental practice activities,,,862|86210|8621|8622|86229,"Medical and dental practice activities || Public medical and dental practice activities || Public medical and dental practice activities || Private medical and dental practice activities || Private medical and dental practice activities, n.e.c.",1.000000|0.888677|0.888677|0.882239|0.856952,1.000000,semantic:osm:amenity=doctors;retrieval:candidates,REVIEW_CANDIDATES
osm,shop=greengrocer,3,0.00010565612453335212,psic,rev5,,,exact,,,category,retail sale greengrocer,47,Retail Trade,,,4721|47217|47219|4751|47401,"Retail sale of food || Retail sale of salt || Retail sale of food, n.e.c. || Retail sale of textiles || Retail sale of computers",0.527708|0.492444|0.489940|0.486929|0.483865,0.527708,semantic:osm:shop;retrieval:candidates,REVIEW_CANDIDATES
osm,amenity=gambling,3,0.00010565612453335212,psic,rev5,,,exact,,,category,gambling amenity,,,,,9200|920|92|92009|842,"Gambling and betting activities || Gambling and betting activities || Gambling and Betting Activities || Gambling and betting activities, n.e.c. || Provision of services to the community as a whole",0.495523|0.495523|0.495523|0.477672|0.052476,0.495523,semantic:raw_category;retrieval:candidates,REVIEW_CANDIDATES
osm,amenity=community_centre | leisure=sports_hall,3,0.00010565612453335212,psic,rev5,,,exact,,,category,community centre amenity sports hall leisure,,,,,931|9319|93199|93120|9312,"Sports activities || Other sports activities || Other sports activities, n.e.c. || Activities of sports clubs || Activities of sports clubs",0.322416|0.259413|0.241201|0.208486|0.208486,0.322416,semantic:raw_category;retrieval:candidates,REVIEW_CANDIDATES
osm,amenity=place_of_mourning,3,0.00010565612453335212,psic,rev5,,,exact,,,category,place of mourning amenity,,,,,310|31|31022|3102|31029,"Manufacture of furniture || Manufacture of Furniture || Manufacture of plastic furniture || Manufacture of other furniture || Manufacture of other furniture, n.e.c.",0.141067|0.141067|0.124635|0.123598|0.116913,0.141067,semantic:raw_category;retrieval:candidates,REVIEW_CANDIDATES
osm,leisure=stadium,3,0.00010565612453335212,psic,rev5,,,exact,,,category,stadium leisure,,,,,651|15|31|310|15203,Insurance || Manufacture of Leather and Related Products || Manufacture of Furniture || Manufacture of furniture || Manufacture of indigenous and traditional footwear,0.020313|0.019409|0.018511|0.018511|0.017955,0.020313,semantic:raw_category;retrieval:candidates,REVIEW_CANDIDATES
overture,tobacco_shop,3,0.00010565612453335212,psic,rev5,,,exact,,,category,tobacco shop,,,,,120|1200|12|12009|12004,"Manufacture of tobacco products || Manufacture of tobacco products || Manufacture of Tobacco Products || Tobacco manufacturing, n.e.c. || Stemming and curing, including redrying of tobacco leaves",0.378900|0.378900|0.378900|0.352069|0.176738,0.378900,semantic:raw_category;retrieval:candidates,REVIEW_CANDIDATES
overture,poultry_farm,3,0.00010565612453335212,psic,rev5,,,exact,,,category,poultry farm,,,,,0147|01479|01615|01623|01622,"Raising of poultry, except chickens || Raising of poultry, except chickens, n.e.c. || Rental of farm machinery with operators || Farm management services for animal production || Egg-hatching, sex determination and other poultry service activities",0.287283|0.279814|0.268313|0.261911|0.220890,0.287283,semantic:raw_category;retrieval:candidates,REVIEW_CANDIDATES
overture,cosmetics_and_fragrance_store,3,0.00010565612453335212,psic,rev5,,,exact,,,category,retail sale cosmetics and fragrance,47,Retail Trade,,,4721|47217|47761|47219|47401,"Retail sale of food || Retail sale of salt || Retail sale of pet || Retail sale of food, n.e.c. || Retail sale of computers",0.325240|0.305340|0.300249|0.296144|0.295284,0.325240,semantic:overture:store_suffix;retrieval:candidates,REVIEW_CANDIDATES
overture,lighting_store,3,0.00010565612453335212,psic,rev5,,,exact,,,category,retail sale lighting,47,Retail Trade,,,4721|47591|47217|47761|47219,"Retail sale of food || Retail sale of home furniture, fixtures and lighting equipment || Retail sale of salt || Retail sale of pet || Retail sale of food, n.e.c.",0.449929|0.441457|0.422725|0.415836|0.408644,0.449929,semantic:overture:store_suffix;retrieval:candidates,REVIEW_CANDIDATES
overture,amusement_park,3,0.00010565612453335212,psic,rev5,,,exact,,,category,amusement park,,,,,932|9329|93299|9321|93210,"Amusement and recreation activities || Other amusement and recreation activities || Other amusement and recreation activities, n.e.c. || Activities of amusement parks and theme parks || Activities of amusement parks and theme parks",0.490530|0.452435|0.435351|0.414378|0.414378,0.490530,semantic:raw_category;retrieval:candidates,REVIEW_CANDIDATES
overture,mens_clothing_store,3,0.00010565612453335212,psic,rev5,,,exact,,,category,retail sale mens clothing,47,Retail Trade,,,47711|4771|47719|4721|47217,"Retail sale of garments, clothing, wearing apparel and clothing accessories || Retail sale of clothing, footwear and leather articles || Retail sale of clothing, footwear and leather articles, n.e.c. || Retail sale of food || Retail sale of salt",0.511604|0.475407|0.465201|0.432611|0.405655,0.511604,semantic:overture:store_suffix;retrieval:candidates,REVIEW_CANDIDATES
overture,water_park,3,0.00010565612453335212,psic,rev5,,,exact,,,category,water park,,,SUBTREE,50,50|502|5021|50220|5022,Water Transport || Inland water transport || Inland passenger water transport || Inland freight water transport || Inland freight water transport,0.485405|0.341569|0.284429|0.281079|0.281079,0.485405,semantic:raw_category;retrieval:strong_separated_hit,REVIEW_REQUIRED
overture,vietnamese_restaurant,3,0.00010565612453335212,psic,rev5,,,exact,,,category,restaurants and mobile food service activities,561,Restaurants and mobile food service activities,,,561|5610|56109|56101|56103,"Restaurants and mobile food service activities || Restaurants and mobile food service activities || Restaurants and mobile food service activities, n.e.c. || Full-service restaurants activities || Activities of buffet restaurants",1.000000|1.000000|0.975297|0.355586|0.327040,1.000000,semantic:overture:restaurant_suffix;retrieval:candidates,REVIEW_CANDIDATES
overture,camera_and_photography_store,3,0.00010565612453335212,psic,rev5,,,exact,,,category,retail sale camera and photography,47,Retail Trade,,,47737|4721|47217|47219|47761,"Retail sale of photographic equipment and supplies || Retail sale of food || Retail sale of salt || Retail sale of food, n.e.c. || Retail sale of pet",0.383322|0.360708|0.337305|0.332669|0.331036,0.383322,semantic:overture:store_suffix;retrieval:candidates,REVIEW_CANDIDATES
overture,commercial_vehicle_dealer,3,0.00010565612453335212,psic,rev5,,,exact,,,category,commercial vehicle dealer,,,,,29102|95316|95314|95315|29106,"Manufacture of commercial vehicles such as vans, lorries, road tractors for semi-trailers || Motor vehicle painting activities || Motor vehicle battery repair and maintenance || Motor vehicle body structure repair || Factory rebuilding of motor vehicle engines",0.226679|0.223463|0.184374|0.184351|0.166284,0.226679,semantic:raw_category;retrieval:candidates,REVIEW_CANDIDATES
overture,health_spa,3,0.00010565612453335212,psic,rev5,,,exact,,,category,health spa,,,,,86|869|8699|86999|R,"Human Health Activities || Other human health activities || Other human health activities n.e.c. || All other human health activities, n.e.c. || Human Health and Social Work Activities",0.406207|0.374651|0.360766|0.322413|0.298405,0.406207,semantic:raw_category;retrieval:candidates,REVIEW_CANDIDATES
overture,whiskey_bar,3,0.00010565612453335212,psic,rev5,,,exact,,,category,whiskey bar,,,,,46103|4610|461|46109|4641,"Wholesale on a fee or contract basis, of textile, clothing and footwear || Wholesale on a fee or contract basis || Wholesale on a fee or contract basis || Wholesale on a fee or contract basis, n.e.c. || Wholesale of textiles, clothing and footwear",0.015823|0.014658|0.014658|0.013584|0.013376,0.015823,semantic:raw_category;retrieval:candidates,REVIEW_CANDIDATES
overture,indian_restaurant,3,0.00010565612453335212,psic,rev5,,,exact,,,category,restaurants and mobile food service activities,561,Restaurants and mobile food service activities,,,561|5610|56109|56101|56103,"Restaurants and mobile food service activities || Restaurants and mobile food service activities || Restaurants and mobile food service activities, n.e.c. || Full-service restaurants activities || Activities of buffet restaurants",1.000000|1.000000|0.975297|0.355586|0.327040,1.000000,semantic:overture:restaurant_suffix;retrieval:candidates,REVIEW_CANDIDATES
overture,taxi_service,3,0.00010565612453335212,psic,rev5,,,exact,,,category,taxi service,,,,,T|56290|5629|96|09,Other Service Activities || Other food service activities || Other food service activities || Personal Service Activities || Mining Support Service Activities,0.255266|0.213534|0.213534|0.213466|0.184167,0.255266,semantic:raw_category;retrieval:candidates,REVIEW_CANDIDATES
overture,yoga_studio,3,0.00010565612453335212,psic,rev5,,,exact,,,category,yoga studio,,,,,H|521|5210|52103|52109,"Transportation and Storage || Warehousing and storage || Warehousing and storage || Operation of cold storages, refrigerated warehouses or cool stores || Warehousing and storage, n.e.c.",0.006450|0.005843|0.005843|0.005736|0.005312,0.006450,semantic:raw_category;retrieval:candidates,REVIEW_CANDIDATES
overture,pier,3,0.00010565612453335212,psic,rev5,,,exact,,,category,pier,,,,,5320|532|53|533|5330,Courier activities || Courier activities || Postal and Courier Activities || Intermediation service activities for postal and courier activities || Intermediation service activities for postal and courier activities,0.070923|0.070923|0.056496|0.040174|0.040174,0.070923,semantic:raw_category;retrieval:candidates,REVIEW_CANDIDATES
overture,sandwich_shop,3,0.00010565612453335212,psic,rev5,,,exact,,,category,sandwich shop,,,,,0161|01619|0163|01|01639,"Support activities for crop production || Support activities for crop production, n.e.c. || Post-harvest crop activities || Crop and Animal Production, Hunting and Related Service Activities || Post-harvest crop activities, n.e.c.",0.017479|0.015533|0.013617|0.013369|0.012759,0.017479,semantic:raw_category;retrieval:candidates,REVIEW_CANDIDATES
overture,car_window_tinting,3,0.00010565612453335212,psic,rev5,,,exact,,,category,car window tinting,,,,,1811|18110|181|1812|18,Printing || Printing || Printing and service activities related to printing || Service activities related to printing || Printing and Reproduction of Recorded Media,0.118560|0.118560|0.094359|0.073196|0.057021,0.118560,semantic:raw_category;retrieval:candidates,REVIEW_CANDIDATES
overture,auto_leasing,3,0.00010565612453335212,psic,rev5,,,exact,,,category,auto leasing,,,,,77|7710|771|77100|77291,Rental and Leasing Activities || Rental and leasing of motor vehicles || Rental and leasing of motor vehicles || Rental and leasing of motor vehicles || Rental and leasing of wearing apparel,0.432479|0.358053|0.358053|0.358053|0.317802,0.432479,semantic:raw_category;retrieval:candidates,REVIEW_CANDIDATES
overture,fertility_clinic,3,0.00010565612453335212,psic,rev5,,,exact,,,category,medical and dental practice activities,86,Human Health Activities,,,862|86210|8621|8622|86229,"Medical and dental practice activities || Public medical and dental practice activities || Public medical and dental practice activities || Private medical and dental practice activities || Private medical and dental practice activities, n.e.c.",1.000000|0.888677|0.888677|0.882239|0.856952,1.000000,semantic:overture:clinic_suffix;retrieval:candidates,REVIEW_CANDIDATES
overture,senior_citizen_service,3,0.00010565612453335212,psic,rev5,,,exact,,,category,senior citizen service,,,,,T|96|5629|56290|9690,Other Service Activities || Personal Service Activities || Other food service activities || Other food service activities || Other personal service activities n.e.c.,0.368159|0.326289|0.307045|0.307045|0.275009,0.368159,semantic:raw_category;retrieval:candidates,REVIEW_CANDIDATES
overture,motel,3,0.00010565612453335212,psic,rev5,,,exact,,,category,motel,,,,,291|2910|953|29104|29105,"Manufacture of motor vehicles || Manufacture of motor vehicles || Repair and maintenance of motor vehicles and motorcycles || Manufacture of other motor vehicles || Manufacture of motor vehicle engines, including electric motors",0.039012|0.039012|0.036696|0.036532|0.034988,0.039012,semantic:raw_category;retrieval:candidates,REVIEW_CANDIDATES
overture,swimming_instructor,3,0.00010565612453335212,psic,rev5,,,exact,,,category,swimming instructor,,,,,F|43290|4329|432|43,"Construction || Other construction installation || Other construction installation || Electrical, plumbing and other construction installation activities || Specialized Construction Activities",0.101248|0.093190|0.093190|0.065287|0.060857,0.101248,semantic:raw_category;retrieval:candidates,REVIEW_CANDIDATES
overture,merchandising_service,3,0.00010565612453335212,psic,rev5,,,exact,,,category,merchandising service,,,,,T|96|56290|5629|969,Other Service Activities || Personal Service Activities || Other food service activities || Other food service activities || Other personal service activities n.e.c.,0.330415|0.297924|0.275311|0.275311|0.250290,0.330415,semantic:raw_category;retrieval:candidates,REVIEW_CANDIDATES
overture,palace,3,0.00010565612453335212,psic,rev5,,,exact,,,category,palace,,,,,21|170|17|17012|1709,Manufacture of Basic Pharmaceutical Products and Pharmaceutical Preparations || Manufacture of paper and paper products || Manufacture of Paper and Paper Products || Manufacture of paper and paperboard || Manufacture of other articles of paper and paperboard,0.012722|0.012608|0.012608|0.011556|0.010131,0.012722,semantic:raw_category;retrieval:candidates,REVIEW_CANDIDATES
overture,food_consultant,3,0.00010565612453335212,psic,rev5,,,exact,,,category,food consultant,,,,,10|5629|56290|107|1079,Manufacture of Food Products || Other food service activities || Other food service activities || Manufacture of other food products || Manufacture of other food products n.e.c.,0.364972|0.346968|0.346968|0.333331|0.322970,0.364972,semantic:raw_category;retrieval:candidates,REVIEW_CANDIDATES
overture,protestant_place_of_worship,3,0.00010565612453335212,psic,rev5,,,exact,,,category,protestant place of worship,,,,,94|949|9499|94990|94120,Activities of Membership Organizations || Activities of other membership organizations || Activities of other membership organizations n.e.c. || Activities of other membership organizations n.e.c. || Activities of professional membership organizations,0.134621|0.130575|0.127803|0.127803|0.116072,0.134621,semantic:raw_category;retrieval:candidates,REVIEW_CANDIDATES
overture,public_utility,3,0.00010565612453335212,psic,rev5,,,exact,,,category,public utility,,,,,7330|733|73300|84115|8411,Public relations activities || Public relations activities || Public relations activities || Public finance management || General public administration activities,0.278965|0.278965|0.278965|0.232997|0.216529,0.278965,semantic:raw_category;retrieval:candidates,REVIEW_CANDIDATES
overture,jail_or_prison,3,0.00010565612453335212,psic,rev5,,,exact,,,category,jail or prison,,,,,4610|461|46109|47115|4711,"Wholesale on a fee or contract basis || Wholesale on a fee or contract basis || Wholesale on a fee or contract basis, n.e.c. || Retail selling in pasalubong stores or centers || Non-specialized retail sale with food, beverages or tobacco predominating",0.156800|0.156800|0.154538|0.135821|0.124763,0.156800,semantic:raw_category;retrieval:candidates,REVIEW_CANDIDATES
overture,animal_shelter,3,0.00010565612453335212,psic,rev5,,,exact,,,category,animal shelter,,,SUBTREE,014,014|0162|01629|01623|01,"Animal production || Support activities for animal production || Support activities for animal production, n.e.c. || Farm management services for animal production || Crop and Animal Production, Hunting and Related Service Activities",0.537812|0.369026|0.353546|0.272032|0.249130,0.537812,semantic:raw_category;retrieval:strong_separated_hit,REVIEW_REQUIRED
overture,internal_medicine,3,0.00010565612453335212,psic,rev5,,,exact,,,category,internal medicine,,,,,96400|964|9640|9540|95400,"Intermediation service activities for personal services || Intermediation service activities for personal services || Intermediation service activities for personal services || Intermediation service activities for repair and maintenance of computers, personal and household goods, and motor vehicles and motorcycles || Intermediation service activities for repair and maintenance of computers, personal and household goods, and motor vehicles and motorcycles",0.062264|0.062264|0.062264|0.043448|0.043448,0.062264,semantic:raw_category;retrieval:candidates,REVIEW_CANDIDATES
overture,garbage_collection_service,3,0.00010565612453335212,psic,rev5,,,exact,,,category,garbage collection service,,,,,381|3812|38120|38110|3811,Waste collection activities || Collection of hazardous waste || Collection of hazardous waste || Collection of non-hazardous waste || Collection of non-hazardous waste,0.432379|0.344609|0.344609|0.312257|0.312257,0.432379,semantic:raw_category;retrieval:candidates,REVIEW_CANDIDATES
overture,ear_nose_and_throat,3,0.00010565612453335212,psic,rev5,,,exact,,,category,ear nose and throat,,,,,9523|95231|953|95|952,"Repair and maintenance of footwear and leather goods || Repair and maintenance of footwear || Repair and maintenance of motor vehicles and motorcycles || Repair and Maintenance of Computers, Personal and Household Goods, and Motor Vehicles and Motorcycles || Repair and maintenance of personal and household goods",0.117383|0.106406|0.102171|0.098904|0.098191,0.117383,semantic:raw_category;retrieval:candidates,REVIEW_CANDIDATES
overture,meat_wholesaler,3,0.00010565612453335212,psic,rev5,,,exact,,,category,meat wholesaler,,,,,47213|46313|46317|46|46732,"Retail sale of meat, meat products and poultry || Wholesale of meat, meat products and poultry products, including eggs || Wholesale of salt || Wholesale Trade || Wholesale of cement",0.437238|0.417494|0.177333|0.170173|0.163946,0.437238,semantic:raw_category;retrieval:candidates,REVIEW_CANDIDATES
overture,orthopedics,3,0.00010565612453335212,psic,rev5,,,exact,,,category,orthopedics,,,,,07210|0721|88|889|8890,Mining of uranium and thorium ores || Mining of uranium and thorium ores || Social Work Activities Without Accommodation || Other social work activities without accommodation || Other social work activities without accommodation,0.010205|0.010205|0.007630|0.007448|0.007448,0.010205,semantic:raw_category;retrieval:candidates,REVIEW_CANDIDATES
overture,night_market,3,0.00010565612453335212,psic,rev5,,,exact,,,category,night market,,,,,73200|7320|732|73|14104,"Market research and public opinion polling activities || Market research and public opinion polling activities || Market research and public opinion polling activities || Activities of Advertising, Market Research, and Public Relations || Manufacture of ready-to-wear mass-market apparel",0.302849|0.302849|0.302849|0.289445|0.247161,0.302849,semantic:raw_category;retrieval:candidates,REVIEW_CANDIDATES
overture,electronic_equipment_supplier,3,0.00010565612453335212,psic,rev5,,,exact,,,category,electronic equipment supplier,,,,,27320|2732|261|27|2619,Manufacture of other electronic and electric wires and cables || Manufacture of other electronic and electric wires and cables || Manufacture of electronic components and boards || Manufacture of Electrical Equipment || Manufacture of other electronic components and boards,0.304038|0.304038|0.302118|0.294191|0.293607,0.304038,semantic:raw_category;retrieval:candidates,REVIEW_CANDIDATES
overture,information_technology_company,3,0.00010565612453335212,psic,rev5,,,exact,,,category,information technology company,,,,,629|6290|62900|72103|72105,Other information technology and computer service activities || Other information technology and computer service activities || Other information technology and computer service activities || Research and experimental development in information technology || Research and experimental development in other engineering and technology,0.579458|0.579458|0.579458|0.483320|0.207800,0.579458,semantic:raw_category;retrieval:candidates,REVIEW_CANDIDATES
overture,auto_glass_service,3,0.00010565612453335212,psic,rev5,,,exact,,,category,auto glass service,,,,,T|96|5629|56290|09,Other Service Activities || Personal Service Activities || Other food service activities || Other food service activities || Mining Support Service Activities,0.258576|0.220592|0.216084|0.216084|0.187608,0.258576,semantic:raw_category;retrieval:candidates,REVIEW_CANDIDATES
overture,specialty_foods_store,3,0.00010565612453335212,psic,rev5,,,exact,,,category,retail sale specialty foods,47,Retail Trade,,,4721|47219|47217|471|47712,"Retail sale of food || Retail sale of food, n.e.c. || Retail sale of salt || Non-specialized retail sale || Retail sale of footwear",0.452219|0.404871|0.381305|0.366098|0.363957,0.452219,semantic:overture:store_suffix;retrieval:candidates,REVIEW_CANDIDATES
overture,hair_replacement,3,0.00010565612453335212,psic,rev5,,,exact,,,category,hair replacement,,,,,932|9329|390|39|39000,Amusement and recreation activities || Other amusement and recreation activities || Remediation and other waste management service activities || Remediation and Other Waste Management Service Activities || Remediation and other waste management service activities,0.048985|0.047322|0.044510|0.044510|0.044510,0.048985,semantic:raw_category;retrieval:candidates,REVIEW_CANDIDATES
overture,educational_research_institute,3,0.00010565612453335212,psic,rev5,,,exact,,,category,educational research institute,,,,,856|8569|85692|85691|72,Educational support activities || Other educational support activities || Private educational support service activities || Public educational support service activities || Scientific Research and Development,0.412952|0.360182|0.312211|0.311206|0.241549,0.412952,semantic:raw_category;retrieval:candidates,REVIEW_CANDIDATES
overture,electrician,3,0.00010565612453335212,psic,rev5,,,exact,,,category,electrician,,,,,27|27122|2790|279|27320,Manufacture of Electrical Equipment || Manufacture of electricity distribution equipment || Manufacture of other electrical equipment || Manufacture of other electrical equipment || Manufacture of other electronic and electric wires and cables,0.166366|0.162245|0.158729|0.158729|0.156755,0.166366,semantic:raw_category;retrieval:candidates,REVIEW_CANDIDATES
osm,amenity=lounge,2,7.043741635556808e-05,psic,rev5,,,exact,,,category,lounge amenity,,,,,842|841|8019|80190|80111,"Provision of services to the community as a whole || Administration of the State and the economic, social and environmental policies of the community || Security activities n.e.c. || Security activities n.e.c. || Private security activities",0.052119|0.032944|0.030465|0.030465|0.027098,0.052119,semantic:raw_category;retrieval:candidates,REVIEW_CANDIDATES
osm,leisure=bandstand,2,7.043741635556808e-05,psic,rev5,,,exact,,,category,bandstand leisure,,,,,81300|8130|813|81|15,Landscape service activities || Landscape service activities || Landscape service activities || Services to Buildings and Landscape Activities || Manufacture of Leather and Related Products,0.029352|0.029352|0.029352|0.026210|0.017756,0.029352,semantic:raw_category;retrieval:candidates,REVIEW_CANDIDATES
osm,amenity=biergarten,2,7.043741635556808e-05,psic,rev5,,,exact,,,category,biergarten amenity,,,,,842|841|80190|8019|80111,"Provision of services to the community as a whole || Administration of the State and the economic, social and environmental policies of the community || Security activities n.e.c. || Security activities n.e.c. || Private security activities",0.058171|0.036769|0.034002|0.034002|0.030244,0.058171,semantic:raw_category;retrieval:candidates,REVIEW_CANDIDATES
osm,shop=medical_supply,2,7.043741635556808e-05,psic,rev5,,,exact,,,category,retail sale medical supply,47,Retail Trade,,,4721|47217|47761|47219|4751,"Retail sale of food || Retail sale of salt || Retail sale of pet || Retail sale of food, n.e.c. || Retail sale of textiles",0.389146|0.365837|0.359981|0.352744|0.351333,0.389146,semantic:osm:shop;retrieval:candidates,REVIEW_CANDIDATES
osm,shop=lighting,2,7.043741635556808e-05,psic,rev5,,,exact,,,category,retail sale lighting,47,Retail Trade,,,4721|47591|47217|47761|47219,"Retail sale of food || Retail sale of home furniture, fixtures and lighting equipment || Retail sale of salt || Retail sale of pet || Retail sale of food, n.e.c.",0.449929|0.441457|0.422725|0.415836|0.408644,0.449929,semantic:osm:shop;retrieval:candidates,REVIEW_CANDIDATES
osm,shop=hifi,2,7.043741635556808e-05,psic,rev5,,,exact,,,category,retail sale hifi,47,Retail Trade,,,4721|47217|47761|47219|4751,"Retail sale of food || Retail sale of salt || Retail sale of pet || Retail sale of food, n.e.c. || Retail sale of textiles",0.631044|0.593662|0.584361|0.570688|0.568525,0.631044,semantic:osm:shop;retrieval:candidates,REVIEW_CANDIDATES
osm,craft=shoemaker,2,7.043741635556808e-05,psic,rev5,,,exact,,,category,shoemaker craft,,,,,9013|90130|01441|0116|0126,"Other arts creation activities || Other arts creation activities || Raising and breeding of sheep, including sheep shearing by the owner || Growing of fiber crops || Growing of coconuts, including copra making",0.010914|0.010914|0.010541|0.009610|0.009285,0.010914,semantic:raw_category;retrieval:candidates,REVIEW_CANDIDATES
osm,amenity=coworking_space,2,7.043741635556808e-05,psic,rev5,,,exact,,,category,coworking space amenity,,,,,86123|8019|80190|80111|R,Private maternity hospital activities || Security activities n.e.c. || Security activities n.e.c. || Private security activities || Human Health and Social Work Activities,0.047799|0.026915|0.026915|0.023940|0.021337,0.047799,semantic:raw_category;retrieval:candidates,REVIEW_CANDIDATES
osm,shop=paint,2,7.043741635556808e-05,psic,rev5,,,exact,,,category,retail sale paint,47,Retail Trade,,,4721|47217|47761|47219|4751,"Retail sale of food || Retail sale of salt || Retail sale of pet || Retail sale of food, n.e.c. || Retail sale of textiles",0.449859|0.424062|0.417829|0.404131|0.402844,0.449859,semantic:osm:shop;retrieval:candidates,REVIEW_CANDIDATES
osm,shop=telecommunication,2,7.043741635556808e-05,psic,rev5,,,exact,,,category,retail sale telecommunication,47,Retail Trade,,,4721|474|4740|47217|4751,Retail sale of food || Retail sale of information and communication equipment || Retail sale of information and communication equipment || Retail sale of salt || Retail sale of textiles,0.410811|0.391544|0.391544|0.384409|0.382074,0.410811,semantic:osm:shop;retrieval:candidates,REVIEW_CANDIDATES
osm,amenity=fast_food | shop=bakery,2,7.043741635556808e-05,psic,rev5,,,exact,,,category,fast-food restaurant operations,561,Restaurants and mobile food service activities,EXACT,56102,56102|5610|561|56109|56103,"Fast-food restaurants operations, including quick service restaurant || Restaurants and mobile food service activities || Restaurants and mobile food service activities || Restaurants and mobile food service activities, n.e.c. || Activities of buffet restaurants",0.665390|0.220886|0.220886|0.211482|0.152129,0.665390,semantic:osm:amenity=fast_food;retrieval:strong_separated_hit,REVIEW_REQUIRED
osm,shop=farm,2,7.043741635556808e-05,psic,rev5,,,exact,,,category,retail sale farm,47,Retail Trade,,,4721|47217|47761|47219|4751,"Retail sale of food || Retail sale of salt || Retail sale of pet || Retail sale of food, n.e.c. || Retail sale of textiles",0.445045|0.419346|0.413098|0.400369|0.399043,0.445045,semantic:osm:shop;retrieval:candidates,REVIEW_CANDIDATES
osm,shop=hardware;trade,2,7.043741635556808e-05,psic,rev5,,,exact,,,category,retail sale hardware;trade,47,Retail Trade,,,47|47521|4752|47529|4721,"Retail Trade || Retail sale of hardware and electrical materials and supplies || Retail sale of hardware, building materials, paints and glass || Retail sale of hardware, building materials, paints and glass, n.e.c. || Retail sale of food",0.492230|0.420243|0.387690|0.378264|0.372697,0.492230,semantic:osm:shop;retrieval:candidates,REVIEW_CANDIDATES
osm,leisure=golf_course,2,7.043741635556808e-05,psic,rev5,,,exact,,,category,golf course leisure,,,,,532|5320|53|5330|53300,Courier activities || Courier activities || Postal and Courier Activities || Intermediation service activities for postal and courier activities || Intermediation service activities for postal and courier activities,0.083356|0.083356|0.066400|0.047216|0.047216,0.083356,semantic:raw_category;retrieval:candidates,REVIEW_CANDIDATES
osm,amenity=prison,2,7.043741635556808e-05,psic,rev5,,,exact,,,category,prison amenity,,,,,842|80111|841|8011|8019,"Provision of services to the community as a whole || Private security activities || Administration of the State and the economic, social and environmental policies of the community || Investigation and private security activities || Security activities n.e.c.",0.083095|0.066351|0.050663|0.049836|0.045605,0.083095,semantic:raw_category;retrieval:candidates,REVIEW_CANDIDATES
osm,office=lawyer,2,7.043741635556808e-05,psic,rev5,,,exact,,,category,lawyer professional service activities,,,,,T|96|94120|9412|N,"Other Service Activities || Personal Service Activities || Activities of professional membership organizations || Activities of professional membership organizations || Professional, Scientific, and Technical Activities",0.420558|0.405202|0.399698|0.399698|0.375470,0.420558,semantic:raw_category;retrieval:candidates,REVIEW_CANDIDATES
osm,healthcare=midwife,2,7.043741635556808e-05,psic,rev5,,,exact,,,category,midwife healthcare,,,,,86|869|8699|86999|R,"Human Health Activities || Other human health activities || Other human health activities n.e.c. || All other human health activities, n.e.c. || Human Health and Social Work Activities",0.193558|0.184979|0.173015|0.157805|0.153274,0.193558,semantic:raw_category;retrieval:candidates,REVIEW_CANDIDATES
osm,amenity=prep_school,2,7.043741635556808e-05,psic,rev5,,,exact,,,category,prep school amenity,,,,,842|841|80190|8019|80111,"Provision of services to the community as a whole || Administration of the State and the economic, social and environmental policies of the community || Security activities n.e.c. || Security activities n.e.c. || Private security activities",0.054019|0.032947|0.030467|0.030467|0.029745,0.054019,semantic:raw_category;retrieval:candidates,REVIEW_CANDIDATES
osm,healthcare=physiotherapist,2,7.043741635556808e-05,psic,rev5,,,exact,,,category,physiotherapist healthcare,,,,,869|8699|86|86999|R,"Other human health activities || Other human health activities n.e.c. || Human Health Activities || All other human health activities, n.e.c. || Human Health and Social Work Activities",0.147589|0.138044|0.137792|0.125908|0.109114,0.147589,semantic:raw_category;retrieval:candidates,REVIEW_CANDIDATES
osm,industrial=slaughterhouse,2,7.043741635556808e-05,psic,rev5,,,exact,,,category,slaughterhouse industrial,,,,,U|9820|98200|982|9810,Activities of Households as Employers; Undifferentiated Goods- and Services-Producing Activities of Households for own use || Undifferentiated service-producing activities of private households for own use || Undifferentiated service-producing activities of private households for own use || Undifferentiated service-producing activities of private households for own use || Undifferentiated goods-producing activities of private households for their own use,0.026592|0.024389|0.024389|0.024389|0.023200,0.026592,semantic:raw_category;retrieval:candidates,REVIEW_CANDIDATES
osm,shop=candles,2,7.043741635556808e-05,psic,rev5,,,exact,,,category,retail sale candles,47,Retail Trade,,,4721|47217|4751|47761|47219,"Retail sale of food || Retail sale of salt || Retail sale of textiles || Retail sale of pet || Retail sale of food, n.e.c.",0.410852|0.386202|0.383181|0.380001|0.372546,0.410852,semantic:osm:shop;retrieval:candidates,REVIEW_CANDIDATES
osm,amenity=bicycle_rental,2,7.043741635556808e-05,psic,rev5,,,exact,,,category,bicycle rental amenity,,,,,77|771|77100|7710|77292,Rental and Leasing Activities || Rental and leasing of motor vehicles || Rental and leasing of motor vehicles || Rental and leasing of motor vehicles || Rental and leasing of household furniture,0.353745|0.299375|0.299375|0.299375|0.264882,0.353745,semantic:raw_category;retrieval:candidates,REVIEW_CANDIDATES
osm,man_made=pier | public_transport=platform,2,7.043741635556808e-05,psic,rev5,,,exact,,,category,pier man made platform public transport,,,,,51|50|494|49|309,Air Transport || Water Transport || Other land transport || Land Transport and Transport via Pipelines || Manufacture of transport equipment n.e.c.,0.222913|0.219012|0.185768|0.174152|0.168968,0.222913,semantic:raw_category;retrieval:candidates,REVIEW_CANDIDATES
osm,public_transport=stop_position,2,7.043741635556808e-05,psic,rev5,,,exact,,,category,stop position public transport,,,,,51|50|494|49|309,Air Transport || Water Transport || Other land transport || Land Transport and Transport via Pipelines || Manufacture of transport equipment n.e.c.,0.366851|0.363037|0.293914|0.276080|0.275582,0.366851,semantic:raw_category;retrieval:candidates,REVIEW_CANDIDATES
osm,amenity=health_post | healthcare=clinic,2,7.043741635556808e-05,psic,rev5,,,exact,,,category,health post amenity clinic healthcare,,,,,86|869|8699|86999|R,"Human Health Activities || Other human health activities || Other human health activities n.e.c. || All other human health activities, n.e.c. || Human Health and Social Work Activities",0.348462|0.321549|0.309508|0.276681|0.256253,0.348462,semantic:raw_category;retrieval:candidates,REVIEW_CANDIDATES
osm,amenity=parking_entrance,2,7.043741635556808e-05,psic,rev5,,,exact,,,category,parking entrance amenity,,,,,6411|64110|651|65201|6520,Central banking || Central banking || Insurance || Reinsurance for life insurance || Reinsurance,0.079393|0.079393|0.076199|0.063418|0.061341,0.079393,semantic:raw_category;retrieval:candidates,REVIEW_CANDIDATES
osm,amenity=fast_food | shop=convenience,2,7.043741635556808e-05,psic,rev5,,,exact,,,category,fast-food restaurant operations,561,Restaurants and mobile food service activities,EXACT,56102,56102|5610|561|56109|56103,"Fast-food restaurants operations, including quick service restaurant || Restaurants and mobile food service activities || Restaurants and mobile food service activities || Restaurants and mobile food service activities, n.e.c. || Activities of buffet restaurants",0.665390|0.220886|0.220886|0.211482|0.152129,0.665390,semantic:osm:amenity=fast_food;retrieval:strong_separated_hit,REVIEW_REQUIRED
osm,tourism=attraction | leisure=water_park,2,7.043741635556808e-05,psic,rev5,,,exact,,,category,attraction tourism water park leisure,,,,,50|502|5021|5022|50220,Water Transport || Inland water transport || Inland passenger water transport || Inland freight water transport || Inland freight water transport,0.423001|0.294244|0.243887|0.242147|0.242147,0.423001,semantic:raw_category;retrieval:candidates,REVIEW_CANDIDATES
osm,shop=photo,2,7.043741635556808e-05,psic,rev5,,,exact,,,category,retail sale photo,47,Retail Trade,,,4721|47217|47761|47219|4751,"Retail sale of food || Retail sale of salt || Retail sale of pet || Retail sale of food, n.e.c. || Retail sale of textiles",0.429336|0.404783|0.398867|0.385481|0.384273,0.429336,semantic:osm:shop;retrieval:candidates,REVIEW_CANDIDATES
osm,craft=tailor,2,7.043741635556808e-05,psic,rev5,,,exact,,,category,tailor craft,,,,,47193|46901|4721|47|47761,Retail sale in handicraft and souvenir products || Wholesale of handicraft and souvenir products || Retail sale of food || Retail Trade || Retail sale of pet,0.096958|0.087027|0.024526|0.024278|0.024106,0.096958,semantic:raw_category;retrieval:candidates,REVIEW_CANDIDATES
osm,tourism=yes | leisure=beach_resort,2,7.043741635556808e-05,psic,rev5,,,exact,,,category,yes tourism beach resort leisure,,,,,79901|7912|79120|791|79,"Activities of independent tourist guides || Tour operator activities || Tour operator activities || Travel agency and tour operator activities || Travel Agency, Tour Operator, and Other Travel Related Activities",0.089868|0.072683|0.072683|0.050415|0.036654,0.089868,semantic:raw_category;retrieval:candidates,REVIEW_CANDIDATES
osm,leisure=common,2,7.043741635556808e-05,psic,rev5,,,exact,,,category,common leisure,,,,,55|5590|559|I|55909,"Accommodation || Other accommodation n.e.c. || Other accommodation n.e.c. || Accommodation and Food Service Activities || All other accommodation, n.e.c.",0.103214|0.089188|0.089188|0.077906|0.075335,0.103214,semantic:raw_category;retrieval:candidates,REVIEW_CANDIDATES
osm,shop=tailor,2,7.043741635556808e-05,psic,rev5,,,exact,,,category,retail sale tailor,47,Retail Trade,,,4721|47217|47219|47761|4751,"Retail sale of food || Retail sale of salt || Retail sale of food, n.e.c. || Retail sale of pet || Retail sale of textiles",0.561187|0.523892|0.516101|0.515699|0.513365,0.561187,semantic:osm:shop;retrieval:candidates,REVIEW_CANDIDATES
osm,amenity=security_booth,2,7.043741635556808e-05,psic,rev5,,,exact,,,category,security booth amenity,,,,,8019|80190|80111|801|80,Security activities n.e.c. || Security activities n.e.c. || Private security activities || Investigation and security activities || Investigation and Security Activities,0.643584|0.643584|0.498655|0.402424|0.402424,0.643584,semantic:raw_category;retrieval:candidates,REVIEW_CANDIDATES
osm,shop=chocolate,2,7.043741635556808e-05,psic,rev5,,,exact,,,category,retail sale chocolate,47,Retail Trade,,,4721|47217|47761|47219|4751,"Retail sale of food || Retail sale of salt || Retail sale of pet || Retail sale of food, n.e.c. || Retail sale of textiles",0.391909|0.367299|0.360871|0.358848|0.357086,0.391909,semantic:osm:shop;retrieval:candidates,REVIEW_CANDIDATES
osm,amenity=shelter | public_transport=platform,2,7.043741635556808e-05,psic,rev5,,,exact,,,category,shelter amenity platform public transport,,,,,50|51|494|309|49,Water Transport || Air Transport || Other land transport || Manufacture of transport equipment n.e.c. || Land Transport and Transport via Pipelines,0.266059|0.258238|0.210491|0.195532|0.194895,0.266059,semantic:raw_category;retrieval:candidates,REVIEW_CANDIDATES
osm,man_made=water_tower,2,7.043741635556808e-05,psic,rev5,,,exact,,,category,water tower man made,,,,,50|502|5022|50220|5021,Water Transport || Inland water transport || Inland freight water transport || Inland freight water transport || Inland passenger water transport,0.247951|0.177399|0.145972|0.145972|0.144699,0.247951,semantic:raw_category;retrieval:candidates,REVIEW_CANDIDATES
osm,healthcare=yes,2,7.043741635556808e-05,psic,rev5,,,exact,,,category,yes healthcare,,,,,86|869|8699|86999|R,"Human Health Activities || Other human health activities || Other human health activities n.e.c. || All other human health activities, n.e.c. || Human Health and Social Work Activities",0.220437|0.210667|0.197042|0.178288|0.174559,0.220437,semantic:raw_category;retrieval:candidates,REVIEW_CANDIDATES
osm,shop=stationery,2,7.043741635556808e-05,psic,rev5,,,exact,,,category,retail sale stationery,47,Retail Trade,,,4721|47610|4761|47217|47761,"Retail sale of food || Retail sale of books, newspapers, stationery and other office and school supplies || Retail sale of books, newspapers, stationery and other office and school supplies || Retail sale of salt || Retail sale of pet",0.418329|0.406703|0.406703|0.393178|0.386839,0.418329,semantic:osm:shop;retrieval:candidates,REVIEW_CANDIDATES
osm,leisure=outdoor_seating,2,7.043741635556808e-05,psic,rev5,,,exact,,,category,outdoor seating leisure,,,,,9012|90129|69|901|9013,"Visual arts creation activities || Visual arts creation activities, n.e.c. || Legal and Accounting Activities || Arts creation activities || Other arts creation activities",0.028196|0.025810|0.020514|0.019757|0.018467,0.028196,semantic:raw_category;retrieval:candidates,REVIEW_CANDIDATES
overture,comfort_food_restaurant,2,7.043741635556808e-05,psic,rev5,,,exact,,,category,restaurants and mobile food service activities,561,Restaurants and mobile food service activities,,,561|5610|56109|56101|56103,"Restaurants and mobile food service activities || Restaurants and mobile food service activities || Restaurants and mobile food service activities, n.e.c. || Full-service restaurants activities || Activities of buffet restaurants",1.000000|1.000000|0.975297|0.355586|0.327040,1.000000,semantic:overture:restaurant_suffix;retrieval:candidates,REVIEW_CANDIDATES
overture,airline,2,7.043741635556808e-05,psic,rev5,,,exact,,,category,airline,,,,,4930|49300|493|51|5120,Transport via pipeline || Transport via pipeline || Transport via pipeline || Air Transport || Freight air transport,0.102286|0.102286|0.102286|0.069243|0.049458,0.102286,semantic:raw_category;retrieval:candidates,REVIEW_CANDIDATES
overture,flight_school,2,7.043741635556808e-05,psic,rev5,,,exact,,,category,flight school,,,,,05200|052|0520|05|72,Mining of lignite || Mining of lignite || Mining of lignite || Mining of Coal and Lignite || Scientific Research and Development,0.011476|0.011476|0.011476|0.009949|0.006249,0.011476,semantic:raw_category;retrieval:candidates,REVIEW_CANDIDATES
overture,casino,2,7.043741635556808e-05,psic,rev5,,,exact,,,category,casino,,,,,24311|243|24312|77|2431,Casting of iron || Casting of metals || Casting of steel || Rental and Leasing Activities || Casting of iron and steel,0.048004|0.046768|0.044196|0.037838|0.037486,0.048004,semantic:raw_category;retrieval:candidates,REVIEW_CANDIDATES
overture,soccer_field,2,7.043741635556808e-05,psic,rev5,,,exact,,,category,soccer field,,,,,R|889|8890|88|843,Human Health and Social Work Activities || Other social work activities without accommodation || Other social work activities without accommodation || Social Work Activities Without Accommodation || Compulsory social security activities,0.039819|0.038304|0.038304|0.036360|0.036309,0.039819,semantic:raw_category;retrieval:candidates,REVIEW_CANDIDATES
overture,print_media,2,7.043741635556808e-05,psic,rev5,,,exact,,,category,print media,,,,,18|182|1820|2680|26800,Printing and Reproduction of Recorded Media || Reproduction of recorded media || Reproduction of recorded media || Manufacture of magnetic and optical media || Manufacture of magnetic and optical media,0.362940|0.340319|0.340319|0.306702|0.306702,0.362940,semantic:raw_category;retrieval:candidates,REVIEW_CANDIDATES
overture,pentecostal_place_of_worship,2,7.043741635556808e-05,psic,rev5,,,exact,,,category,pentecostal place of worship,,,,,94|949|9499|94990|94120,Activities of Membership Organizations || Activities of other membership organizations || Activities of other membership organizations n.e.c. || Activities of other membership organizations n.e.c. || Activities of professional membership organizations,0.137548|0.133429|0.130546|0.130546|0.114677,0.137548,semantic:raw_category;retrieval:candidates,REVIEW_CANDIDATES
overture,outdoor_store,2,7.043741635556808e-05,psic,rev5,,,exact,,,category,retail sale outdoor,47,Retail Trade,,,4721|47217|47761|47219|4751,"Retail sale of food || Retail sale of salt || Retail sale of pet || Retail sale of food, n.e.c. || Retail sale of textiles",0.393326|0.369035|0.362775|0.358851|0.357205,0.393326,semantic:overture:store_suffix;retrieval:candidates,REVIEW_CANDIDATES
overture,taco_restaurant,2,7.043741635556808e-05,psic,rev5,,,exact,,,category,restaurants and mobile food service activities,561,Restaurants and mobile food service activities,,,561|5610|56109|56101|56103,"Restaurants and mobile food service activities || Restaurants and mobile food service activities || Restaurants and mobile food service activities, n.e.c. || Full-service restaurants activities || Activities of buffet restaurants",1.000000|1.000000|0.975297|0.355586|0.327040,1.000000,semantic:overture:restaurant_suffix;retrieval:candidates,REVIEW_CANDIDATES
overture,mediterranean_restaurant,2,7.043741635556808e-05,psic,rev5,,,exact,,,category,restaurants and mobile food service activities,561,Restaurants and mobile food service activities,,,561|5610|56109|56101|56103,"Restaurants and mobile food service activities || Restaurants and mobile food service activities || Restaurants and mobile food service activities, n.e.c. || Full-service restaurants activities || Activities of buffet restaurants",1.000000|1.000000|0.975297|0.355586|0.327040,1.000000,semantic:overture:restaurant_suffix;retrieval:candidates,REVIEW_CANDIDATES
overture,rock_climbing_spot,2,7.043741635556808e-05,psic,rev5,,,exact,,,category,rock climbing spot,,,,,08914|931|9312|93120|9319,Rock phosphate mining || Sports activities || Activities of sports clubs || Activities of sports clubs || Other sports activities,0.409487|0.035354|0.032069|0.032069|0.031895,0.409487,semantic:raw_category;retrieval:candidates,REVIEW_CANDIDATES
overture,bingo_hall,2,7.043741635556808e-05,psic,rev5,,,exact,,,category,bingo hall,,,,,23991|0510|051|05100|23,Manufacture of asphalt products || Mining of hard coal || Mining of hard coal || Mining of hard coal || Manufacture of Other Non-Metallic Mineral Products,0.018806|0.014598|0.014598|0.014598|0.007780,0.018806,semantic:raw_category;retrieval:candidates,REVIEW_CANDIDATES
overture,video_game_store,2,7.043741635556808e-05,psic,rev5,,,exact,,,category,retail sale video game,47,Retail Trade,,,4721|47217|47761|4763|47630,Retail sale of food || Retail sale of salt || Retail sale of pet || Retail sale of games and toys || Retail sale of games and toys,0.349374|0.330160|0.325704|0.313764|0.313764,0.349374,semantic:overture:store_suffix;retrieval:candidates,REVIEW_CANDIDATES
overture,comic_books_store,2,7.043741635556808e-05,psic,rev5,,,exact,,,category,retail sale comic books,47,Retail Trade,,,47742|4721|47401|47217|47761,Retail sale of second-hand books || Retail sale of food || Retail sale of computers || Retail sale of salt || Retail sale of pet,0.526404|0.419849|0.395446|0.393793|0.387051,0.526404,semantic:overture:store_suffix;retrieval:candidates,REVIEW_CANDIDATES
overture,sports_bar,2,7.043741635556808e-05,psic,rev5,,,exact,,,category,sports bar,,,,,931|9319|93199|93120|9312,"Sports activities || Other sports activities || Other sports activities, n.e.c. || Activities of sports clubs || Activities of sports clubs",0.630658|0.515162|0.471435|0.408343|0.408343,0.630658,semantic:raw_category;retrieval:candidates,REVIEW_CANDIDATES
overture,television_service_provider,2,7.043741635556808e-05,psic,rev5,,,exact,,,category,television service provider,,,,,591|59113|5911|59119|5913,"Motion picture, video and television program activities || Production of television or video news programs || Motion picture, video and television program production activities || Motion picture, video and television program production activities, n.e.c. || Motion picture, video and television program distribution activities",0.305521|0.299694|0.292498|0.285944|0.278108,0.305521,semantic:raw_category;retrieval:candidates,REVIEW_CANDIDATES
overture,private_association,2,7.043741635556808e-05,psic,rev5,,,exact,,,category,private association,,,,,8612|86129|86221|86121|86122,"Private hospital activities || Private hospital activities, n.e.c. || Private dental practice activities || Private general hospital activities || Private mental hospital activities",0.368809|0.356938|0.313417|0.307980|0.299100,0.368809,semantic:raw_category;retrieval:candidates,REVIEW_CANDIDATES
overture,medical_research_institute,2,7.043741635556808e-05,psic,rev5,,,exact,,,category,medical research institute,,,,,72101|72|73200|732|7320,Research and experimental development in medical and health sciences || Scientific Research and Development || Market research and public opinion polling activities || Market research and public opinion polling activities || Market research and public opinion polling activities,0.330659|0.265803|0.214555|0.214555|0.214555,0.330659,semantic:raw_category;retrieval:candidates,REVIEW_CANDIDATES
overture,candy_store,2,7.043741635556808e-05,psic,rev5,,,exact,,,category,retail sale candy,47,Retail Trade,,,4721|47217|47761|47219|4751,"Retail sale of food || Retail sale of salt || Retail sale of pet || Retail sale of food, n.e.c. || Retail sale of textiles",0.414489|0.390240|0.384273|0.373879|0.372549,0.414489,semantic:overture:store_suffix;retrieval:candidates,REVIEW_CANDIDATES
overture,cultural_center,2,7.043741635556808e-05,psic,rev5,,,exact,,,category,cultural center,,,,,9130|913|91300|91|03228,"Conservation, restoration and other support activities for cultural || Conservation, restoration and other support activities for cultural || Conservation, restoration and other support activities for cultural || Library, Archives, Museum and Other Cultural Activities || Culturing of eels",0.222228|0.222228|0.222228|0.208904|0.114897,0.222228,semantic:raw_category;retrieval:candidates,REVIEW_CANDIDATES
overture,media_agency,2,7.043741635556808e-05,psic,rev5,,,exact,,,category,media agency,,,,,6031|60310|79110|7911|791,News agency activities || News agency activities || Travel agency activities || Travel agency activities || Travel agency and tour operator activities,0.400673|0.400673|0.387950|0.387950|0.271788,0.400673,semantic:raw_category;retrieval:candidates,REVIEW_CANDIDATES
overture,health_and_wellness_club,2,7.043741635556808e-05,psic,rev5,,,exact,,,category,health and wellness club,,,,,R|86|869|8699|86999,"Human Health and Social Work Activities || Human Health Activities || Other human health activities || Other human health activities n.e.c. || All other human health activities, n.e.c.",0.369258|0.288483|0.265712|0.256150|0.228740,0.369258,semantic:raw_category;retrieval:candidates,REVIEW_CANDIDATES
overture,belgian_restaurant,2,7.043741635556808e-05,psic,rev5,,,exact,,,category,restaurants and mobile food service activities,561,Restaurants and mobile food service activities,,,561|5610|56109|56101|56103,"Restaurants and mobile food service activities || Restaurants and mobile food service activities || Restaurants and mobile food service activities, n.e.c. || Full-service restaurants activities || Activities of buffet restaurants",1.000000|1.000000|0.975297|0.355586|0.327040,1.000000,semantic:overture:restaurant_suffix;retrieval:candidates,REVIEW_CANDIDATES
overture,bowling_alley,2,7.043741635556808e-05,psic,rev5,,,exact,,,category,bowling alley,,,EXACT,32403,32403|10611|10612|10799|29103,"Manufacture of billiard, pool, bowling alley and similar games equipment || Rice milling || Corn milling || Manufacture of all other food products, n.e.c. || Manufacture of buses, trolleybuses and coaches",0.504160|0.032070|0.031116|0.027303|0.026667,0.504160,semantic:raw_category;retrieval:strong_separated_hit,REVIEW_REQUIRED
overture,adult_entertainment_venue,2,7.043741635556808e-05,psic,rev5,,,exact,,,category,adult entertainment venue,,,,,27402|78101|781|7810|78102,Manufacture of lighting equipment for transportation equipment || Local employment recruitment and placement activities || Activities of employment placement agencies || Activities of employment placement agencies || Overseas employment recruitment and placement activities,0.041390|0.034268|0.032497|0.032497|0.032215,0.041390,semantic:raw_category;retrieval:candidates,REVIEW_CANDIDATES
overture,wholesale_grocer,2,7.043741635556808e-05,psic,rev5,,,exact,,,category,wholesale grocer,,,,,46|46317|46732|46631|46318,Wholesale Trade || Wholesale of salt || Wholesale of cement || Wholesale of motorcycles || Wholesale of spices,0.410200|0.392106|0.376447|0.370280|0.364075,0.410200,semantic:raw_category;retrieval:candidates,REVIEW_CANDIDATES
overture,b2b_marketing_consultant,2,7.043741635556808e-05,psic,rev5,,,exact,,,category,b2b marketing consultant,,,,,7020|70200|702|62|70,"Business and other management consultancy activities || Business and other management consultancy activities || Business and other management consultancy activities || Computer Programming, Consultancy and Related Activities || Activities of Head Offices; Management Consultancy Activities",0.125009|0.125009|0.125009|0.112884|0.109760,0.125009,semantic:raw_category;retrieval:candidates,REVIEW_CANDIDATES
overture,antique_store,2,7.043741635556808e-05,psic,rev5,,,exact,,,category,retail sale antique,47,Retail Trade,EXACT,47743,47743|4721|47217|47219|4751,"Retail sale of antiques || Retail sale of food || Retail sale of salt || Retail sale of food, n.e.c. || Retail sale of textiles",0.645816|0.524567|0.489367|0.487486|0.484450,0.645816,semantic:overture:store_suffix;retrieval:strong_separated_hit,REVIEW_REQUIRED
overture,vending_machine_supplier,2,7.043741635556808e-05,psic,rev5,,,exact,,,category,vending machine supplier,,,,,2822|28229|28224|28222|28223,"Manufacture of metal-forming machinery and machine tools || Manufacture of metal-forming machinery and machine tools, n.e.c. || Manufacture of parts and accessories for metal-forming machinery and machine tools || Manufacture of other machine-tools for working metal || Manufacture of other machine-tools for working non-metallic materials",0.303256|0.297176|0.250127|0.244121|0.205609,0.303256,semantic:raw_category;retrieval:candidates,REVIEW_CANDIDATES
overture,housing_authority,2,7.043741635556808e-05,psic,rev5,,,exact,,,category,housing authority,,,,,521|5210|52109|52|8019,"Warehousing and storage || Warehousing and storage || Warehousing and storage, n.e.c. || Warehousing and Support Activities for Transportation || Security activities n.e.c.",0.118291|0.118291|0.107532|0.098911|0.073836,0.118291,semantic:raw_category;retrieval:candidates,REVIEW_CANDIDATES
overture,landscaping,2,7.043741635556808e-05,psic,rev5,,,exact,,,category,landscaping,,,,,81300|8130|813|81|494,Landscape service activities || Landscape service activities || Landscape service activities || Services to Buildings and Landscape Activities || Other land transport,0.240980|0.240980|0.240980|0.195591|0.070270,0.240980,semantic:raw_category;retrieval:candidates,REVIEW_CANDIDATES
overture,b2b_science_and_technology_service,2,7.043741635556808e-05,psic,rev5,,,exact,,,category,b2b science and technology service,,,,,T|96|5629|56290|09,Other Service Activities || Personal Service Activities || Other food service activities || Other food service activities || Mining Support Service Activities,0.178008|0.150811|0.148809|0.148809|0.128899,0.178008,semantic:raw_category;retrieval:candidates,REVIEW_CANDIDATES
overture,linen_store,2,7.043741635556808e-05,psic,rev5,,,exact,,,category,retail sale linen,47,Retail Trade,,,4721|47217|47761|47219|4751,"Retail sale of food || Retail sale of salt || Retail sale of pet || Retail sale of food, n.e.c. || Retail sale of textiles",0.419379|0.395030|0.389080|0.377700|0.376411,0.419379,semantic:overture:store_suffix;retrieval:candidates,REVIEW_CANDIDATES
overture,auto_body_shop,2,7.043741635556808e-05,psic,rev5,,,exact,,,category,auto body shop,,,,,9900|990|V|99|99009,"Activities of extraterritorial organizations and bodies || Activities of extraterritorial organizations and bodies || Activities of Extraterritorial Organizations and Bodies || Activities of Extraterritorial Organizations and Bodies || Activities of extraterritorial organizations and bodies, n.e.c",0.022175|0.022175|0.022175|0.022175|0.021022,0.022175,semantic:raw_category;retrieval:candidates,REVIEW_CANDIDATES
overture,gymnastics_center,2,7.043741635556808e-05,psic,rev5,,,exact,,,category,gymnastics center,,,,,2220|222|22209|22|22203,"Manufacture of plastics products || Manufacture of plastics products || Manufacture of plastics products, n.e.c. || Manufacture of Rubber and Plastic Products || Manufacture of plastic furniture fittings",0.108905|0.108905|0.097224|0.038374|0.030821,0.108905,semantic:raw_category;retrieval:candidates,REVIEW_CANDIDATES
overture,textile_manufacturer,2,7.043741635556808e-05,psic,rev5,,,exact,,,category,textile manufacturer,,,,,28261|28269|1392|13929|2826,"Manufacture of textile machinery, including machineries for man-made textile fibers or yarns || Manufacture of machinery for textile apparel and leather production, n.e.c. || Manufacture of made-up textile articles, except apparel || Manufacture of made-up textile articles, except apparel, n.e.c. || Manufacture of machinery for textile, apparel and leather production",0.386556|0.352902|0.350182|0.338859|0.330877,0.386556,semantic:raw_category;retrieval:candidates,REVIEW_CANDIDATES
overture,chocolatier,2,7.043741635556808e-05,psic,rev5,,,exact,,,category,chocolatier,,,,,532|5320|53|533|5330,Courier activities || Courier activities || Postal and Courier Activities || Intermediation service activities for postal and courier activities || Intermediation service activities for postal and courier activities,0.045537|0.045537|0.036274|0.028549|0.028549,0.045537,semantic:raw_category;retrieval:candidates,REVIEW_CANDIDATES
overture,beauty_product_supplier,2,7.043741635556808e-05,psic,rev5,,,exact,,,category,beauty product supplier,,,,,10|107|1079|12|120,Manufacture of Food Products || Manufacture of other food products || Manufacture of other food products n.e.c. || Manufacture of Tobacco Products || Manufacture of tobacco products,0.068581|0.065933|0.059317|0.056461|0.056461,0.068581,semantic:raw_category;retrieval:candidates,REVIEW_CANDIDATES
overture,plumbing,2,7.043741635556808e-05,psic,rev5,,,exact,,,category,plumbing,,,,,25995|16101|16102|27905|27123,"Manufacture of metal sanitary ware and plumbing fixtures || Manufacture of rough lumber || Manufacture of worked lumber || Manufacture of charging stations for electric and plug-in hybrid vehicles || Manufacture of switches, fuses, sockets, plugs, conductors and lightning arresters and other control apparatus",0.365659|0.045278|0.043966|0.025978|0.019076,0.365659,semantic:raw_category;retrieval:candidates,REVIEW_CANDIDATES
overture,frozen_yogurt_shop,2,7.043741635556808e-05,psic,rev5,,,exact,,,category,frozen yogurt shop,,,,,01443|01414|0161|01619|5120,"Raw milk production from goats || Raw milk production from cows and carabaos || Support activities for crop production || Support activities for crop production, n.e.c. || Freight air transport",0.021635|0.017041|0.017001|0.015108|0.011356,0.021635,semantic:raw_category;retrieval:candidates,REVIEW_CANDIDATES
overture,occupational_safety,2,7.043741635556808e-05,psic,rev5,,,exact,,,category,occupational safety,,,,,74995|856|8569|8532|85691,Food safety consulting activities || Educational support activities || Other educational support activities || Vocational secondary education || Public educational support service activities,0.431717|0.086636|0.082653|0.071954|0.069381,0.431717,semantic:raw_category;retrieval:candidates,REVIEW_CANDIDATES
overture,social_media_agency,2,7.043741635556808e-05,psic,rev5,,,exact,,,category,social media agency,,,,,6031|60310|182|1820|603,News agency activities || News agency activities || Reproduction of recorded media || Reproduction of recorded media || News agency and other content distribution activities,0.335127|0.335127|0.222768|0.222768|0.215809,0.335127,semantic:raw_category;retrieval:candidates,REVIEW_CANDIDATES
overture,restaurant_wholesale,2,7.043741635556808e-05,psic,rev5,,,exact,,,category,restaurant wholesale,,,,,46|46317|46732|46318|46631,Wholesale Trade || Wholesale of salt || Wholesale of cement || Wholesale of spices || Wholesale of motorcycles,0.243108|0.237859|0.230957|0.216848|0.214458,0.243108,semantic:raw_category;retrieval:candidates,REVIEW_CANDIDATES
overture,bike_repair_maintenance,2,7.043741635556808e-05,psic,rev5,,,exact,,,category,bike repair maintenance,,,,,3312|33120|33|33190|3319,"Repair and maintenance of machinery || Repair and maintenance of machinery || Repair, Maintenance and Installation of Machinery and Equipment || Repair and maintenance of other equipment || Repair and maintenance of other equipment",0.479277|0.479277|0.479174|0.453399|0.453399,0.479277,semantic:raw_category;retrieval:candidates,REVIEW_CANDIDATES
overture,sunglasses_store,2,7.043741635556808e-05,psic,rev5,,,exact,,,category,retail sale sunglasses,47,Retail Trade,,,4721|47217|47761|47219|4751,"Retail sale of food || Retail sale of salt || Retail sale of pet || Retail sale of food, n.e.c. || Retail sale of textiles",0.370523|0.347176|0.341060|0.339523|0.339036,0.370523,semantic:overture:store_suffix;retrieval:candidates,REVIEW_CANDIDATES
overture,art_school,2,7.043741635556808e-05,psic,rev5,,,exact,,,category,art school,,,,,903|90390|9039|90|901,Support activities to arts creation and performing arts || Other support activities to arts creation and performing arts || Other support activities to arts creation and performing arts || Arts Creation and Performing Arts Activities || Arts creation activities,0.033407|0.032675|0.032675|0.031416|0.029969,0.033407,semantic:raw_category;retrieval:candidates,REVIEW_CANDIDATES
overture,skate_park,2,7.043741635556808e-05,psic,rev5,,,exact,,,category,skate park,,,,,M|68|8612|86221|86129,"Real Estate Activities || Real Estate Activities || Private hospital activities || Private dental practice activities || Private hospital activities, n.e.c.",0.022833|0.022833|0.018503|0.017142|0.016880,0.022833,semantic:raw_category;retrieval:candidates,REVIEW_CANDIDATES
overture,computer_coaching,2,7.043741635556808e-05,psic,rev5,,,exact,,,category,computer coaching,,,,,622|6220|62200|621|6219,Computer consultancy and computer facilities management activities || Computer consultancy and computer facilities management activities || Computer consultancy and computer facilities management activities || Computer programming activities || Other computer programming activities,0.430003|0.430003|0.430003|0.416791|0.375302,0.430003,semantic:raw_category;retrieval:candidates,REVIEW_CANDIDATES
overture,b2b_surgical_appliances_and_supplies,2,7.043741635556808e-05,psic,rev5,,,exact,,,category,b2b surgical appliances and supplies,,,,,77293|3530|353|35300|3600,"Rental and leasing of electrical appliances || Steam and air conditioning supply || Steam and air conditioning supply || Steam and air conditioning supply || Water collection, treatment and supply",0.265325|0.052175|0.052175|0.052175|0.050418,0.265325,semantic:raw_category;retrieval:candidates,REVIEW_CANDIDATES
overture,occupational_therapy,2,7.043741635556808e-05,psic,rev5,,,exact,,,category,occupational therapy,,,,,8569|856|8532|85691|85692,Other educational support activities || Educational support activities || Vocational secondary education || Public educational support service activities || Private educational support service activities,0.105629|0.099693|0.082798|0.079837|0.078033,0.105629,semantic:raw_category;retrieval:candidates,REVIEW_CANDIDATES
overture,bagel_shop,2,7.043741635556808e-05,psic,rev5,,,exact,,,category,bagel shop,,,,,79110|7911|0161|01619|791,"Travel agency activities || Travel agency activities || Support activities for crop production || Support activities for crop production, n.e.c. || Travel agency and tour operator activities",0.020741|0.020741|0.020195|0.017946|0.015875,0.020741,semantic:raw_category;retrieval:candidates,REVIEW_CANDIDATES
overture,packing_supply_store,2,7.043741635556808e-05,psic,rev5,,,exact,,,category,retail sale packing supply,47,Retail Trade,,,4721|47217|47761|47219|4751,"Retail sale of food || Retail sale of salt || Retail sale of pet || Retail sale of food, n.e.c. || Retail sale of textiles",0.365399|0.343390|0.337834|0.331603|0.330241,0.365399,semantic:overture:store_suffix;retrieval:candidates,REVIEW_CANDIDATES
overture,behavioral_or_mental_health_clinic,2,7.043741635556808e-05,psic,rev5,,,exact,,,category,medical and dental practice activities,86,Human Health Activities,,,862|86210|8621|8622|86229,"Medical and dental practice activities || Public medical and dental practice activities || Public medical and dental practice activities || Private medical and dental practice activities || Private medical and dental practice activities, n.e.c.",1.000000|0.888677|0.888677|0.882239|0.856952,1.000000,semantic:overture:clinic_suffix;retrieval:candidates,REVIEW_CANDIDATES
overture,pulmonology,2,7.043741635556808e-05,psic,rev5,,,exact,,,category,pulmonology,,,,,022|0220|02209|84116|P,"Logging || Logging || Logging, n.e.c. || Economic and social planning and statistical services || Public Administration and Defense; Compulsory Social Security",0.016700|0.016700|0.014107|0.013375|0.013083,0.016700,semantic:raw_category;retrieval:candidates,REVIEW_CANDIDATES
overture,middle_school,2,7.043741635556808e-05,psic,rev5,,,exact,,,category,middle school,,,,,07|07100|0710|071|07221,Mining of Metal Ores || Mining of iron ores || Mining of iron ores || Mining of iron ores || Gold ore mining,0.010203|0.009675|0.009675|0.009675|0.009504,0.010203,semantic:raw_category;retrieval:candidates,REVIEW_CANDIDATES
overture,prenatal_and_perinatal_care,2,7.043741635556808e-05,psic,rev5,,,exact,,,category,prenatal and perinatal care,,,,,87|879|8799|87100|871,Residential Care Activities || Other residential care activities || Other residential care activities n.e.c. || Residential nursing care activities || Residential nursing care activities,0.360796|0.308760|0.303307|0.264293|0.264293,0.360796,semantic:raw_category;retrieval:candidates,REVIEW_CANDIDATES
overture,clothing_company,2,7.043741635556808e-05,psic,rev5,,,exact,,,category,clothing company,,,,,6219|62190|621|622|62200,Other computer programming activities || Other computer programming activities || Computer programming activities || Computer consultancy and computer facilities management activities || Computer consultancy and computer facilities management activities,0.035601|0.035601|0.034311|0.033719|0.033719,0.035601,semantic:raw_category;retrieval:candidates,REVIEW_CANDIDATES
overture,cave,2,7.043741635556808e-05,psic,rev5,,,exact,,,category,cave,,,,,799|7990|79110|7911|79,"Other travel related activities || Other travel related activities || Travel agency activities || Travel agency activities || Travel Agency, Tour Operator, and Other Travel Related Activities",0.024890|0.024890|0.024772|0.024772|0.022640,0.024890,semantic:raw_category;retrieval:candidates,REVIEW_CANDIDATES
overture,plastic_manufacturer,2,7.043741635556808e-05,psic,rev5,,,exact,,,category,plastic manufacturer,,,,,31022|22|22203|22204|22208,"Manufacture of plastic furniture || Manufacture of Rubber and Plastic Products || Manufacture of plastic furniture fittings || Manufacture of plastic pipes, tubes and hoses || Manufacture of plastic builder’s ware, including plastic windows, doorscreens, shades and blinds",0.563821|0.468975|0.436266|0.371294|0.359563,0.563821,semantic:raw_category;retrieval:candidates,REVIEW_CANDIDATES
overture,livestock_breeder,2,7.043741635556808e-05,psic,rev5,,,exact,,,category,livestock breeder,,,,,49434|53202|49432|80112|91,"Freight transport of livestock and poultry by road || Food delivery activities || Tank truck delivery services operation || Investigation activities || Library, Archives, Museum and Other Cultural Activities",0.373073|0.031662|0.031280|0.025637|0.022244,0.373073,semantic:raw_category;retrieval:candidates,REVIEW_CANDIDATES
overture,public_fountain,2,7.043741635556808e-05,psic,rev5,,,exact,,,category,public fountain,,,,,733|7330|73300|84115|8411,Public relations activities || Public relations activities || Public relations activities || Public finance management || General public administration activities,0.371218|0.371218|0.371218|0.312018|0.293671,0.371218,semantic:raw_category;retrieval:candidates,REVIEW_CANDIDATES
osm,tourism=camp_site,1,3.521870817778404e-05,psic,rev5,,,exact,,,category,camp site tourism,,,,,79901|79120|7912|791|79,"Activities of independent tourist guides || Tour operator activities || Tour operator activities || Travel agency and tour operator activities || Travel Agency, Tour Operator, and Other Travel Related Activities",0.111403|0.089805|0.089805|0.062291|0.043932,0.111403,semantic:raw_category;retrieval:candidates,REVIEW_CANDIDATES
osm,amenity=doctors | healthcare=yes,1,3.521870817778404e-05,psic,rev5,,,exact,,,category,medical and dental practice activities,862,Medical and dental practice activities,,,862|86210|8621|8622|86229,"Medical and dental practice activities || Public medical and dental practice activities || Public medical and dental practice activities || Private medical and dental practice activities || Private medical and dental practice activities, n.e.c.",1.000000|0.888677|0.888677|0.882239|0.856952,1.000000,semantic:osm:amenity=doctors;retrieval:candidates,REVIEW_CANDIDATES
osm,amenity=nursing_room,1,3.521870817778404e-05,psic,rev5,,,exact,,,category,nursing room amenity,,,,,842|841|80190|8019|80111,"Provision of services to the community as a whole || Administration of the State and the economic, social and environmental policies of the community || Security activities n.e.c. || Security activities n.e.c. || Private security activities",0.045554|0.028794|0.026627|0.026627|0.023685,0.045554,semantic:raw_category;retrieval:candidates,REVIEW_CANDIDATES
osm,amenity=taxi | public_transport=station,1,3.521870817778404e-05,psic,rev5,,,exact,,,category,taxi amenity station public transport,,,,,49421|51|50|494|49,Taxi operations || Air Transport || Water Transport || Other land transport || Land Transport and Transport via Pipelines,0.389970|0.251388|0.245102|0.206543|0.190897,0.389970,semantic:raw_category;retrieval:candidates,REVIEW_CANDIDATES
osm,leisure=indoor_play,1,3.521870817778404e-05,psic,rev5,,,exact,,,category,indoor play leisure,,,,,22208|16221|31022|222|2220,"Manufacture of plastic builder’s ware, including plastic windows, doorscreens, shades and blinds || Manufacture of wooden goods intended to be used primarily in the construction industry such as wooden doors, window and frame || Manufacture of plastic furniture || Manufacture of plastics products || Manufacture of plastics products",0.053725|0.044514|0.029503|0.028018|0.028018,0.053725,semantic:raw_category;retrieval:candidates,REVIEW_CANDIDATES
osm,shop=fabric,1,3.521870817778404e-05,psic,rev5,,,exact,,,category,retail sale fabric,47,Retail Trade,,,4721|47217|47219|47761|4751,"Retail sale of food || Retail sale of salt || Retail sale of food, n.e.c. || Retail sale of pet || Retail sale of textiles",0.557497|0.521622|0.513218|0.512073|0.510451,0.557497,semantic:osm:shop;retrieval:candidates,REVIEW_CANDIDATES
osm,club=golf,1,3.521870817778404e-05,psic,rev5,,,exact,,,category,golf club,,,,,95293|95292|952|9523|9529,"Repair and alteration of clothing || Repair of watches, clocks and their parts || Repair and maintenance of personal and household goods || Repair and maintenance of footwear and leather goods || Repair and maintenance of other personal and household goods",0.011020|0.009126|0.008387|0.008381|0.008201,0.011020,semantic:raw_category;retrieval:candidates,REVIEW_CANDIDATES
osm,amenity=hospital,1,3.521870817778404e-05,psic,rev5,,,exact,,,category,hospital activities,861,Hospital activities,SUBTREE,861,861|8611|8612|86129|86111,"Hospital activities || Public hospital activities || Private hospital activities || Private hospital activities, n.e.c. || Public general hospital activities",1.000000|0.759486|0.757450|0.723632|0.642941,1.000000,semantic:osm:amenity=hospital;retrieval:strong_separated_hit,REVIEW_REQUIRED
osm,office=newspaper,1,3.521870817778404e-05,psic,rev5,,,exact,,,category,newspaper professional service activities,,,,,T|96|94120|9412|N,"Other Service Activities || Personal Service Activities || Activities of professional membership organizations || Activities of professional membership organizations || Professional, Scientific, and Technical Activities",0.386340|0.375979|0.359830|0.359830|0.338626,0.386340,semantic:raw_category;retrieval:candidates,REVIEW_CANDIDATES
osm,craft=stonemason,1,3.521870817778404e-05,psic,rev5,,,exact,,,category,stonemason craft,,,,,H|52103|521|5210|52109,"Transportation and Storage || Operation of cold storages, refrigerated warehouses or cool stores || Warehousing and storage || Warehousing and storage || Warehousing and storage, n.e.c.",0.027377|0.023580|0.022898|0.022898|0.020815,0.027377,semantic:raw_category;retrieval:candidates,REVIEW_CANDIDATES
osm,amenity=pharmacy | shop=convenience | healthcare=pharmacy,1,3.521870817778404e-05,psic,rev5,,,exact,,,category,retail sale pharmaceutical medical goods,4772,"Retail sale of pharmaceutical and medical goods, cosmetic and toilet articles",SUBTREE,4772,4772|47721|47723|47724|47722,"Retail sale of pharmaceutical and medical goods, cosmetic and toilet articles || Retail sale of prescription and over-the-counter drugs and pharmaceutical goods || Retail sale of medical, orthopedic and dental instruments and supplies || Retail sale of perfumery, cosmetic and toilet articles || Retail sale of non-medicinal wellness and herbal products and supplements",0.591138|0.353173|0.238311|0.134616|0.129968,0.591138,semantic:osm:amenity=pharmacy;retrieval:strong_separated_hit,REVIEW_REQUIRED
osm,healthcare=psychotherapist,1,3.521870817778404e-05,psic,rev5,,,exact,,,category,psychotherapist healthcare,,,,,869|8699|86|86999|R,"Other human health activities || Other human health activities n.e.c. || Human Health Activities || All other human health activities, n.e.c. || Human Health and Social Work Activities",0.169224|0.158280|0.157990|0.144365|0.125109,0.169224,semantic:raw_category;retrieval:candidates,REVIEW_CANDIDATES
osm,healthcare=speech_therapist,1,3.521870817778404e-05,psic,rev5,,,exact,,,category,speech therapist healthcare,,,,,869|86|8699|86999|R,"Other human health activities || Human Health Activities || Other human health activities n.e.c. || All other human health activities, n.e.c. || Human Health and Social Work Activities",0.139585|0.137998|0.130557|0.119080|0.109277,0.139585,semantic:raw_category;retrieval:candidates,REVIEW_CANDIDATES
osm,amenity=parking | public_transport=station,1,3.521870817778404e-05,psic,rev5,,,exact,,,category,parking amenity station public transport,,,,,51|50|494|49|309,Air Transport || Water Transport || Other land transport || Land Transport and Transport via Pipelines || Manufacture of transport equipment n.e.c.,0.247279|0.241280|0.202908|0.187691|0.185676,0.247279,semantic:raw_category;retrieval:candidates,REVIEW_CANDIDATES
osm,amenity=clinic | healthcare=clinic | emergency=no,1,3.521870817778404e-05,psic,rev5,,,exact,,,category,medical and dental practice activities,862,Medical and dental practice activities,,,862|86210|8621|8622|86229,"Medical and dental practice activities || Public medical and dental practice activities || Public medical and dental practice activities || Private medical and dental practice activities || Private medical and dental practice activities, n.e.c.",1.000000|0.888677|0.888677|0.882239|0.856952,1.000000,semantic:osm:amenity=clinic;retrieval:candidates,REVIEW_CANDIDATES
osm,amenity=cafe | shop=tea,1,3.521870817778404e-05,psic,rev5,,,exact,,,category,operation of cafes or coffee shops,563,Beverage serving activities,EXACT,56302,56302|56303|56301|56304|5630,"Operation of cafés or coffee shops || Activities of tea shops || Operation of nightclubs, bars and cocktail lounges || Activities of beverage stands, kiosks and counters || Beverage serving activities",0.784830|0.296045|0.107429|0.008501|0.004505,0.784830,semantic:osm:amenity=cafe;retrieval:strong_separated_hit,REVIEW_REQUIRED
osm,tourism=yes | man_made=advertising,1,3.521870817778404e-05,psic,rev5,,,exact,,,category,yes tourism advertising man made,,,,,7310|731|73109|73101|73102,"Advertising activities || Advertising activities || Advertising activities, n.e.c. || Activities of advertising agency, except billboard and outdoor advertising activities || Billboard and outdoor advertising activities",0.473006|0.473006|0.444707|0.312750|0.262274,0.473006,semantic:raw_category;retrieval:candidates,REVIEW_CANDIDATES
osm,office=coworking,1,3.521870817778404e-05,psic,rev5,,,exact,,,category,coworking professional service activities,,,,,T|96|94120|9412|N,"Other Service Activities || Personal Service Activities || Activities of professional membership organizations || Activities of professional membership organizations || Professional, Scientific, and Technical Activities",0.393741|0.382189|0.371467|0.371467|0.349380,0.393741,semantic:raw_category;retrieval:candidates,REVIEW_CANDIDATES
osm,amenity=veterinary,1,3.521870817778404e-05,psic,rev5,,,exact,,,category,veterinary amenity,,,,,750|75|7500|75000|8019,Veterinary activities || Veterinary activities || Veterinary activities || Veterinary activities || Security activities n.e.c.,0.722610|0.722610|0.722610|0.722610|0.027975,0.722610,semantic:raw_category;retrieval:candidates,REVIEW_CANDIDATES
osm,shop=fashion,1,3.521870817778404e-05,psic,rev5,,,exact,,,category,retail sale fashion,47,Retail Trade,,,4721|47217|47761|47219|4751,"Retail sale of food || Retail sale of salt || Retail sale of pet || Retail sale of food, n.e.c. || Retail sale of textiles",0.395859|0.371992|0.365962|0.359321|0.357839,0.395859,semantic:osm:shop;retrieval:candidates,REVIEW_CANDIDATES
osm,amenity=studio | office=cable_television,1,3.521870817778404e-05,psic,rev5,,,exact,,,category,cable television professional service activities,,,,,T|94120|9412|96|N,"Other Service Activities || Activities of professional membership organizations || Activities of professional membership organizations || Personal Service Activities || Professional, Scientific, and Technical Activities",0.294944|0.292223|0.292223|0.286107|0.276247,0.294944,semantic:raw_category;retrieval:candidates,REVIEW_CANDIDATES
osm,shop=second_hand,1,3.521870817778404e-05,psic,rev5,,,exact,,,category,retail sale second hand,47,Retail Trade,,,4774|47749|47742|47741|4721,"Retail sale of second-hand goods || Retail sale of second-hand goods, n.e.c. || Retail sale of second-hand books || Retail sale of second-hand clothing, footwear and leather articles || Retail sale of food",0.702431|0.683730|0.668027|0.495576|0.368769,0.702431,semantic:osm:shop;retrieval:candidates,REVIEW_CANDIDATES
osm,amenity=pub,1,3.521870817778404e-05,psic,rev5,,,exact,,,category,beverage serving activities,563,Beverage serving activities,,,563|5630|56309|56304|56303,"Beverage serving activities || Beverage serving activities || Beverage serving activities, n.e.c. || Activities of beverage stands, kiosks and counters || Activities of tea shops",1.000000|1.000000|0.952039|0.245007|0.074229,1.000000,semantic:osm:amenity=pub;retrieval:candidates,REVIEW_CANDIDATES
osm,amenity=training,1,3.521870817778404e-05,psic,rev5,,,exact,,,category,training amenity,,,,,07|05200|0520|052|07100,Mining of Metal Ores || Mining of lignite || Mining of lignite || Mining of lignite || Mining of iron ores,0.063840|0.062421|0.062421|0.062421|0.060534,0.063840,semantic:raw_category;retrieval:candidates,REVIEW_CANDIDATES
osm,shop=erotic,1,3.521870817778404e-05,psic,rev5,,,exact,,,category,retail sale erotic,47,Retail Trade,,,4721|47217|47761|47219|4751,"Retail sale of food || Retail sale of salt || Retail sale of pet || Retail sale of food, n.e.c. || Retail sale of textiles",0.599328|0.562596|0.553188|0.545905|0.543482,0.599328,semantic:osm:shop;retrieval:candidates,REVIEW_CANDIDATES
osm,amenity=cafe | tourism=yes | man_made=charge_point,1,3.521870817778404e-05,psic,rev5,,,exact,,,category,operation of cafes or coffee shops,563,Beverage serving activities,EXACT,56302,56302|56303|56301|56304|5630,"Operation of cafés or coffee shops || Activities of tea shops || Operation of nightclubs, bars and cocktail lounges || Activities of beverage stands, kiosks and counters || Beverage serving activities",0.784830|0.296045|0.107429|0.008501|0.004505,0.784830,semantic:osm:amenity=cafe;retrieval:strong_separated_hit,REVIEW_REQUIRED
osm,shop=water_refilling,1,3.521870817778404e-05,psic,rev5,,,exact,,,category,retail sale water refilling,47,Retail Trade,,,4721|47217|47761|47219|47401,"Retail sale of food || Retail sale of salt || Retail sale of pet || Retail sale of food, n.e.c. || Retail sale of computers",0.358816|0.337086|0.331838|0.325436|0.325255,0.358816,semantic:osm:shop;retrieval:candidates,REVIEW_CANDIDATES
osm,amenity=events_venue | tourism=hotel,1,3.521870817778404e-05,psic,rev5,,,exact,,,category,hotels and similar accommodation activities,551,Hotels and similar accommodation activities,,,551|5510|55109|55101|55103,"Hotels and similar accommodation activities || Hotels and similar accommodation activities || Hotels and similar accommodation activities, n.e.c. || Operation of hotels || Operation of resort hotels",1.000000|1.000000|0.973771|0.313173|0.236172,1.000000,semantic:osm:hotel;retrieval:candidates,REVIEW_CANDIDATES
osm,industrial=communication,1,3.521870817778404e-05,psic,rev5,,,exact,,,category,communication industrial,,,,,61|619|6190|61900|6120,Telecommunications || Other telecommunication activities || Other telecommunication activities || Other telecommunication activities || Telecommunication reselling activities and intermediation service activities for telecommunication,0.192691|0.186343|0.186343|0.186343|0.164477,0.192691,semantic:raw_category;retrieval:candidates,REVIEW_CANDIDATES
osm,office=cable_television,1,3.521870817778404e-05,psic,rev5,,,exact,,,category,cable television professional service activities,,,,,T|94120|9412|96|N,"Other Service Activities || Activities of professional membership organizations || Activities of professional membership organizations || Personal Service Activities || Professional, Scientific, and Technical Activities",0.294944|0.292223|0.292223|0.286107|0.276247,0.294944,semantic:raw_category;retrieval:candidates,REVIEW_CANDIDATES
osm,amenity=hospital | healthcare=hospital | emergency=no,1,3.521870817778404e-05,psic,rev5,,,exact,,,category,hospital activities,861,Hospital activities,SUBTREE,861,861|8611|8612|86129|86111,"Hospital activities || Public hospital activities || Private hospital activities || Private hospital activities, n.e.c. || Public general hospital activities",1.000000|0.759486|0.757450|0.723632|0.642941,1.000000,semantic:osm:amenity=hospital;retrieval:strong_separated_hit,REVIEW_REQUIRED
osm,shop=houseware,1,3.521870817778404e-05,psic,rev5,,,exact,,,category,retail sale houseware,47,Retail Trade,,,4721|47217|47219|4751|47761,"Retail sale of food || Retail sale of salt || Retail sale of food, n.e.c. || Retail sale of textiles || Retail sale of pet",0.546202|0.510559|0.504392|0.501533|0.500971,0.546202,semantic:osm:shop;retrieval:candidates,REVIEW_CANDIDATES
osm,office=government | club=scout,1,3.521870817778404e-05,psic,rev5,,,exact,,,category,general public administration activities,84,Public Administration and Defense; Compulsory Social Security,,,8411|84119|84113|84112|84,"General public administration activities || General public administration activities, n.e.c. || Public administration, local government || Public administration, regional government || Public Administration and Defense; Compulsory Social Security",1.000000|0.970994|0.430826|0.425038|0.356934,1.000000,semantic:osm:government;retrieval:candidates,REVIEW_CANDIDATES
osm,amenity=bureau_de_change | shop=pawnbroker,1,3.521870817778404e-05,psic,rev5,,,exact,,,category,retail sale pawnbroker,47,Retail Trade,,,4721|47217|47219|4751|47401,"Retail sale of food || Retail sale of salt || Retail sale of food, n.e.c. || Retail sale of textiles || Retail sale of computers",0.527858|0.492591|0.490057|0.487048|0.483981,0.527858,semantic:osm:shop;retrieval:candidates,REVIEW_CANDIDATES
osm,amenity=Coliseum,1,3.521870817778404e-05,psic,rev5,,,exact,,,category,Coliseum amenity,,,,,9121|91210|91|912|80190,"Museum and collection activities || Museum and collection activities || Library, Archives, Museum and Other Cultural Activities || Museum, collection, historical site and monument activities || Security activities n.e.c.",0.118936|0.118936|0.060821|0.047931|0.034519,0.118936,semantic:raw_category;retrieval:candidates,REVIEW_CANDIDATES
osm,shop=deli,1,3.521870817778404e-05,psic,rev5,,,exact,,,category,retail sale deli,47,Retail Trade,,,4721|47217|47761|47219|4751,"Retail sale of food || Retail sale of salt || Retail sale of pet || Retail sale of food, n.e.c. || Retail sale of textiles",0.573627|0.537422|0.527927|0.525822|0.523188,0.573627,semantic:osm:shop;retrieval:candidates,REVIEW_CANDIDATES
osm,amenity=fast_food | tourism=yes,1,3.521870817778404e-05,psic,rev5,,,exact,,,category,fast-food restaurant operations,561,Restaurants and mobile food service activities,EXACT,56102,56102|5610|561|56109|56103,"Fast-food restaurants operations, including quick service restaurant || Restaurants and mobile food service activities || Restaurants and mobile food service activities || Restaurants and mobile food service activities, n.e.c. || Activities of buffet restaurants",0.665390|0.220886|0.220886|0.211482|0.152129,0.665390,semantic:osm:amenity=fast_food;retrieval:strong_separated_hit,REVIEW_REQUIRED
osm,man_made=pier,1,3.521870817778404e-05,psic,rev5,,,exact,,,category,pier man made,,,,,47513|46413|47|532|5320,"Retail sale of made-up textile goods || Wholesale of made-up textile goods, except wearing apparel || Retail Trade || Courier activities || Courier activities",0.145286|0.113027|0.053250|0.050651|0.050651,0.145286,semantic:raw_category;retrieval:candidates,REVIEW_CANDIDATES
osm,leisure=marina,1,3.521870817778404e-05,psic,rev5,,,exact,,,category,marina leisure,,,,,14|7500|75000|75|750,Manufacture of Wearing Apparel || Veterinary activities || Veterinary activities || Veterinary activities || Veterinary activities,0.041556|0.039842|0.039842|0.039842|0.039842,0.041556,semantic:raw_category;retrieval:candidates,REVIEW_CANDIDATES
osm,amenity=doctors | healthcare=community_health_worker | emergency=no,1,3.521870817778404e-05,psic,rev5,,,exact,,,category,medical and dental practice activities,862,Medical and dental practice activities,,,862|86210|8621|8622|86229,"Medical and dental practice activities || Public medical and dental practice activities || Public medical and dental practice activities || Private medical and dental practice activities || Private medical and dental practice activities, n.e.c.",1.000000|0.888677|0.888677|0.882239|0.856952,1.000000,semantic:osm:amenity=doctors;retrieval:candidates,REVIEW_CANDIDATES
osm,amenity=pharmacy | shop=chemist | healthcare=pharmacy,1,3.521870817778404e-05,psic,rev5,,,exact,,,category,retail sale pharmaceutical medical goods,4772,"Retail sale of pharmaceutical and medical goods, cosmetic and toilet articles",SUBTREE,4772,4772|47721|47723|47724|47722,"Retail sale of pharmaceutical and medical goods, cosmetic and toilet articles || Retail sale of prescription and over-the-counter drugs and pharmaceutical goods || Retail sale of medical, orthopedic and dental instruments and supplies || Retail sale of perfumery, cosmetic and toilet articles || Retail sale of non-medicinal wellness and herbal products and supplements",0.591138|0.353173|0.238311|0.134616|0.129968,0.591138,semantic:osm:amenity=pharmacy;retrieval:strong_separated_hit,REVIEW_REQUIRED
osm,amenity=doctors | healthcare=community_health_worker,1,3.521870817778404e-05,psic,rev5,,,exact,,,category,medical and dental practice activities,862,Medical and dental practice activities,,,862|86210|8621|8622|86229,"Medical and dental practice activities || Public medical and dental practice activities || Public medical and dental practice activities || Private medical and dental practice activities || Private medical and dental practice activities, n.e.c.",1.000000|0.888677|0.888677|0.882239|0.856952,1.000000,semantic:osm:amenity=doctors;retrieval:candidates,REVIEW_CANDIDATES
osm,industrial=oil,1,3.521870817778404e-05,psic,rev5,,,exact,,,category,oil industrial,,,,,65403|990|9900|V|99,Pre-need plan for memorial and interment || Activities of extraterritorial organizations and bodies || Activities of extraterritorial organizations and bodies || Activities of Extraterritorial Organizations and Bodies || Activities of Extraterritorial Organizations and Bodies,0.029566|0.024910|0.024910|0.024910|0.024910,0.029566,semantic:raw_category;retrieval:candidates,REVIEW_CANDIDATES
osm,amenity=hospital | emergency=yes,1,3.521870817778404e-05,psic,rev5,,,exact,,,category,hospital activities,861,Hospital activities,SUBTREE,861,861|8611|8612|86129|86111,"Hospital activities || Public hospital activities || Private hospital activities || Private hospital activities, n.e.c. || Public general hospital activities",1.000000|0.759486|0.757450|0.723632|0.642941,1.000000,semantic:osm:amenity=hospital;retrieval:strong_separated_hit,REVIEW_REQUIRED
osm,shop=building_materials,1,3.521870817778404e-05,psic,rev5,,,exact,,,category,retail sale building materials,47,Retail Trade,,,4752|47529|4721|47521|47525,"Retail sale of hardware, building materials, paints and glass || Retail sale of hardware, building materials, paints and glass, n.e.c. || Retail sale of food || Retail sale of hardware and electrical materials and supplies || Retail sale of masonry and other construction materials and supplies",0.562789|0.550628|0.343938|0.339547|0.328165,0.562789,semantic:osm:shop;retrieval:candidates,REVIEW_CANDIDATES
osm,healthcare=laboratory | emergency=yes,1,3.521870817778404e-05,psic,rev5,,,exact,,,category,laboratory healthcare yes emergency,,,,,86991|86|869|8699|86999,"Medical and diagnostic laboratory service activities || Human Health Activities || Other human health activities || Other human health activities n.e.c. || All other human health activities, n.e.c.",0.397675|0.107455|0.102692|0.096051|0.086909,0.397675,semantic:raw_category;retrieval:candidates,REVIEW_CANDIDATES
osm,man_made=flagpole,1,3.521870817778404e-05,psic,rev5,,,exact,,,category,flagpole man made,,,,,47513|46413|46|46734|G,"Retail sale of made-up textile goods || Wholesale of made-up textile goods, except wearing apparel || Wholesale Trade || Wholesale of flat glass || Wholesale and Retail Trade",0.153376|0.123105|0.064517|0.062774|0.055477,0.153376,semantic:raw_category;retrieval:candidates,REVIEW_CANDIDATES
osm,industrial=machine_shop,1,3.521870817778404e-05,psic,rev5,,,exact,,,category,machine shop industrial,,,,,33200|3320|332|28195|2822,"Installation of industrial machinery and equipment || Installation of industrial machinery and equipment || Installation of industrial machinery and equipment || Manufacture of fans intended for industrial applications, exhaust hoods for commercial, laboratory or industrial use || Manufacture of metal-forming machinery and machine tools",0.330002|0.330002|0.330002|0.235029|0.211879,0.330002,semantic:raw_category;retrieval:candidates,REVIEW_CANDIDATES
osm,amenity=clinic | emergency=no,1,3.521870817778404e-05,psic,rev5,,,exact,,,category,medical and dental practice activities,862,Medical and dental practice activities,,,862|86210|8621|8622|86229,"Medical and dental practice activities || Public medical and dental practice activities || Public medical and dental practice activities || Private medical and dental practice activities || Private medical and dental practice activities, n.e.c.",1.000000|0.888677|0.888677|0.882239|0.856952,1.000000,semantic:osm:amenity=clinic;retrieval:candidates,REVIEW_CANDIDATES
osm,shop=florist,1,3.521870817778404e-05,psic,rev5,,,exact,,,category,retail sale florist,47,Retail Trade,,,4721|47217|47219|47761|4751,"Retail sale of food || Retail sale of salt || Retail sale of food, n.e.c. || Retail sale of pet || Retail sale of textiles",0.554542|0.518727|0.510908|0.509168|0.508118,0.554542,semantic:osm:shop;retrieval:candidates,REVIEW_CANDIDATES
osm,healthcare=dialysis,1,3.521870817778404e-05,psic,rev5,,,exact,,,category,dialysis healthcare,,,EXACT,86223,86223|86|869|7120|712,Private dialysis center activities || Human Health Activities || Other human health activities || Technical testing and analysis || Technical testing and analysis,0.481675|0.132515|0.126642|0.124346|0.124346,0.481675,semantic:raw_category;retrieval:strong_separated_hit,REVIEW_REQUIRED
osm,shop=religion,1,3.521870817778404e-05,psic,rev5,,,exact,,,category,retail sale religion,47,Retail Trade,,,47732|4721|47217|47219|4751,"Retail sale of religious articles || Retail sale of food || Retail sale of salt || Retail sale of food, n.e.c. || Retail sale of textiles",0.542450|0.531655|0.496103|0.493024|0.490046,0.542450,semantic:osm:shop;retrieval:candidates,REVIEW_CANDIDATES
osm,leisure=fitness_station,1,3.521870817778404e-05,psic,rev5,,,exact,,,category,fitness station leisure,,,,,H|523|522|5229|5231,Transportation and Storage || Intermediation service activities for transportation || Support activities for transportation || Other support activities for transportation || Intermediation service activities for freight transportation,0.046224|0.044137|0.040761|0.039167|0.038989,0.046224,semantic:raw_category;retrieval:candidates,REVIEW_CANDIDATES
osm,amenity=animal_boarding,1,3.521870817778404e-05,psic,rev5,,,exact,,,category,animal boarding amenity,,,,,014|0162|01629|01623|01,"Animal production || Support activities for animal production || Support activities for animal production, n.e.c. || Farm management services for animal production || Crop and Animal Production, Hunting and Related Service Activities",0.352114|0.243878|0.231803|0.182924|0.168607,0.352114,semantic:raw_category;retrieval:candidates,REVIEW_CANDIDATES
osm,amenity=casino,1,3.521870817778404e-05,psic,rev5,,,exact,,,category,casino amenity,,,,,842|841|80190|8019|80111,"Provision of services to the community as a whole || Administration of the State and the economic, social and environmental policies of the community || Security activities n.e.c. || Security activities n.e.c. || Private security activities",0.057279|0.036205|0.033481|0.033481|0.029781,0.057279,semantic:raw_category;retrieval:candidates,REVIEW_CANDIDATES
osm,amenity=public_building | office=government,1,3.521870817778404e-05,psic,rev5,,,exact,,,category,general public administration activities,84,Public Administration and Defense; Compulsory Social Security,,,8411|84119|84113|84112|84,"General public administration activities || General public administration activities, n.e.c. || Public administration, local government || Public administration, regional government || Public Administration and Defense; Compulsory Social Security",1.000000|0.970994|0.430826|0.425038|0.356934,1.000000,semantic:osm:government;retrieval:candidates,REVIEW_CANDIDATES
osm,amenity=ferry_terminal | public_transport=station,1,3.521870817778404e-05,psic,rev5,,,exact,,,category,ferry terminal amenity station public transport,,,,,51|50|494|49|309,Air Transport || Water Transport || Other land transport || Land Transport and Transport via Pipelines || Manufacture of transport equipment n.e.c.,0.215271|0.213077|0.176699|0.163414|0.161615,0.215271,semantic:raw_category;retrieval:candidates,REVIEW_CANDIDATES
osm,club=social,1,3.521870817778404e-05,psic,rev5,,,exact,,,category,social club,,,,,8430|84300|843|88|R,Compulsory social security activities || Compulsory social security activities || Compulsory social security activities || Social Work Activities Without Accommodation || Human Health and Social Work Activities,0.329674|0.329674|0.329674|0.308815|0.295267,0.329674,semantic:raw_category;retrieval:candidates,REVIEW_CANDIDATES
osm,office=energy_supplier,1,3.521870817778404e-05,psic,rev5,,,exact,,,category,energy supplier professional service activities,,,,,T|96|94120|9412|N,"Other Service Activities || Personal Service Activities || Activities of professional membership organizations || Activities of professional membership organizations || Professional, Scientific, and Technical Activities",0.324753|0.312874|0.308979|0.308979|0.290222,0.324753,semantic:raw_category;retrieval:candidates,REVIEW_CANDIDATES
osm,amenity=appliance,1,3.521870817778404e-05,psic,rev5,,,exact,,,category,appliance amenity,,,,,651|65201|6520|652|6511,Insurance || Reinsurance for life insurance || Reinsurance || Reinsurance || Life insurance,0.050204|0.041784|0.040415|0.040415|0.038372,0.050204,semantic:raw_category;retrieval:candidates,REVIEW_CANDIDATES
osm,shop=general,1,3.521870817778404e-05,psic,rev5,,,exact,,,category,retail sale general,47,Retail Trade,,,4721|47217|47761|47219|4751,"Retail sale of food || Retail sale of salt || Retail sale of pet || Retail sale of food, n.e.c. || Retail sale of textiles",0.476351|0.447917|0.440796|0.431475|0.429777,0.476351,semantic:osm:shop;retrieval:candidates,REVIEW_CANDIDATES
osm,shop=lottery,1,3.521870817778404e-05,psic,rev5,,,exact,,,category,retail sale lottery,47,Retail Trade,,,4721|47217|47761|47219|47401,"Retail sale of food || Retail sale of salt || Retail sale of pet || Retail sale of food, n.e.c. || Retail sale of computers",0.396969|0.373079|0.367053|0.360189|0.360027,0.396969,semantic:osm:shop;retrieval:candidates,REVIEW_CANDIDATES
osm,leisure=slipway,1,3.521870817778404e-05,psic,rev5,,,exact,,,category,slipway leisure,,,,,15202|651|15|310|31,Manufacture of sandals and slippers || Insurance || Manufacture of Leather and Related Products || Manufacture of furniture || Manufacture of Furniture,0.134397|0.016067|0.015353|0.014642|0.014642,0.134397,semantic:raw_category;retrieval:candidates,REVIEW_CANDIDATES
osm,amenity=public_building,1,3.521870817778404e-05,psic,rev5,,,exact,,,category,public building amenity,,,,,733|73300|7330|84115|8411,Public relations activities || Public relations activities || Public relations activities || Public finance management || General public administration activities,0.276742|0.276742|0.276742|0.234882|0.216222,0.276742,semantic:raw_category;retrieval:candidates,REVIEW_CANDIDATES
osm,man_made=survey_point,1,3.521870817778404e-05,psic,rev5,,,exact,,,category,survey point man made,,,,,47513|46413|47|46|G,"Retail sale of made-up textile goods || Wholesale of made-up textile goods, except wearing apparel || Retail Trade || Wholesale Trade || Wholesale and Retail Trade",0.129894|0.101468|0.039842|0.036127|0.031065,0.129894,semantic:raw_category;retrieval:candidates,REVIEW_CANDIDATES
osm,craft=glaziery,1,3.521870817778404e-05,psic,rev5,,,exact,,,category,glaziery craft,,,,,2811|28110|5320|532|28,"Manufacture of engines and turbines, except aircraft, vehicle and cycle engines || Manufacture of engines and turbines, except aircraft, vehicle and cycle engines || Courier activities || Courier activities || Manufacture of Machinery and Equipment n.e.c.",0.046648|0.046648|0.020453|0.020453|0.019626,0.046648,semantic:raw_category;retrieval:candidates,REVIEW_CANDIDATES
osm,amenity=compressed_air,1,3.521870817778404e-05,psic,rev5,,,exact,,,category,compressed air amenity,,,,,51|5110|511|512|5120,Air Transport || Passenger air transport || Passenger air transport || Freight air transport || Freight air transport,0.248056|0.182141|0.182141|0.178001|0.178001,0.248056,semantic:raw_category;retrieval:candidates,REVIEW_CANDIDATES
osm,amenity=doctors | healthcare=doctor;dentist,1,3.521870817778404e-05,psic,rev5,,,exact,,,category,medical and dental practice activities,862,Medical and dental practice activities,,,862|86210|8621|8622|86229,"Medical and dental practice activities || Public medical and dental practice activities || Public medical and dental practice activities || Private medical and dental practice activities || Private medical and dental practice activities, n.e.c.",1.000000|0.888677|0.888677|0.882239|0.856952,1.000000,semantic:osm:amenity=doctors;retrieval:candidates,REVIEW_CANDIDATES
osm,man_made=silo,1,3.521870817778404e-05,psic,rev5,,,exact,,,category,silo man made,,,,,47513|46413|47|46|G,"Retail sale of made-up textile goods || Wholesale of made-up textile goods, except wearing apparel || Retail Trade || Wholesale Trade || Wholesale and Retail Trade",0.151848|0.117955|0.058966|0.053468|0.045976,0.151848,semantic:raw_category;retrieval:candidates,REVIEW_CANDIDATES
osm,shop=truck_repair,1,3.521870817778404e-05,psic,rev5,,,exact,,,category,retail sale truck repair,47,Retail Trade,,,4721|47217|47761|47219|4751,"Retail sale of food || Retail sale of salt || Retail sale of pet || Retail sale of food, n.e.c. || Retail sale of textiles",0.391784|0.368547|0.363057|0.353760|0.352469,0.391784,semantic:osm:shop;retrieval:candidates,REVIEW_CANDIDATES
osm,leisure=racetrack,1,3.521870817778404e-05,psic,rev5,,,exact,,,category,racetrack leisure,,,,,06100|0610|061|06200|0620,Extraction of crude petroleum || Extraction of crude petroleum || Extraction of crude petroleum || Extraction of natural gas || Extraction of natural gas,0.039204|0.039204|0.039204|0.034551|0.034551,0.039204,semantic:raw_category;retrieval:candidates,REVIEW_CANDIDATES
osm,shop=rental,1,3.521870817778404e-05,psic,rev5,,,exact,,,category,retail sale rental,47,Retail Trade,,,4721|47217|47761|47219|4751,"Retail sale of food || Retail sale of salt || Retail sale of pet || Retail sale of food, n.e.c. || Retail sale of textiles",0.509407|0.479516|0.472537|0.458927|0.457347,0.509407,semantic:osm:shop;retrieval:candidates,REVIEW_CANDIDATES
osm,shop=convenience | office=telecommunication,1,3.521870817778404e-05,psic,rev5,,,exact,,,category,retail selling in convenience stores,4711,"Non-specialized retail sale with food, beverages or tobacco predominating",EXACT,47114,47114|47113|47111|47115|47112,Retail selling in convenience stores || Retail selling in sari-sari stores || Retail selling in groceries || Retail selling in pasalubong stores or centers || Retail selling in supermarkets and hypermarkets,1.000000|0.446025|0.441785|0.432407|0.315958,1.000000,semantic:osm:shop=convenience;retrieval:strong_separated_hit,REVIEW_REQUIRED
osm,amenity=cafeteria,1,3.521870817778404e-05,psic,rev5,,,exact,,,category,cafeteria amenity,,,,,7500|75000|75|750|842,Veterinary activities || Veterinary activities || Veterinary activities || Veterinary activities || Provision of services to the community as a whole,0.051552|0.051552|0.051552|0.051552|0.046215,0.051552,semantic:raw_category;retrieval:candidates,REVIEW_CANDIDATES
osm,man_made=water_well,1,3.521870817778404e-05,psic,rev5,,,exact,,,category,water well man made,,,,,50|502|50220|5022|501,Water Transport || Inland water transport || Inland freight water transport || Inland freight water transport || Sea and coastal water transport,0.214607|0.154847|0.127411|0.127411|0.125571,0.214607,semantic:raw_category;retrieval:candidates,REVIEW_CANDIDATES
osm,shop=weapons,1,3.521870817778404e-05,psic,rev5,,,exact,,,category,retail sale weapons,47,Retail Trade,,,4721|47217|47761|47219|4751,"Retail sale of food || Retail sale of salt || Retail sale of pet || Retail sale of food, n.e.c. || Retail sale of textiles",0.409155|0.384192|0.377822|0.372324|0.370704,0.409155,semantic:osm:shop;retrieval:candidates,REVIEW_CANDIDATES
osm,amenity=hunting_stand,1,3.521870817778404e-05,psic,rev5,,,exact,,,category,hunting stand amenity,,,,,01700|0170|017|01|69,"Hunting, trapping and related service activities || Hunting, trapping and related service activities || Hunting, trapping and related service activities || Crop and Animal Production, Hunting and Related Service Activities || Legal and Accounting Activities",0.361017|0.361017|0.361017|0.304526|0.077705,0.361017,semantic:raw_category;retrieval:candidates,REVIEW_CANDIDATES
osm,shop=eggs,1,3.521870817778404e-05,psic,rev5,,,exact,,,category,retail sale eggs,47,Retail Trade,EXACT,47212,47212|4721|47217|47761|47219,"Retail sale of eggs and dairy products || Retail sale of food || Retail sale of salt || Retail sale of pet || Retail sale of food, n.e.c.",0.573632|0.435781|0.410621|0.404504|0.392026,0.573632,semantic:osm:shop;retrieval:strong_separated_hit,REVIEW_REQUIRED
osm,amenity=drinking_water | shop=water,1,3.521870817778404e-05,psic,rev5,,,exact,,,category,retail sale water,47,Retail Trade,,,4721|47217|47761|47401|47219,"Retail sale of food || Retail sale of salt || Retail sale of pet || Retail sale of computers || Retail sale of food, n.e.c.",0.523090|0.492777|0.485381|0.471285|0.470924,0.523090,semantic:osm:shop;retrieval:candidates,REVIEW_CANDIDATES
osm,shop=printing,1,3.521870817778404e-05,psic,rev5,,,exact,,,category,retail sale printing,47,Retail Trade,,,4721|47217|47761|47219|4751,"Retail sale of food || Retail sale of salt || Retail sale of pet || Retail sale of food, n.e.c. || Retail sale of textiles",0.453063|0.426036|0.419270|0.410329|0.408719,0.453063,semantic:osm:shop;retrieval:candidates,REVIEW_CANDIDATES
osm,amenity=vehicle_inspection,1,3.521870817778404e-05,psic,rev5,,,exact,,,category,vehicle inspection amenity,,,,,95316|95314|95315|29105|29106,"Motor vehicle painting activities || Motor vehicle battery repair and maintenance || Motor vehicle body structure repair || Manufacture of motor vehicle engines, including electric motors || Factory rebuilding of motor vehicle engines",0.320334|0.264094|0.262530|0.238101|0.238084,0.320334,semantic:raw_category;retrieval:candidates,REVIEW_CANDIDATES
osm,amenity=taxi | public_transport=platform,1,3.521870817778404e-05,psic,rev5,,,exact,,,category,taxi amenity platform public transport,,,,,49421|51|50|494|49,Taxi operations || Air Transport || Water Transport || Other land transport || Land Transport and Transport via Pipelines,0.359293|0.232633|0.227657|0.189955|0.176263,0.359293,semantic:raw_category;retrieval:candidates,REVIEW_CANDIDATES
osm,shop=pet_grooming,1,3.521870817778404e-05,psic,rev5,,,exact,,,category,retail sale pet grooming,47,Retail Trade,EXACT,47761,47761|4776|47762|4721|47217,Retail sale of pet || Retail sale of pet and pet supplies || Retail sale of pet supplies || Retail sale of food || Retail sale of salt,0.755558|0.605209|0.591454|0.426497|0.400903,0.755558,semantic:osm:shop;retrieval:strong_separated_hit,REVIEW_REQUIRED
osm,office=power_utility,1,3.521870817778404e-05,psic,rev5,,,exact,,,category,power utility professional service activities,,,,,T|96|94120|9412|N,"Other Service Activities || Personal Service Activities || Activities of professional membership organizations || Activities of professional membership organizations || Professional, Scientific, and Technical Activities",0.312226|0.300600|0.300250|0.300250|0.281760,0.312226,semantic:raw_category;retrieval:candidates,REVIEW_CANDIDATES
osm,shop=craft,1,3.521870817778404e-05,psic,rev5,,,exact,,,category,retail sale craft,47,Retail Trade,,,4721|47217|47219|47761|4751,"Retail sale of food || Retail sale of salt || Retail sale of food, n.e.c. || Retail sale of pet || Retail sale of textiles",0.559087|0.523180|0.514460|0.513636|0.511707,0.559087,semantic:osm:shop;retrieval:candidates,REVIEW_CANDIDATES
osm,emergency=assembly_point,1,3.521870817778404e-05,psic,rev5,,,exact,,,category,assembly point emergency,,,,,60310|6031|79110|7911|791,News agency activities || News agency activities || Travel agency activities || Travel agency activities || Travel agency and tour operator activities,0.082482|0.082482|0.076523|0.076523|0.058567,0.082482,semantic:raw_category;retrieval:candidates,REVIEW_CANDIDATES
osm,amenity=taxi,1,3.521870817778404e-05,psic,rev5,,,exact,,,category,taxi amenity,,,,,842|841|8019|80190|80111,"Provision of services to the community as a whole || Administration of the State and the economic, social and environmental policies of the community || Security activities n.e.c. || Security activities n.e.c. || Private security activities",0.059071|0.037338|0.034529|0.034529|0.030713,0.059071,semantic:raw_category;retrieval:candidates,REVIEW_CANDIDATES
osm,amenity=motorcycle_parking,1,3.521870817778404e-05,psic,rev5,,,exact,,,category,motorcycle parking amenity,,,,,9534|95340|9533|95330|95320,Motor vehicle and motorcycle washing and detailing activities || Motor vehicle and motorcycle washing and detailing activities || Motor vehicle and motorcycle vulcanizing and preparing of tires || Motor vehicle and motorcycle vulcanizing and preparing of tires || Repair and maintenance of motorcycles,0.254001|0.254001|0.225348|0.225348|0.139979,0.254001,semantic:raw_category;retrieval:candidates,REVIEW_CANDIDATES
osm,healthcare=dentist,1,3.521870817778404e-05,psic,rev5,,,exact,,,category,dentist healthcare,,,,,86|869|8699|86999|R,"Human Health Activities || Other human health activities || Other human health activities n.e.c. || All other human health activities, n.e.c. || Human Health and Social Work Activities",0.166662|0.159275|0.148974|0.135878|0.131976,0.166662,semantic:raw_category;retrieval:candidates,REVIEW_CANDIDATES
osm,office=harbour_master,1,3.521870817778404e-05,psic,rev5,,,exact,,,category,harbour master professional service activities,,,,,T|96|94120|9412|N,"Other Service Activities || Personal Service Activities || Activities of professional membership organizations || Activities of professional membership organizations || Professional, Scientific, and Technical Activities",0.334963|0.322570|0.320874|0.320874|0.301215,0.334963,semantic:raw_category;retrieval:candidates,REVIEW_CANDIDATES
osm,office=foundation,1,3.521870817778404e-05,psic,rev5,,,exact,,,category,foundation professional service activities,,,,,T|96|94120|9412|N,"Other Service Activities || Personal Service Activities || Activities of professional membership organizations || Activities of professional membership organizations || Professional, Scientific, and Technical Activities",0.408897|0.396822|0.396675|0.396675|0.366621,0.408897,semantic:raw_category;retrieval:candidates,REVIEW_CANDIDATES
osm,craft=printer,1,3.521870817778404e-05,psic,rev5,,,exact,,,category,printer craft,,,,,1811|18110|33153|181|1812,Printing || Printing || Repair and maintenance of aircraft and aircraft engines || Printing and service activities related to printing || Service activities related to printing,0.146175|0.146175|0.139774|0.116337|0.090245,0.146175,semantic:raw_category;retrieval:candidates,REVIEW_CANDIDATES
osm,craft=hvac,1,3.521870817778404e-05,psic,rev5,,,exact,,,category,hvac craft,,,,,901|9013|90130|0116|0161,Arts creation activities || Other arts creation activities || Other arts creation activities || Growing of fiber crops || Support activities for crop production,0.012637|0.011812|0.011812|0.010401|0.009987,0.012637,semantic:raw_category;retrieval:candidates,REVIEW_CANDIDATES
osm,leisure=miniature_golf,1,3.521870817778404e-05,psic,rev5,,,exact,,,category,miniature golf leisure,,,,,07221|07|07100|0710|071,Gold ore mining || Mining of Metal Ores || Mining of iron ores || Mining of iron ores || Mining of iron ores,0.131497|0.064998|0.061632|0.061632|0.061632,0.131497,semantic:raw_category;retrieval:candidates,REVIEW_CANDIDATES
osm,shop=alcohol,1,3.521870817778404e-05,psic,rev5,,,exact,,,category,retail sale alcohol,47,Retail Trade,,,47221|4721|47217|47761|47219,"Retail sale of alcoholic beverages || Retail sale of food || Retail sale of salt || Retail sale of pet || Retail sale of food, n.e.c.",0.424829|0.396727|0.372367|0.366118|0.361509,0.424829,semantic:osm:shop;retrieval:candidates,REVIEW_CANDIDATES
osm,man_made=water_works,1,3.521870817778404e-05,psic,rev5,,,exact,,,category,water works man made,,,,,50|502|50220|5022|5021,Water Transport || Inland water transport || Inland freight water transport || Inland freight water transport || Inland passenger water transport,0.229308|0.164704|0.135524|0.135524|0.133387,0.229308,semantic:raw_category;retrieval:candidates,REVIEW_CANDIDATES
osm,healthcare=occupational_therapist;physiotherapist,1,3.521870817778404e-05,psic,rev5,,,exact,,,category,occupational therapist;physiotherapist healthcare,,,,,869|8699|86|86999|R,"Other human health activities || Other human health activities n.e.c. || Human Health Activities || All other human health activities, n.e.c. || Human Health and Social Work Activities",0.116544|0.109006|0.105013|0.099423|0.084328,0.116544,semantic:raw_category;retrieval:candidates,REVIEW_CANDIDATES
osm,amenity=rescue_station,1,3.521870817778404e-05,psic,rev5,,,exact,,,category,rescue station amenity,,,,,H|523|522|52322|5229,Transportation and Storage || Intermediation service activities for transportation || Support activities for transportation || Ticketing and seat reservation for passenger transportation || Other support activities for transportation,0.055626|0.053115|0.049052|0.047366|0.047135,0.055626,semantic:raw_category;retrieval:candidates,REVIEW_CANDIDATES
osm,craft=jeweller,1,3.521870817778404e-05,psic,rev5,,,exact,,,category,jeweller craft,,,,,370|37000|3700|37|29202,Sewerage || Sewerage || Sewerage || Sewerage || Manufacture of trailers and semi-trailers,0.014906|0.014906|0.014906|0.014906|0.011666,0.014906,semantic:raw_category;retrieval:candidates,REVIEW_CANDIDATES
osm,healthcare=optometrist,1,3.521870817778404e-05,psic,rev5,,,exact,,,category,optometrist healthcare,,,,,86224|86|869|8699|86999,"Private optometry and ophthalmology clinic activities || Human Health Activities || Other human health activities || Other human health activities n.e.c. || All other human health activities, n.e.c.",0.129701|0.120459|0.115120|0.107675|0.098209,0.129701,semantic:raw_category;retrieval:candidates,REVIEW_CANDIDATES
osm,amenity=clock,1,3.521870817778404e-05,psic,rev5,,,exact,,,category,clock amenity,,,,,842|841|8019|80190|80111,"Provision of services to the community as a whole || Administration of the State and the economic, social and environmental policies of the community || Security activities n.e.c. || Security activities n.e.c. || Private security activities",0.061704|0.039002|0.036068|0.036068|0.032081,0.061704,semantic:raw_category;retrieval:candidates,REVIEW_CANDIDATES
osm,man_made=water_tap,1,3.521870817778404e-05,psic,rev5,,,exact,,,category,water tap man made,,,,,50|502|5022|50220|5021,Water Transport || Inland water transport || Inland freight water transport || Inland freight water transport || Inland passenger water transport,0.264764|0.190150|0.156461|0.156461|0.153999,0.264764,semantic:raw_category;retrieval:candidates,REVIEW_CANDIDATES
osm,club=sailing,1,3.521870817778404e-05,psic,rev5,,,exact,,,category,sailing club,,,,,13996|30123|10611|10612|161,"Manufacture of tarpaulins, tents and sails || Manufacture of non-motorized sailboats || Rice milling || Corn milling || Sawmilling and planing of wood",0.074138|0.072402|0.039741|0.038559|0.032522,0.074138,semantic:raw_category;retrieval:candidates,REVIEW_CANDIDATES
osm,shop=water_sports,1,3.521870817778404e-05,psic,rev5,,,exact,,,category,retail sale water sports,47,Retail Trade,,,4721|47217|47761|47401|47219,"Retail sale of food || Retail sale of salt || Retail sale of pet || Retail sale of computers || Retail sale of food, n.e.c.",0.429540|0.404317|0.398089|0.387889|0.387755,0.429540,semantic:osm:shop;retrieval:candidates,REVIEW_CANDIDATES
osm,shop=dessert,1,3.521870817778404e-05,psic,rev5,,,exact,,,category,retail sale dessert,47,Retail Trade,,,4721|47217|47761|47219|4751,"Retail sale of food || Retail sale of salt || Retail sale of pet || Retail sale of food, n.e.c. || Retail sale of textiles",0.592347|0.555759|0.546327|0.540450|0.537970,0.592347,semantic:osm:shop;retrieval:candidates,REVIEW_CANDIDATES
osm,man_made=obelisk,1,3.521870817778404e-05,psic,rev5,,,exact,,,category,obelisk man made,,,,,47513|46413|47|46|G,"Retail sale of made-up textile goods || Wholesale of made-up textile goods, except wearing apparel || Retail Trade || Wholesale Trade || Wholesale and Retail Trade",0.145256|0.113005|0.053224|0.048261|0.041499,0.145256,semantic:raw_category;retrieval:candidates,REVIEW_CANDIDATES
osm,shop=outpost,1,3.521870817778404e-05,psic,rev5,,,exact,,,category,retail sale outpost,47,Retail Trade,,,4721|47217|47761|47219|4751,"Retail sale of food || Retail sale of salt || Retail sale of pet || Retail sale of food, n.e.c. || Retail sale of textiles",0.582924|0.546528|0.537064|0.533087|0.530529,0.582924,semantic:osm:shop;retrieval:candidates,REVIEW_CANDIDATES
osm,shop=tea,1,3.521870817778404e-05,psic,rev5,,,exact,,,category,retail sale tea,47,Retail Trade,,,4721|47217|47761|4751|47219,"Retail sale of food || Retail sale of salt || Retail sale of pet || Retail sale of textiles || Retail sale of food, n.e.c.",0.478110|0.451458|0.445192|0.435338|0.427083,0.478110,semantic:osm:shop;retrieval:candidates,REVIEW_CANDIDATES
osm,shop=repair,1,3.521870817778404e-05,psic,rev5,,,exact,,,category,retail sale repair,47,Retail Trade,,,4721|47217|47761|47219|4751,"Retail sale of food || Retail sale of salt || Retail sale of pet || Retail sale of food, n.e.c. || Retail sale of textiles",0.518160|0.487178|0.479795|0.468673|0.466889,0.518160,semantic:osm:shop;retrieval:candidates,REVIEW_CANDIDATES
osm,amenity=cafe | shop=bakery,1,3.521870817778404e-05,psic,rev5,,,exact,,,category,operation of cafes or coffee shops,563,Beverage serving activities,EXACT,56302,56302|56303|56301|56304|5630,"Operation of cafés or coffee shops || Activities of tea shops || Operation of nightclubs, bars and cocktail lounges || Activities of beverage stands, kiosks and counters || Beverage serving activities",0.784830|0.296045|0.107429|0.008501|0.004505,0.784830,semantic:osm:amenity=cafe;retrieval:strong_separated_hit,REVIEW_REQUIRED
osm,amenity=language_school,1,3.521870817778404e-05,psic,rev5,,,exact,,,category,language school amenity,,,,,494|52241|370|3700|37000,"Other land transport || Cargo handling, auxiliary activity to land transport || Sewerage || Sewerage || Sewerage",0.035416|0.032491|0.031130|0.031130|0.031130,0.035416,semantic:raw_category;retrieval:candidates,REVIEW_CANDIDATES
osm,craft=roofer,1,3.521870817778404e-05,psic,rev5,,,exact,,,category,roofer craft,,,,,0118|01189|9013|90130|74,"Growing of other vegetables, melons, roots and tubers || Growing of other vegetables, melons, roots and tubers, n.e.c. || Other arts creation activities || Other arts creation activities || Other Professional, Scientific and Technical Activities",0.031439|0.030245|0.012393|0.012393|0.012078,0.031439,semantic:raw_category;retrieval:candidates,REVIEW_CANDIDATES
osm,craft=yes,1,3.521870817778404e-05,psic,rev5,,,exact,,,category,yes craft,,,,,901|9013|90130|0161|9012,Arts creation activities || Other arts creation activities || Other arts creation activities || Support activities for crop production || Visual arts creation activities,0.016924|0.015820|0.015820|0.013375|0.012292,0.016924,semantic:raw_category;retrieval:candidates,REVIEW_CANDIDATES
osm,club=student,1,3.521870817778404e-05,psic,rev5,,,exact,,,category,student club,,,,,87|879|41|410|4100,Residential Care Activities || Other residential care activities || Construction of Residential and Non-residential Buildings || Construction of residential and non-residential buildings || Construction of residential and non-residential buildings,0.022804|0.021758|0.020903|0.020903|0.020903,0.022804,semantic:raw_category;retrieval:candidates,REVIEW_CANDIDATES
osm,shop=art,1,3.521870817778404e-05,psic,rev5,,,exact,,,category,retail sale art,47,Retail Trade,,,47693|4721|47217|47761|47219,"Retail sale of paintings and art supplies || Retail sale of food || Retail sale of salt || Retail sale of pet || Retail sale of food, n.e.c.",0.510270|0.473091|0.447641|0.441872|0.419672,0.510270,semantic:osm:shop;retrieval:candidates,REVIEW_CANDIDATES
osm,leisure=recreation_ground,1,3.521870817778404e-05,psic,rev5,,,exact,,,category,recreation ground leisure,,,,,S|932|9329|93299|93,"Arts, Sports and Recreation || Amusement and recreation activities || Other amusement and recreation activities || Other amusement and recreation activities, n.e.c. || Sports Activities and Amusement And Recreation Activities",0.332392|0.329139|0.304027|0.292175|0.259989,0.332392,semantic:raw_category;retrieval:candidates,REVIEW_CANDIDATES
osm,amenity=flight_school,1,3.521870817778404e-05,psic,rev5,,,exact,,,category,flight school amenity,,,,,842|841|8019|80190|80111,"Provision of services to the community as a whole || Administration of the State and the economic, social and environmental policies of the community || Security activities n.e.c. || Security activities n.e.c. || Private security activities",0.044391|0.028059|0.025948|0.025948|0.023080,0.044391,semantic:raw_category;retrieval:candidates,REVIEW_CANDIDATES
osm,man_made=wastewater_plant,1,3.521870817778404e-05,psic,rev5,,,exact,,,category,wastewater plant man made,,,,,E|381|38300|383|3830,"Water Supply; Sewerage, Waste Management and Remediation || Waste collection activities || Materials and other waste recovery || Materials and other waste recovery || Materials and other waste recovery",0.086741|0.086261|0.083725|0.083725|0.083725,0.086741,semantic:raw_category;retrieval:candidates,REVIEW_CANDIDATES
osm,amenity=grave_yard,1,3.521870817778404e-05,psic,rev5,,,exact,,,category,grave yard amenity,,,,,842|7990|799|79110|7911,Provision of services to the community as a whole || Other travel related activities || Other travel related activities || Travel agency activities || Travel agency activities,0.054208|0.044067|0.044067|0.043858|0.043858,0.054208,semantic:raw_category;retrieval:candidates,REVIEW_CANDIDATES
osm,office=administrative,1,3.521870817778404e-05,psic,rev5,,,exact,,,category,administrative professional service activities,,,SUBTREE,O,O|8210|821|82109|T,"Administrative and Support Service Activities || Office administrative and support activities || Office administrative and support activities || Office administrative and support activities, n.e.c. || Other Service Activities",0.563735|0.400022|0.400022|0.383832|0.328073,0.563735,semantic:raw_category;retrieval:strong_separated_hit,REVIEW_REQUIRED
osm,amenity=rescue_station | emergency=disaster_response,1,3.521870817778404e-05,psic,rev5,,,exact,,,category,rescue station amenity disaster response emergency,,,,,60310|6031|603|60|H,"News agency activities || News agency activities || News agency and other content distribution activities || Programming, Broadcasting, News Agency and Other Content Distribution Activities || Transportation and Storage",0.072456|0.072456|0.064901|0.048818|0.037092,0.072456,semantic:raw_category;retrieval:candidates,REVIEW_CANDIDATES
osm,amenity=coast_guard,1,3.521870817778404e-05,psic,rev5,,,exact,,,category,coast guard amenity,,,,,05100|0510|051|842|841,"Mining of hard coal || Mining of hard coal || Mining of hard coal || Provision of services to the community as a whole || Administration of the State and the economic, social and environmental policies of the community",0.064381|0.064381|0.064381|0.055295|0.034892,0.064381,semantic:raw_category;retrieval:candidates,REVIEW_CANDIDATES
osm,shop=bed,1,3.521870817778404e-05,psic,rev5,,,exact,,,category,retail sale bed,47,Retail Trade,,,4721|47217|47761|47219|4751,"Retail sale of food || Retail sale of salt || Retail sale of pet || Retail sale of food, n.e.c. || Retail sale of textiles",0.466537|0.441222|0.435431|0.414550|0.413647,0.466537,semantic:osm:shop;retrieval:candidates,REVIEW_CANDIDATES
osm,leisure=dog_park,1,3.521870817778404e-05,psic,rev5,,,exact,,,category,dog park leisure,,,,,15206|170|17|14101|14104,Manufacture of footwear parts and components || Manufacture of paper and paper products || Manufacture of Paper and Paper Products || Manufacture of industrial and work uniforms || Manufacture of ready-to-wear mass-market apparel,0.023395|0.015828|0.015828|0.015369|0.014826,0.023395,semantic:raw_category;retrieval:candidates,REVIEW_CANDIDATES
osm,leisure=nature_reserve,1,3.521870817778404e-05,psic,rev5,,,exact,,,category,nature reserve leisure,,,,,062|0620|06200|72104|721,Extraction of natural gas || Extraction of natural gas || Extraction of natural gas || Research and experimental development in other natural sciences || Research and experimental development on natural sciences and engineering,0.088464|0.088464|0.088464|0.073724|0.067134,0.088464,semantic:raw_category;retrieval:candidates,REVIEW_CANDIDATES
osm,amenity=coast_guard | office=government,1,3.521870817778404e-05,psic,rev5,,,exact,,,category,general public administration activities,84,Public Administration and Defense; Compulsory Social Security,,,8411|84119|84113|84112|84,"General public administration activities || General public administration activities, n.e.c. || Public administration, local government || Public administration, regional government || Public Administration and Defense; Compulsory Social Security",1.000000|0.970994|0.430826|0.425038|0.356934,1.000000,semantic:osm:government;retrieval:candidates,REVIEW_CANDIDATES
osm,industrial=energy,1,3.521870817778404e-05,psic,rev5,,,exact,,,category,energy industrial,,,,,65403|990|9900|V|99,Pre-need plan for memorial and interment || Activities of extraterritorial organizations and bodies || Activities of extraterritorial organizations and bodies || Activities of Extraterritorial Organizations and Bodies || Activities of Extraterritorial Organizations and Bodies,0.024267|0.020446|0.020446|0.020446|0.020446,0.024267,semantic:raw_category;retrieval:candidates,REVIEW_CANDIDATES
osm,man_made=monitoring_station,1,3.521870817778404e-05,psic,rev5,,,exact,,,category,monitoring station man made,,,,,20300|2030|203|28261|11055,"Manufacture of man-made fibres || Manufacture of man-made fibres || Manufacture of man-made fibres || Manufacture of textile machinery, including machineries for man-made textile fibers or yarns || Operation of water purifying and refilling station",0.386516|0.386516|0.386516|0.207253|0.197611,0.386516,semantic:raw_category;retrieval:candidates,REVIEW_CANDIDATES
osm,amenity=post_depot,1,3.521870817778404e-05,psic,rev5,,,exact,,,category,post depot amenity,,,,,53100|531|5310|53|842,Postal activities || Postal activities || Postal activities || Postal and Courier Activities || Provision of services to the community as a whole,0.100078|0.100078|0.100078|0.068408|0.058760,0.100078,semantic:raw_category;retrieval:candidates,REVIEW_CANDIDATES
osm,emergency=emergency_response,1,3.521870817778404e-05,psic,rev5,,,exact,,,category,emergency response emergency,,,,,60310|6031|79110|7911|791,News agency activities || News agency activities || Travel agency activities || Travel agency activities || Travel agency and tour operator activities,0.127005|0.127005|0.117830|0.117830|0.090182,0.127005,semantic:raw_category;retrieval:candidates,REVIEW_CANDIDATES
osm,amenity=research_institute,1,3.521870817778404e-05,psic,rev5,,,exact,,,category,research institute amenity,,,,,72|732|73200|7320|72103,Scientific Research and Development || Market research and public opinion polling activities || Market research and public opinion polling activities || Market research and public opinion polling activities || Research and experimental development in information technology,0.323912|0.255679|0.255679|0.255679|0.246526,0.323912,semantic:raw_category;retrieval:candidates,REVIEW_CANDIDATES
osm,office=financial,1,3.521870817778404e-05,psic,rev5,,,exact,,,category,financial professional service activities,,,,,T|6491|64910|64|649,"Other Service Activities || Financial leasing activities || Financial leasing activities || Financial Service Activities, except Insurance and Pension Funding || Other financial service activities, except insurance and pension funding activities",0.359201|0.358500|0.358500|0.356797|0.350883,0.359201,semantic:raw_category;retrieval:candidates,REVIEW_CANDIDATES
osm,man_made=beacon,1,3.521870817778404e-05,psic,rev5,,,exact,,,category,beacon man made,,,,,47513|46413|47|46|G,"Retail sale of made-up textile goods || Wholesale of made-up textile goods, except wearing apparel || Retail Trade || Wholesale Trade || Wholesale and Retail Trade",0.141750|0.110372|0.050170|0.045492|0.039117,0.141750,semantic:raw_category;retrieval:candidates,REVIEW_CANDIDATES
osm,healthcare=blood_donation,1,3.521870817778404e-05,psic,rev5,,,exact,,,category,blood donation healthcare,,,,,86|869|8699|86999|R,"Human Health Activities || Other human health activities || Other human health activities n.e.c. || All other human health activities, n.e.c. || Human Health and Social Work Activities",0.155094|0.148220|0.138634|0.126447|0.122815,0.155094,semantic:raw_category;retrieval:candidates,REVIEW_CANDIDATES
osm,amenity=boat_storage,1,3.521870817778404e-05,psic,rev5,,,exact,,,category,boat storage amenity,,,,,H|5210|521|52109|52103,"Transportation and Storage || Warehousing and storage || Warehousing and storage || Warehousing and storage, n.e.c. || Operation of cold storages, refrigerated warehouses or cool stores",0.480327|0.458625|0.458625|0.419834|0.100514,0.480327,semantic:raw_category;retrieval:candidates,REVIEW_CANDIDATES
osm,industrial=scrap_yard,1,3.521870817778404e-05,psic,rev5,,,exact,,,category,scrap yard industrial,,,,,65403|64951|990|9900|V,Pre-need plan for memorial and interment || Credit card company operation || Activities of extraterritorial organizations and bodies || Activities of extraterritorial organizations and bodies || Activities of Extraterritorial Organizations and Bodies,0.022978|0.020574|0.019360|0.019360|0.019360,0.022978,semantic:raw_category;retrieval:candidates,REVIEW_CANDIDATES
osm,amenity=community_centre | club=sport,1,3.521870817778404e-05,psic,rev5,,,exact,,,category,community centre amenity sport club,,,,,61|6190|61900|619|612,Telecommunications || Other telecommunication activities || Other telecommunication activities || Other telecommunication activities || Telecommunication reselling activities and intermediation service activities for telecommunication,0.079246|0.074347|0.074347|0.074347|0.063732,0.079246,semantic:raw_category;retrieval:candidates,REVIEW_CANDIDATES
osm,tourism=religious | leisure=garden,1,3.521870817778404e-05,psic,rev5,,,exact,,,category,religious tourism garden leisure,,,,,79901|7912|79120|791|79,"Activities of independent tourist guides || Tour operator activities || Tour operator activities || Travel agency and tour operator activities || Travel Agency, Tour Operator, and Other Travel Related Activities",0.082354|0.063751|0.063751|0.044219|0.037744,0.082354,semantic:raw_category;retrieval:candidates,REVIEW_CANDIDATES
osm,man_made=broadcast_station,1,3.521870817778404e-05,psic,rev5,,,exact,,,category,broadcast station man made,,,,,60100|601|6010|J|602,"Radio broadcasting and audio distribution activities || Radio broadcasting and audio distribution activities || Radio broadcasting and audio distribution activities || Publishing, Broadcasting, and Content Production and Distribution Activities || Television programming, broadcasting and video distribution activities",0.150904|0.150904|0.150904|0.141340|0.133657,0.150904,semantic:raw_category;retrieval:candidates,REVIEW_CANDIDATES
osm,industrial=water | man_made=wastewater_plant,1,3.521870817778404e-05,psic,rev5,,,exact,,,category,water industrial wastewater plant man made,,,,,50|502|5022|50220|5021,Water Transport || Inland water transport || Inland freight water transport || Inland freight water transport || Inland passenger water transport,0.224244|0.169325|0.139323|0.139323|0.136952,0.224244,semantic:raw_category;retrieval:candidates,REVIEW_CANDIDATES
overture,apparel_manufacturer,1,3.521870817778404e-05,psic,rev5,,,exact,,,category,apparel manufacturer,,,,,14|141|1410|14109|14103,"Manufacture of Wearing Apparel || Manufacture of wearing apparel, except fur apparel || Manufacture of wearing apparel, except fur apparel || Manufacture of wearing apparel, except fur apparel, n.e.c. || Manufacture of traditional apparel",0.554710|0.550011|0.550011|0.497916|0.496668,0.554710,semantic:raw_category;retrieval:candidates,REVIEW_CANDIDATES
overture,drugstore,1,3.521870817778404e-05,psic,rev5,,,exact,,,category,drugstore,,,,,0128|52103|07221|07291|H,"Growing of spices, aromatic, drug and pharmaceutical crops || Operation of cold storages, refrigerated warehouses or cool stores || Gold ore mining || Copper ore mining || Transportation and Storage",0.066572|0.053814|0.035400|0.031331|0.030689,0.066572,semantic:raw_category;retrieval:candidates,REVIEW_CANDIDATES
overture,latin_american_restaurant,1,3.521870817778404e-05,psic,rev5,,,exact,,,category,restaurants and mobile food service activities,561,Restaurants and mobile food service activities,,,561|5610|56109|56101|56103,"Restaurants and mobile food service activities || Restaurants and mobile food service activities || Restaurants and mobile food service activities, n.e.c. || Full-service restaurants activities || Activities of buffet restaurants",1.000000|1.000000|0.975297|0.355586|0.327040,1.000000,semantic:overture:restaurant_suffix;retrieval:candidates,REVIEW_CANDIDATES
overture,golf_course,1,3.521870817778404e-05,psic,rev5,,,exact,,,category,golf course,,,,,532|5320|53|53300|533,Courier activities || Courier activities || Postal and Courier Activities || Intermediation service activities for postal and courier activities || Intermediation service activities for postal and courier activities,0.093644|0.093644|0.074594|0.053044|0.053044,0.093644,semantic:raw_category;retrieval:candidates,REVIEW_CANDIDATES
overture,castle,1,3.521870817778404e-05,psic,rev5,,,exact,,,category,castle,,,,,59114|60100|601|6010|J,"Production of vlogs and video podcasts || Radio broadcasting and audio distribution activities || Radio broadcasting and audio distribution activities || Radio broadcasting and audio distribution activities || Publishing, Broadcasting, and Content Production and Distribution Activities",0.038744|0.034395|0.034395|0.034395|0.031262,0.038744,semantic:raw_category;retrieval:candidates,REVIEW_CANDIDATES
overture,health_food_restaurant,1,3.521870817778404e-05,psic,rev5,,,exact,,,category,restaurants and mobile food service activities,561,Restaurants and mobile food service activities,,,561|5610|56109|56101|56103,"Restaurants and mobile food service activities || Restaurants and mobile food service activities || Restaurants and mobile food service activities, n.e.c. || Full-service restaurants activities || Activities of buffet restaurants",1.000000|1.000000|0.975297|0.355586|0.327040,1.000000,semantic:overture:restaurant_suffix;retrieval:candidates,REVIEW_CANDIDATES
overture,condominium,1,3.521870817778404e-05,psic,rev5,,,exact,,,category,condominium,,,,,0721|07210|35300|3530|353,Mining of uranium and thorium ores || Mining of uranium and thorium ores || Steam and air conditioning supply || Steam and air conditioning supply || Steam and air conditioning supply,0.134822|0.134822|0.040546|0.040546|0.040546,0.134822,semantic:raw_category;retrieval:candidates,REVIEW_CANDIDATES
overture,laboratory,1,3.521870817778404e-05,psic,rev5,,,exact,,,category,laboratory,,,,,7912|79120|791|44000|440,Tour operator activities || Tour operator activities || Travel agency and tour operator activities || Renting of construction machinery and equipment with operator || Renting of construction machinery and equipment with operator,0.053909|0.053909|0.037392|0.037153|0.037153,0.053909,semantic:raw_category;retrieval:candidates,REVIEW_CANDIDATES
overture,asian_fusion_restaurant,1,3.521870817778404e-05,psic,rev5,,,exact,,,category,restaurants and mobile food service activities,561,Restaurants and mobile food service activities,,,561|5610|56109|56101|56103,"Restaurants and mobile food service activities || Restaurants and mobile food service activities || Restaurants and mobile food service activities, n.e.c. || Full-service restaurants activities || Activities of buffet restaurants",1.000000|1.000000|0.975297|0.355586|0.327040,1.000000,semantic:overture:restaurant_suffix;retrieval:candidates,REVIEW_CANDIDATES
overture,spanish_restaurant,1,3.521870817778404e-05,psic,rev5,,,exact,,,category,restaurants and mobile food service activities,561,Restaurants and mobile food service activities,,,561|5610|56109|56101|56103,"Restaurants and mobile food service activities || Restaurants and mobile food service activities || Restaurants and mobile food service activities, n.e.c. || Full-service restaurants activities || Activities of buffet restaurants",1.000000|1.000000|0.975297|0.355586|0.327040,1.000000,semantic:overture:restaurant_suffix;retrieval:candidates,REVIEW_CANDIDATES
overture,cottage,1,3.521870817778404e-05,psic,rev5,,,exact,,,category,cottage,,,,,370|3700|37000|37|5630,Sewerage || Sewerage || Sewerage || Sewerage || Beverage serving activities,0.051366|0.051366|0.051366|0.051366|0.043578,0.051366,semantic:raw_category;retrieval:candidates,REVIEW_CANDIDATES
overture,chiropractic,1,3.521870817778404e-05,psic,rev5,,,exact,,,category,chiropractic,,,,,0126|01260|062|06200|0620,"Growing of coconuts, including copra making || Growing of coconuts, including copra making || Extraction of natural gas || Extraction of natural gas || Extraction of natural gas",0.050626|0.050626|0.045109|0.045109|0.045109,0.050626,semantic:raw_category;retrieval:candidates,REVIEW_CANDIDATES
overture,investing,1,3.521870817778404e-05,psic,rev5,,,exact,,,category,investing,,,,,80112|801|80|8011|71201,Investigation activities || Investigation and security activities || Investigation and Security Activities || Investigation and private security activities || Emission testing activities,0.227698|0.184809|0.184809|0.167333|0.090865,0.227698,semantic:raw_category;retrieval:candidates,REVIEW_CANDIDATES
overture,coworking_space,1,3.521870817778404e-05,psic,rev5,,,exact,,,category,coworking space,,,,,43301|R|88|889|8890,Painting and related work || Human Health and Social Work Activities || Social Work Activities Without Accommodation || Other social work activities without accommodation || Other social work activities without accommodation,0.034994|0.024904|0.022741|0.022197|0.022197,0.034994,semantic:raw_category;retrieval:candidates,REVIEW_CANDIDATES
overture,dim_sum_restaurant,1,3.521870817778404e-05,psic,rev5,,,exact,,,category,restaurants and mobile food service activities,561,Restaurants and mobile food service activities,,,561|5610|56109|56101|56103,"Restaurants and mobile food service activities || Restaurants and mobile food service activities || Restaurants and mobile food service activities, n.e.c. || Full-service restaurants activities || Activities of buffet restaurants",1.000000|1.000000|0.975297|0.355586|0.327040,1.000000,semantic:overture:restaurant_suffix;retrieval:candidates,REVIEW_CANDIDATES
overture,drive_in_theater,1,3.521870817778404e-05,psic,rev5,,,exact,,,category,drive in theater,,,,,77301|50|502|36002|50220,"Renting and leasing of land transport equipment other than motor vehicles and motorcycles, without driver || Water Transport || Inland water transport || Water collection, treatment and supply, except desalting of sea or ground water || Inland freight water transport",0.074361|0.049158|0.041084|0.034358|0.033797,0.074361,semantic:raw_category;retrieval:candidates,REVIEW_CANDIDATES
overture,salad_bar,1,3.521870817778404e-05,psic,rev5,,,exact,,,category,salad bar,,,,,47217|47712|46317|47214|4721,Retail sale of salt || Retail sale of footwear || Wholesale of salt || Retail sale of bakery products || Retail sale of food,0.042814|0.032170|0.030213|0.028176|0.027994,0.042814,semantic:raw_category;retrieval:candidates,REVIEW_CANDIDATES
overture,middle_eastern_restaurant,1,3.521870817778404e-05,psic,rev5,,,exact,,,category,restaurants and mobile food service activities,561,Restaurants and mobile food service activities,,,561|5610|56109|56101|56103,"Restaurants and mobile food service activities || Restaurants and mobile food service activities || Restaurants and mobile food service activities, n.e.c. || Full-service restaurants activities || Activities of buffet restaurants",1.000000|1.000000|0.975297|0.355586|0.327040,1.000000,semantic:overture:restaurant_suffix;retrieval:candidates,REVIEW_CANDIDATES
overture,bike_rental,1,3.521870817778404e-05,psic,rev5,,,exact,,,category,bike rental,,,,,77|7710|771|77100|77291,Rental and Leasing Activities || Rental and leasing of motor vehicles || Rental and leasing of motor vehicles || Rental and leasing of motor vehicles || Rental and leasing of wearing apparel,0.406069|0.337103|0.337103|0.337103|0.296327,0.406069,semantic:raw_category;retrieval:candidates,REVIEW_CANDIDATES
overture,theatrical_production,1,3.521870817778404e-05,psic,rev5,,,exact,,,category,theatrical production,,,,,014|0148|01489|01482|01483,"Animal production || Egg production || Egg production, n.e.c. || Duck egg production || Quail egg production",0.436252|0.434135|0.392868|0.311713|0.307499,0.436252,semantic:raw_category;retrieval:candidates,REVIEW_CANDIDATES
overture,music_school,1,3.521870817778404e-05,psic,rev5,,,exact,,,category,music school,,,,,59200|592|5920|59|24,"Sound recording and music publishing activities || Sound recording and music publishing activities || Sound recording and music publishing activities || Motion Picture, Video and Television Program Production, Sound Recording and Music Publishing Activities || Manufacture of Basic Metals",0.251102|0.251102|0.251102|0.165637|0.032930,0.251102,semantic:raw_category;retrieval:candidates,REVIEW_CANDIDATES
overture,wholesaler,1,3.521870817778404e-05,psic,rev5,,,exact,,,category,wholesaler,,,,,46317|46|46732|46318|4661,Wholesale of salt || Wholesale Trade || Wholesale of cement || Wholesale of spices || Wholesale of motor vehicles,0.229427|0.220163|0.212107|0.199041|0.191075,0.229427,semantic:raw_category;retrieval:candidates,REVIEW_CANDIDATES
overture,zoo,1,3.521870817778404e-05,psic,rev5,,,exact,,,category,zoo,,,,,91410|9141|914|31013|96908,Botanical and zoological garden activities || Botanical and zoological garden activities || Botanical and zoological garden and nature reserve activities || Manufacture of bamboo furniture || Tattoo and body piercing artists' activities,0.087053|0.087053|0.074915|0.041355|0.028032,0.087053,semantic:raw_category;retrieval:candidates,REVIEW_CANDIDATES
overture,german_restaurant,1,3.521870817778404e-05,psic,rev5,,,exact,,,category,restaurants and mobile food service activities,561,Restaurants and mobile food service activities,,,561|5610|56109|56101|56103,"Restaurants and mobile food service activities || Restaurants and mobile food service activities || Restaurants and mobile food service activities, n.e.c. || Full-service restaurants activities || Activities of buffet restaurants",1.000000|1.000000|0.975297|0.355586|0.327040,1.000000,semantic:overture:restaurant_suffix;retrieval:candidates,REVIEW_CANDIDATES
overture,day_spa,1,3.521870817778404e-05,psic,rev5,,,exact,,,category,day spa,,,,,931|9319|93199|9312|93120,"Sports activities || Other sports activities || Other sports activities, n.e.c. || Activities of sports clubs || Activities of sports clubs",0.014420|0.013009|0.010721|0.009422|0.009422,0.014420,semantic:raw_category;retrieval:candidates,REVIEW_CANDIDATES
overture,laundry_service,1,3.521870817778404e-05,psic,rev5,,,exact,,,category,laundry service,,,,,T|96|56290|5629|09,Other Service Activities || Personal Service Activities || Other food service activities || Other food service activities || Mining Support Service Activities,0.227639|0.193624|0.190260|0.190260|0.165023,0.227639,semantic:raw_category;retrieval:candidates,REVIEW_CANDIDATES
overture,shoe_repair,1,3.521870817778404e-05,psic,rev5,,,exact,,,category,shoe repair,,,,,33120|3312|3319|33190|95231,Repair and maintenance of machinery || Repair and maintenance of machinery || Repair and maintenance of other equipment || Repair and maintenance of other equipment || Repair and maintenance of footwear,0.224153|0.224153|0.210867|0.210867|0.209949,0.224153,semantic:raw_category;retrieval:candidates,REVIEW_CANDIDATES
overture,wine_bar,1,3.521870817778404e-05,psic,rev5,,,exact,,,category,wine bar,,,,,2822|28229|28224|28262|440,"Manufacture of metal-forming machinery and machine tools || Manufacture of metal-forming machinery and machine tools, n.e.c. || Manufacture of parts and accessories for metal-forming machinery and machine tools || Manufacture of sewing machines || Renting of construction machinery and equipment with operator",0.027307|0.025868|0.023392|0.017253|0.013027,0.027307,semantic:raw_category;retrieval:candidates,REVIEW_CANDIDATES
overture,oncology,1,3.521870817778404e-05,psic,rev5,,,exact,,,category,oncology,,,,,0220|022|02209|381|02,"Logging || Logging || Logging, n.e.c. || Waste collection activities || Forestry and Logging",0.019929|0.019929|0.016834|0.015602|0.014708,0.019929,semantic:raw_category;retrieval:candidates,REVIEW_CANDIDATES
overture,currency_exchange,1,3.521870817778404e-05,psic,rev5,,,exact,,,category,currency exchange,,,,,60310|6031|79110|7911|791,News agency activities || News agency activities || Travel agency activities || Travel agency activities || Travel agency and tour operator activities,0.054114|0.054114|0.050204|0.050204|0.038424,0.054114,semantic:raw_category;retrieval:candidates,REVIEW_CANDIDATES
overture,blood_and_plasma_donation_center,1,3.521870817778404e-05,psic,rev5,,,exact,,,category,blood and plasma donation center,,,,,93111|22206|22|I|2220,"Operation of fitness centers || Manufacture of semi-manufactures of plastic products such as plastic plates, sheets, blocks, film, foil and strip || Manufacture of Rubber and Plastic Products || Accommodation and Food Service Activities || Manufacture of plastics products",0.120788|0.070116|0.066029|0.056856|0.054505,0.120788,semantic:raw_category;retrieval:candidates,REVIEW_CANDIDATES
overture,waterfall,1,3.521870817778404e-05,psic,rev5,,,exact,,,category,waterfall,,,,,50|502|501|50220|5022,Water Transport || Inland water transport || Sea and coastal water transport || Inland freight water transport || Inland freight water transport,0.128909|0.097759|0.085000|0.080421|0.080421,0.128909,semantic:raw_category;retrieval:candidates,REVIEW_CANDIDATES
overture,race_track,1,3.521870817778404e-05,psic,rev5,,,exact,,,category,race track,,,,,062|06200|0620|06100|061,Extraction of natural gas || Extraction of natural gas || Extraction of natural gas || Extraction of crude petroleum || Extraction of crude petroleum,0.036792|0.036792|0.036792|0.029051|0.029051,0.036792,semantic:raw_category;retrieval:candidates,REVIEW_CANDIDATES
overture,structural_engineer,1,3.521870817778404e-05,psic,rev5,,,exact,,,category,structural engineer,,,,,42|42900|429|4290|71102,Civil Engineering || Construction of other civil engineering projects || Construction of other civil engineering projects || Construction of other civil engineering projects || Environmental engineering activities,0.170242|0.158323|0.158323|0.158323|0.139038,0.170242,semantic:raw_category;retrieval:candidates,REVIEW_CANDIDATES
overture,makeup_artist,1,3.521870817778404e-05,psic,rev5,,,exact,,,category,makeup artist,,,,,90202|731|7310|73109|90122,"Activities of performing artists, such as actors, dancers, conductors and vloggers || Advertising activities || Advertising activities || Advertising activities, n.e.c. || Activities of independent cartoonist",0.072643|0.041416|0.041416|0.037240|0.034037,0.072643,semantic:raw_category;retrieval:candidates,REVIEW_CANDIDATES
overture,military_site,1,3.521870817778404e-05,psic,rev5,,,exact,,,category,military site,,,,,052|05200|0520|05|07292,Mining of lignite || Mining of lignite || Mining of lignite || Mining of Coal and Lignite || Chromite ore mining,0.038242|0.038242|0.038242|0.033153|0.031556,0.038242,semantic:raw_category;retrieval:candidates,REVIEW_CANDIDATES
overture,pet_sitting,1,3.521870817778404e-05,psic,rev5,,,exact,,,category,pet sitting,,,,,9200|920|92|92009|061,"Gambling and betting activities || Gambling and betting activities || Gambling and Betting Activities || Gambling and betting activities, n.e.c. || Extraction of crude petroleum",0.070591|0.070591|0.070591|0.065148|0.030399,0.070591,semantic:raw_category;retrieval:candidates,REVIEW_CANDIDATES
overture,haunted_house,1,3.521870817778404e-05,psic,rev5,,,exact,,,category,haunted house,,,,,U|9820|982|98200|98100,Activities of Households as Employers; Undifferentiated Goods- and Services-Producing Activities of Households for own use || Undifferentiated service-producing activities of private households for own use || Undifferentiated service-producing activities of private households for own use || Undifferentiated service-producing activities of private households for own use || Undifferentiated goods-producing activities of private households for their own use,0.075480|0.069240|0.069240|0.069240|0.065865,0.075480,semantic:raw_category;retrieval:candidates,REVIEW_CANDIDATES
overture,aquarium,1,3.521870817778404e-05,psic,rev5,,,exact,,,category,aquarium,,,,,0721|07210|032|0321|03,Mining of uranium and thorium ores || Mining of uranium and thorium ores || Aquaculture || Marine aquaculture || Fishing and Aquaculture,0.117992|0.117992|0.115766|0.105728|0.096306,0.117992,semantic:raw_category;retrieval:candidates,REVIEW_CANDIDATES
overture,media_service,1,3.521870817778404e-05,psic,rev5,,,exact,,,category,media service,,,,,182|1820|T|96400|964,Reproduction of recorded media || Reproduction of recorded media || Other Service Activities || Intermediation service activities for personal services || Intermediation service activities for personal services,0.314644|0.314644|0.306531|0.261550|0.261550,0.314644,semantic:raw_category;retrieval:candidates,REVIEW_CANDIDATES
overture,pool_cleaning,1,3.521870817778404e-05,psic,rev5,,,exact,,,category,pool cleaning,,,,,07|B|071|07100|0710,Mining of Metal Ores || Mining and Quarrying || Mining of iron ores || Mining of iron ores || Mining of iron ores,0.033921|0.032714|0.032165|0.032165|0.032165,0.033921,semantic:raw_category;retrieval:candidates,REVIEW_CANDIDATES
overture,vehicle_shipping,1,3.521870817778404e-05,psic,rev5,,,exact,,,category,vehicle shipping,,,,,95316|95314|95315|29106|95340,Motor vehicle painting activities || Motor vehicle battery repair and maintenance || Motor vehicle body structure repair || Factory rebuilding of motor vehicle engines || Motor vehicle and motorcycle washing and detailing activities,0.325399|0.265731|0.264336|0.242795|0.237572,0.325399,semantic:raw_category;retrieval:candidates,REVIEW_CANDIDATES
overture,auto_customization,1,3.521870817778404e-05,psic,rev5,,,exact,,,category,auto customization,,,,,9492|94920|9491|94910|94,Activities of political organizations || Activities of political organizations || Activities of religious organizations || Activities of religious organizations || Activities of Membership Organizations,0.056612|0.056612|0.054160|0.054160|0.054117,0.056612,semantic:raw_category;retrieval:candidates,REVIEW_CANDIDATES
overture,sculpture_statue,1,3.521870817778404e-05,psic,rev5,,,exact,,,category,sculpture statue,,,,,M|68|310|31|3102,Real Estate Activities || Real Estate Activities || Manufacture of furniture || Manufacture of Furniture || Manufacture of other furniture,0.027441|0.027441|0.021733|0.021733|0.020345,0.027441,semantic:raw_category;retrieval:candidates,REVIEW_CANDIDATES
overture,costume_store,1,3.521870817778404e-05,psic,rev5,,,exact,,,category,retail sale costume,47,Retail Trade,,,4721|47217|47761|47219|47401,"Retail sale of food || Retail sale of salt || Retail sale of pet || Retail sale of food, n.e.c. || Retail sale of computers",0.586254|0.549791|0.540338|0.535689|0.533884,0.586254,semantic:overture:store_suffix;retrieval:candidates,REVIEW_CANDIDATES
overture,archery_range,1,3.521870817778404e-05,psic,rev5,,,exact,,,category,archery range,,,,,9112|91120|911|71101|91,"Archive activities || Archive activities || Library and archive activities || Architectural consulting activities || Library, Archives, Museum and Other Cultural Activities",0.089165|0.089165|0.068139|0.057690|0.047276,0.089165,semantic:raw_category;retrieval:candidates,REVIEW_CANDIDATES
overture,dog_trainer,1,3.521870817778404e-05,psic,rev5,,,exact,,,category,dog trainer,,,,,29202|29|47813|2920|292,"Manufacture of trailers and semi-trailers || Manufacture of Motor Vehicles, Trailers and Semi-Trailers || Retail sale of commercial vehicles for freight transportation including trucks, trailers and semi-trailers || Manufacture of bodies (coachwork) for motor vehicles; manufacture of trailers and semi-trailers || Manufacture of bodies (coachwork) for motor vehicles; manufacture of trailers and semi-trailers",0.056707|0.050448|0.041625|0.037302|0.037302,0.056707,semantic:raw_category;retrieval:candidates,REVIEW_CANDIDATES
overture,dog_park,1,3.521870817778404e-05,psic,rev5,,,exact,,,category,dog park,,,,,R|88|8890|889|88909,"Human Health and Social Work Activities || Social Work Activities Without Accommodation || Other social work activities without accommodation || Other social work activities without accommodation || Other social work activities without accommodation, n.e.c.",0.014303|0.013061|0.012748|0.012748|0.011943,0.014303,semantic:raw_category;retrieval:candidates,REVIEW_CANDIDATES
overture,pet_breeder,1,3.521870817778404e-05,psic,rev5,,,exact,,,category,pet breeder,,,,,96902|06100|061|0610|19,Pet care services || Extraction of crude petroleum || Extraction of crude petroleum || Extraction of crude petroleum || Manufacture of Coke and Refined Petroleum Products,0.408540|0.030521|0.030521|0.030521|0.027695,0.408540,semantic:raw_category;retrieval:candidates,REVIEW_CANDIDATES
overture,countertop_installation,1,3.521870817778404e-05,psic,rev5,,,exact,,,category,countertop installation,,,,,3320|33200|332|33|69,"Installation of industrial machinery and equipment || Installation of industrial machinery and equipment || Installation of industrial machinery and equipment || Repair, Maintenance and Installation of Machinery and Equipment || Legal and Accounting Activities",0.360907|0.360907|0.360907|0.315790|0.058907,0.360907,semantic:raw_category;retrieval:candidates,REVIEW_CANDIDATES
overture,atv_rental_tour,1,3.521870817778404e-05,psic,rev5,,,exact,,,category,atv rental tour,,,,,7912|79120|77|791|771,Tour operator activities || Tour operator activities || Rental and Leasing Activities || Travel agency and tour operator activities || Rental and leasing of motor vehicles,0.424301|0.424301|0.294049|0.287112|0.242912,0.424301,semantic:raw_category;retrieval:candidates,REVIEW_CANDIDATES
overture,oil_change_station,1,3.521870817778404e-05,psic,rev5,,,exact,,,category,oil change station,,,,,H|5232|523|522|5229,Transportation and Storage || Intermediation service activities for passenger transportation || Intermediation service activities for transportation || Support activities for transportation || Other support activities for transportation,0.057599|0.046097|0.046004|0.042484|0.040824,0.057599,semantic:raw_category;retrieval:candidates,REVIEW_CANDIDATES
overture,gift_shop,1,3.521870817778404e-05,psic,rev5,,,exact,,,category,gift shop,,,,,01632|0161|01619|0163|01639,"Cotton ginning || Support activities for crop production || Support activities for crop production, n.e.c. || Post-harvest crop activities || Post-harvest crop activities, n.e.c.",0.019479|0.015662|0.013918|0.012201|0.011432,0.019479,semantic:raw_category;retrieval:candidates,REVIEW_CANDIDATES
overture,persian_restaurant,1,3.521870817778404e-05,psic,rev5,,,exact,,,category,restaurants and mobile food service activities,561,Restaurants and mobile food service activities,,,561|5610|56109|56101|56103,"Restaurants and mobile food service activities || Restaurants and mobile food service activities || Restaurants and mobile food service activities, n.e.c. || Full-service restaurants activities || Activities of buffet restaurants",1.000000|1.000000|0.975297|0.355586|0.327040,1.000000,semantic:overture:restaurant_suffix;retrieval:candidates,REVIEW_CANDIDATES
overture,driving_range,1,3.521870817778404e-05,psic,rev5,,,exact,,,category,driving range,,,,,49431|49423|563|5630|56309,"Renting of trucks, with driver || Activities of chartered vehicle, with driver || Beverage serving activities || Beverage serving activities || Beverage serving activities, n.e.c.",0.071627|0.058795|0.054152|0.054152|0.048346,0.071627,semantic:raw_category;retrieval:candidates,REVIEW_CANDIDATES
overture,science_museum,1,3.521870817778404e-05,psic,rev5,,,exact,,,category,science museum,,,,,91210|9121|91|912|72104,"Museum and collection activities || Museum and collection activities || Library, Archives, Museum and Other Cultural Activities || Museum, collection, historical site and monument activities || Research and experimental development in other natural sciences",0.455695|0.455695|0.306153|0.268223|0.098120,0.455695,semantic:raw_category;retrieval:candidates,REVIEW_CANDIDATES
overture,bus_tour,1,3.521870817778404e-05,psic,rev5,,,exact,,,category,bus tour,,,,,79120|7912|791|79|79901,"Tour operator activities || Tour operator activities || Travel agency and tour operator activities || Travel Agency, Tour Operator, and Other Travel Related Activities || Activities of independent tourist guides",0.415203|0.415203|0.281630|0.214759|0.072536,0.415203,semantic:raw_category;retrieval:candidates,REVIEW_CANDIDATES
overture,medical_spa,1,3.521870817778404e-05,psic,rev5,,,exact,,,category,medical spa,,,,,21002|21001|2100|210|21009,"Manufacture of medical impregnated wadding, gauze, bandages, dressings and similar products || Manufacture of drugs, medicines, biological products and medicinal active substances || Manufacture of pharmaceuticals, medicinal chemical and botanical products || Manufacture of pharmaceuticals, medicinal chemical and botanical products || Manufacture of pharmaceuticals, medicinal chemical and botanical products, n.e.c",0.140152|0.089201|0.087196|0.087196|0.083668,0.140152,semantic:raw_category;retrieval:candidates,REVIEW_CANDIDATES
overture,boat_rental_and_training,1,3.521870817778404e-05,psic,rev5,,,exact,,,category,boat rental and training,,,,,77|7710|771|77100|77291,Rental and Leasing Activities || Rental and leasing of motor vehicles || Rental and leasing of motor vehicles || Rental and leasing of motor vehicles || Rental and leasing of wearing apparel,0.324779|0.269826|0.269826|0.269826|0.239814,0.324779,semantic:raw_category;retrieval:candidates,REVIEW_CANDIDATES
overture,appliance_manufacturer,1,3.521870817778404e-05,psic,rev5,,,exact,,,category,appliance manufacturer,,,,,27902|275|2750|27509|25994,"Manufacture of appliance cords, extension cords and other electrical cords || Manufacture of domestic appliances || Manufacture of domestic appliances || Manufacture of domestic appliances, n.e.c. || Manufacture of small hand-operated kitchen appliances",0.328330|0.266657|0.266657|0.245471|0.178254,0.328330,semantic:raw_category;retrieval:candidates,REVIEW_CANDIDATES
overture,computer_hardware_company,1,3.521870817778404e-05,psic,rev5,,,exact,,,category,computer hardware company,,,,,622|6220|62200|621|6219,Computer consultancy and computer facilities management activities || Computer consultancy and computer facilities management activities || Computer consultancy and computer facilities management activities || Computer programming activities || Other computer programming activities,0.276182|0.276182|0.276182|0.262869|0.240206,0.276182,semantic:raw_category;retrieval:candidates,REVIEW_CANDIDATES
overture,boot_camp,1,3.521870817778404e-05,psic,rev5,,,exact,,,category,boot camp,,,,,87|879|8799|V|9900,Residential Care Activities || Other residential care activities || Other residential care activities n.e.c. || Activities of Extraterritorial Organizations and Bodies || Activities of extraterritorial organizations and bodies,0.008401|0.008016|0.007481|0.007426|0.007426,0.008401,semantic:raw_category;retrieval:candidates,REVIEW_CANDIDATES
overture,pop_up_store,1,3.521870817778404e-05,psic,rev5,,,exact,,,category,retail sale pop up,47,Retail Trade,,,4721|47217|47761|47219|4751,"Retail sale of food || Retail sale of salt || Retail sale of pet || Retail sale of food, n.e.c. || Retail sale of textiles",0.508775|0.480897|0.474455|0.452940|0.451874,0.508775,semantic:overture:store_suffix;retrieval:candidates,REVIEW_CANDIDATES
overture,recreational_vehicle_dealer,1,3.521870817778404e-05,psic,rev5,,,exact,,,category,recreational vehicle dealer,,,,,93292|95316|95315|95314|S,"Activities of beaches and recreational swimming pools || Motor vehicle painting activities || Motor vehicle body structure repair || Motor vehicle battery repair and maintenance || Arts, Sports and Recreation",0.210874|0.191480|0.160048|0.157897|0.143279,0.210874,semantic:raw_category;retrieval:candidates,REVIEW_CANDIDATES
overture,muslim_place_of_worship,1,3.521870817778404e-05,psic,rev5,,,exact,,,category,muslim place of worship,,,,,94|949|9499|94990|94120,Activities of Membership Organizations || Activities of other membership organizations || Activities of other membership organizations n.e.c. || Activities of other membership organizations n.e.c. || Activities of professional membership organizations,0.147377|0.143009|0.139755|0.139755|0.121584,0.147377,semantic:raw_category;retrieval:candidates,REVIEW_CANDIDATES
overture,writing_service,1,3.521870817778404e-05,psic,rev5,,,exact,,,category,writing service,,,,,T|96|56290|5629|09,Other Service Activities || Personal Service Activities || Other food service activities || Other food service activities || Mining Support Service Activities,0.412962|0.359961|0.344715|0.344715|0.308444,0.412962,semantic:raw_category;retrieval:candidates,REVIEW_CANDIDATES
overture,distillery,1,3.521870817778404e-05,psic,rev5,,,exact,,,category,distillery,,,,,603|60100|6010|601|J,"News agency and other content distribution activities || Radio broadcasting and audio distribution activities || Radio broadcasting and audio distribution activities || Radio broadcasting and audio distribution activities || Publishing, Broadcasting, and Content Production and Distribution Activities",0.039321|0.038559|0.038559|0.038559|0.035046,0.039321,semantic:raw_category;retrieval:candidates,REVIEW_CANDIDATES
overture,carpet_store,1,3.521870817778404e-05,psic,rev5,,,exact,,,category,retail sale carpet,47,Retail Trade,,,47761|4721|47217|47219|4751,"Retail sale of pet || Retail sale of food || Retail sale of salt || Retail sale of food, n.e.c. || Retail sale of textiles",0.570164|0.546745|0.511091|0.504816|0.501962,0.570164,semantic:overture:store_suffix;retrieval:candidates,REVIEW_CANDIDATES
overture,truck_rental_service,1,3.521870817778404e-05,psic,rev5,,,exact,,,category,truck rental service,,,,,77|T|771|7710|77100,Rental and Leasing Activities || Other Service Activities || Rental and leasing of motor vehicles || Rental and leasing of motor vehicles || Rental and leasing of motor vehicles,0.258163|0.228231|0.213401|0.213401|0.213401,0.258163,semantic:raw_category;retrieval:candidates,REVIEW_CANDIDATES
overture,psychology,1,3.521870817778404e-05,psic,rev5,,,exact,,,category,psychology,,,,,0220|022|02209|02|464,"Logging || Logging || Logging, n.e.c. || Forestry and Logging || Wholesale of household goods",0.024049|0.024049|0.020314|0.017749|0.012734,0.024049,semantic:raw_category;retrieval:candidates,REVIEW_CANDIDATES
overture,plastics_company,1,3.521870817778404e-05,psic,rev5,,,exact,,,category,plastics company,,,,,222|2220|22209|22|22203,"Manufacture of plastics products || Manufacture of plastics products || Manufacture of plastics products, n.e.c. || Manufacture of Rubber and Plastic Products || Manufacture of plastic furniture fittings",0.412724|0.412724|0.390110|0.116807|0.098204,0.412724,semantic:raw_category;retrieval:candidates,REVIEW_CANDIDATES
overture,guest_house,1,3.521870817778404e-05,psic,rev5,,,exact,,,category,guest house,,,,,U|95221|952|9820|98200,Activities of Households as Employers; Undifferentiated Goods- and Services-Producing Activities of Households for own use || Repair and maintenance of household appliances || Repair and maintenance of personal and household goods || Undifferentiated service-producing activities of private households for own use || Undifferentiated service-producing activities of private households for own use,0.075662|0.067195|0.067076|0.066028|0.066028,0.075662,semantic:raw_category;retrieval:candidates,REVIEW_CANDIDATES
overture,audiology,1,3.521870817778404e-05,psic,rev5,,,exact,,,category,audiology,,,,,022|0220|02209|02|662,"Logging || Logging || Logging, n.e.c. || Forestry and Logging || Activities auxiliary to insurance and pension funding",0.016141|0.016141|0.013635|0.011913|0.008053,0.016141,semantic:raw_category;retrieval:candidates,REVIEW_CANDIDATES
overture,teeth_whitening,1,3.521870817778404e-05,psic,rev5,,,exact,,,category,teeth whitening,,,,,71101|0520|05200|052|08913,Architectural consulting activities || Mining of lignite || Mining of lignite || Mining of lignite || Pyrite mining,0.041125|0.039986|0.039986|0.039986|0.039447,0.041125,semantic:raw_category;retrieval:candidates,REVIEW_CANDIDATES
overture,skate_store,1,3.521870817778404e-05,psic,rev5,,,exact,,,category,retail sale skate,47,Retail Trade,,,4721|47217|47219|4751|47761,"Retail sale of food || Retail sale of salt || Retail sale of food, n.e.c. || Retail sale of textiles || Retail sale of pet",0.541169|0.505629|0.500458|0.497558|0.496024,0.541169,semantic:overture:store_suffix;retrieval:candidates,REVIEW_CANDIDATES
overture,abuse_and_addiction_treatment_center,1,3.521870817778404e-05,psic,rev5,,,exact,,,category,abuse and addiction treatment center,,,,,382|36|360|3600|3822,"Waste treatment and disposal || Water Collection, Treatment and Supply || Water collection, treatment and supply || Water collection, treatment and supply || Treatment and disposal of hazardous waste",0.252046|0.248371|0.248371|0.248371|0.204852,0.252046,semantic:raw_category;retrieval:candidates,REVIEW_CANDIDATES
overture,waxing,1,3.521870817778404e-05,psic,rev5,,,exact,,,category,waxing,,,,,20233|11055|50|11054|B,Manufacture of waxes and polishing products || Operation of water purifying and refilling station || Water Transport || Manufacture of bottled drinking water || Mining and Quarrying,0.102518|0.019977|0.018879|0.018436|0.018431,0.102518,semantic:raw_category;retrieval:candidates,REVIEW_CANDIDATES
overture,trophy_store,1,3.521870817778404e-05,psic,rev5,,,exact,,,category,retail sale trophy,47,Retail Trade,,,4721|47217|47219|4751|47761,"Retail sale of food || Retail sale of salt || Retail sale of food, n.e.c. || Retail sale of textiles || Retail sale of pet",0.546921|0.511263|0.504953|0.502100|0.501678,0.546921,semantic:overture:store_suffix;retrieval:candidates,REVIEW_CANDIDATES
overture,airport_terminal,1,3.521870817778404e-05,psic,rev5,,,exact,,,category,airport terminal,,,,,49427|51|5120|512|51102,Operation of airport shuttles || Air Transport || Freight air transport || Freight air transport || International air passenger transport,0.364921|0.074279|0.053055|0.053055|0.050310,0.364921,semantic:raw_category;retrieval:candidates,REVIEW_CANDIDATES
overture,lingerie_store,1,3.521870817778404e-05,psic,rev5,,,exact,,,category,retail sale lingerie,47,Retail Trade,,,4721|47217|47219|4751|47761,"Retail sale of food || Retail sale of salt || Retail sale of food, n.e.c. || Retail sale of textiles || Retail sale of pet",0.544787|0.509173|0.503286|0.500415|0.499580,0.544787,semantic:overture:store_suffix;retrieval:candidates,REVIEW_CANDIDATES
overture,urology,1,3.521870817778404e-05,psic,rev5,,,exact,,,category,urology,,,,,0220|022|02209|02|0610,"Logging || Logging || Logging, n.e.c. || Forestry and Logging || Extraction of crude petroleum",0.020743|0.020743|0.017522|0.015309|0.010758,0.020743,semantic:raw_category;retrieval:candidates,REVIEW_CANDIDATES
overture,glass_manufacturer,1,3.521870817778404e-05,psic,rev5,,,exact,,,category,glass manufacturer,,,,,231|2310|23109|23103|23101,"Manufacture of glass and glass products || Manufacture of glass and glass products || Manufacture of glass and glass products, n.e.c. || Manufacture of glass fibers, including glass wool || Manufacture of flat glass, including float glass",0.696055|0.696055|0.670931|0.538426|0.513298,0.696055,semantic:raw_category;retrieval:candidates,REVIEW_CANDIDATES
overture,graphic_designer,1,3.521870817778404e-05,psic,rev5,,,exact,,,category,graphic designer,,,,,0520|052|05200|879|05,Mining of lignite || Mining of lignite || Mining of lignite || Other residential care activities || Mining of Coal and Lignite,0.011937|0.011937|0.011937|0.010890|0.010348,0.011937,semantic:raw_category;retrieval:candidates,REVIEW_CANDIDATES
overture,reproductive_perinatal_and_womens_care,1,3.521870817778404e-05,psic,rev5,,,exact,,,category,reproductive perinatal and womens care,,,,,87|879|8799|8710|871,Residential Care Activities || Other residential care activities || Other residential care activities n.e.c. || Residential nursing care activities || Residential nursing care activities,0.348991|0.297496|0.292794|0.255060|0.255060,0.348991,semantic:raw_category;retrieval:candidates,REVIEW_CANDIDATES
overture,business_consulting,1,3.521870817778404e-05,psic,rev5,,,exact,,,category,business consulting,,,,,70200|702|7020|829|8299,Business and other management consultancy activities || Business and other management consultancy activities || Business and other management consultancy activities || Business support service activities n.e.c. || Other business support service activities n.e.c.,0.346317|0.346317|0.346317|0.345673|0.316288,0.346317,semantic:raw_category;retrieval:candidates,REVIEW_CANDIDATES
overture,motorcycle_rental_service,1,3.521870817778404e-05,psic,rev5,,,exact,,,category,motorcycle rental service,,,,,95340|9534|77100|7710|771,Motor vehicle and motorcycle washing and detailing activities || Motor vehicle and motorcycle washing and detailing activities || Rental and leasing of motor vehicles || Rental and leasing of motor vehicles || Rental and leasing of motor vehicles,0.290686|0.290686|0.269264|0.269264|0.269264,0.290686,semantic:raw_category;retrieval:candidates,REVIEW_CANDIDATES
overture,gay_bar,1,3.521870817778404e-05,psic,rev5,,,exact,,,category,gay bar,,,,,062|06200|0620|24|352,Extraction of natural gas || Extraction of natural gas || Extraction of natural gas || Manufacture of Basic Metals || Manufacture of gas; distribution of gaseous fuels through mains,0.019251|0.019251|0.019251|0.018660|0.018365,0.019251,semantic:raw_category;retrieval:candidates,REVIEW_CANDIDATES
overture,neurology,1,3.521870817778404e-05,psic,rev5,,,exact,,,category,neurology,,,,,022|0220|02209|02|60310,"Logging || Logging || Logging, n.e.c. || Forestry and Logging || News agency activities",0.021223|0.021223|0.017927|0.015663|0.014589,0.021223,semantic:raw_category;retrieval:candidates,REVIEW_CANDIDATES
overture,notary_public,1,3.521870817778404e-05,psic,rev5,,,exact,,,category,notary public,,,,,733|7330|73300|84115|8411,Public relations activities || Public relations activities || Public relations activities || Public finance management || General public administration activities,0.399237|0.399237|0.399237|0.334812|0.313711,0.399237,semantic:raw_category;retrieval:candidates,REVIEW_CANDIDATES
overture,ambulance_or_ems_service,1,3.521870817778404e-05,psic,rev5,,,exact,,,category,ambulance or ems service,,,,,T|96|5629|56290|9690,Other Service Activities || Personal Service Activities || Other food service activities || Other food service activities || Other personal service activities n.e.c.,0.302032|0.261840|0.252189|0.252189|0.221622,0.302032,semantic:raw_category;retrieval:candidates,REVIEW_CANDIDATES
overture,malaysian_restaurant,1,3.521870817778404e-05,psic,rev5,,,exact,,,category,restaurants and mobile food service activities,561,Restaurants and mobile food service activities,,,561|5610|56109|56101|56103,"Restaurants and mobile food service activities || Restaurants and mobile food service activities || Restaurants and mobile food service activities, n.e.c. || Full-service restaurants activities || Activities of buffet restaurants",1.000000|1.000000|0.975297|0.355586|0.327040,1.000000,semantic:overture:restaurant_suffix;retrieval:candidates,REVIEW_CANDIDATES
overture,tennis_court,1,3.521870817778404e-05,psic,rev5,,,exact,,,category,tennis court,,,,,532|5320|53|5330|53300,Courier activities || Courier activities || Postal and Courier Activities || Intermediation service activities for postal and courier activities || Intermediation service activities for postal and courier activities,0.076833|0.076833|0.061203|0.043521|0.043521,0.076833,semantic:raw_category;retrieval:candidates,REVIEW_CANDIDATES
overture,buddhist_place_of_worship,1,3.521870817778404e-05,psic,rev5,,,exact,,,category,buddhist place of worship,,,,,94|949|9499|94990|94120,Activities of Membership Organizations || Activities of other membership organizations || Activities of other membership organizations n.e.c. || Activities of other membership organizations n.e.c. || Activities of professional membership organizations,0.142321|0.138081|0.135018|0.135018|0.117449,0.142321,semantic:raw_category;retrieval:candidates,REVIEW_CANDIDATES
overture,psychic_advising,1,3.521870817778404e-05,psic,rev5,,,exact,,,category,psychic advising,,,,,7310|731|73109|73101|73102,"Advertising activities || Advertising activities || Advertising activities, n.e.c. || Activities of advertising agency, except billboard and outdoor advertising activities || Billboard and outdoor advertising activities",0.143534|0.143534|0.129062|0.102741|0.085409,0.143534,semantic:raw_category;retrieval:candidates,REVIEW_CANDIDATES
overture,hiking_trail,1,3.521870817778404e-05,psic,rev5,,,exact,,,category,hiking trail,,,,,29202|29|47813|46613|292,"Manufacture of trailers and semi-trailers || Manufacture of Motor Vehicles, Trailers and Semi-Trailers || Retail sale of commercial vehicles for freight transportation including trucks, trailers and semi-trailers || Wholesale of commercial vehicles for freight transportation including trucks, trailers and semi-trailers || Manufacture of bodies (coachwork) for motor vehicles; manufacture of trailers and semi-trailers",0.125957|0.112056|0.098666|0.090127|0.082855,0.125957,semantic:raw_category;retrieval:candidates,REVIEW_CANDIDATES
overture,department_of_motor_vehicles,1,3.521870817778404e-05,psic,rev5,,,exact,,,category,department of motor vehicles,,,,,2910|291|9531|29104|95319,"Manufacture of motor vehicles || Manufacture of motor vehicles || Repair and maintenance of motor vehicles || Manufacture of other motor vehicles || Repair and maintenance of motor vehicles, n.e.c.",0.655834|0.655834|0.471955|0.452190|0.451792,0.655834,semantic:raw_category;retrieval:candidates,REVIEW_CANDIDATES
overture,prosthodontics,1,3.521870817778404e-05,psic,rev5,,,exact,,,category,prosthodontics,,,,,2220|222|22209|0148|22,"Manufacture of plastics products || Manufacture of plastics products || Manufacture of plastics products, n.e.c. || Egg production || Manufacture of Rubber and Plastic Products",0.087619|0.087619|0.078221|0.015316|0.015156,0.087619,semantic:raw_category;retrieval:candidates,REVIEW_CANDIDATES
overture,media_news_website,1,3.521870817778404e-05,psic,rev5,,,exact,,,category,media news website,,,,,60310|6031|603|182|1820,News agency activities || News agency activities || News agency and other content distribution activities || Reproduction of recorded media || Reproduction of recorded media,0.345304|0.345304|0.223108|0.220764|0.220764,0.345304,semantic:raw_category;retrieval:candidates,REVIEW_CANDIDATES
overture,real_estate_law,1,3.521870817778404e-05,psic,rev5,,,exact,,,category,real estate law,,,,,M|68|6821|68210|682,Real Estate Activities || Real Estate Activities || Intermediation service activities for real estate || Intermediation service activities for real estate || Real estate activities on a fee or contract basis,0.853765|0.853765|0.621096|0.621096|0.507554,0.853765,semantic:raw_category;retrieval:candidates,REVIEW_CANDIDATES
overture,telecommunications_service,1,3.521870817778404e-05,psic,rev5,,,exact,,,category,telecommunications service,,,SUBTREE,61,61|6120|612|61201|K,"Telecommunications || Telecommunication reselling activities and intermediation service activities for telecommunication || Telecommunication reselling activities and intermediation service activities for telecommunication || Intermediation services for wired, wireless and satellite telecommunications activities || Telecommunications, Computer Programming, Consultancy, Computing Infrastructure, and Other Information Service Activities",0.887405|0.351802|0.351802|0.348461|0.344493,0.887405,semantic:raw_category;retrieval:strong_separated_hit,REVIEW_REQUIRED
overture,automotive_storage_facility,1,3.521870817778404e-05,psic,rev5,,,exact,,,category,automotive storage facility,,,,,H|5210|521|52109|52213,"Transportation and Storage || Warehousing and storage || Warehousing and storage || Warehousing and storage, n.e.c. || Operation of parking lot and facilities",0.343141|0.327249|0.327249|0.298501|0.086904,0.343141,semantic:raw_category;retrieval:candidates,REVIEW_CANDIDATES
overture,radiology,1,3.521870817778404e-05,psic,rev5,,,exact,,,category,radiology,,,,,47231|46321|47|022|0220,Retail sale of traditional tobacco products || Wholesale of traditional tobacco products || Retail Trade || Logging || Logging,0.031260|0.031176|0.016412|0.015865|0.015865,0.031260,semantic:raw_category;retrieval:candidates,REVIEW_CANDIDATES
overture,laser_hair_removal,1,3.521870817778404e-05,psic,rev5,,,exact,,,category,laser hair removal,,,,,51|39000|390|3900|39,Air Transport || Remediation and other waste management service activities || Remediation and other waste management service activities || Remediation and other waste management service activities || Remediation and Other Waste Management Service Activities,0.027802|0.026234|0.026234|0.026234|0.026234,0.027802,semantic:raw_category;retrieval:candidates,REVIEW_CANDIDATES
overture,tanning_salon,1,3.521870817778404e-05,psic,rev5,,,exact,,,category,tanning salon,,,,,0710|07100|071|07|B,Mining of iron ores || Mining of iron ores || Mining of iron ores || Mining of Metal Ores || Mining and Quarrying,0.037558|0.037558|0.037558|0.036336|0.035043,0.037558,semantic:raw_category;retrieval:candidates,REVIEW_CANDIDATES
overture,neuropathology,1,3.521870817778404e-05,psic,rev5,,,exact,,,category,neuropathology,,,,,022|0220|46492|02209|15129,"Logging || Logging || Wholesale of leather and leather goods, except clothing and footwear || Logging, n.e.c. || Manufacture of products of leather and imitation leather, n.e.c.",0.019200|0.019200|0.017677|0.016218|0.015943,0.019200,semantic:raw_category;retrieval:candidates,REVIEW_CANDIDATES
overture,betting_center,1,3.521870817778404e-05,psic,rev5,,,exact,,,category,betting center,,,,,9200|92|920|92009|50213,"Gambling and betting activities || Gambling and Betting Activities || Gambling and betting activities || Gambling and betting activities, n.e.c. || Renting of boats with crew for inland water transport",0.368609|0.368609|0.368609|0.354073|0.024776,0.368609,semantic:raw_category;retrieval:candidates,REVIEW_CANDIDATES
overture,credit_and_debt_counseling,1,3.521870817778404e-05,psic,rev5,,,exact,,,category,credit and debt counseling,,,,,69|92|9200|920|53,Legal and Accounting Activities || Gambling and Betting Activities || Gambling and betting activities || Gambling and betting activities || Postal and Courier Activities,0.056422|0.048836|0.048836|0.048836|0.048277,0.056422,semantic:raw_category;retrieval:candidates,REVIEW_CANDIDATES
overture,cardiology,1,3.521870817778404e-05,psic,rev5,,,exact,,,category,cardiology,,,,,87|879|8799|87999|871,"Residential Care Activities || Other residential care activities || Other residential care activities n.e.c. || All other residential care activities, n.e.c. || Residential nursing care activities",0.024130|0.023023|0.021488|0.019550|0.018873,0.024130,semantic:raw_category;retrieval:candidates,REVIEW_CANDIDATES
overture,soul_food,1,3.521870817778404e-05,psic,rev5,,,exact,,,category,soul food,,,,,10|56290|5629|107|1079,Manufacture of Food Products || Other food service activities || Other food service activities || Manufacture of other food products || Manufacture of other food products n.e.c.,0.413697|0.393156|0.393156|0.378446|0.363558,0.413697,semantic:raw_category;retrieval:candidates,REVIEW_CANDIDATES
overture,newspaper_and_magazines_store,1,3.521870817778404e-05,psic,rev5,,,exact,,,category,retail sale newspaper and magazines,47,Retail Trade,,,4721|47217|47219|4751|47761,"Retail sale of food || Retail sale of salt || Retail sale of food, n.e.c. || Retail sale of textiles || Retail sale of pet",0.339296|0.316788|0.314486|0.313562|0.310661,0.339296,semantic:overture:store_suffix;retrieval:candidates,REVIEW_CANDIDATES
overture,game_publisher,1,3.521870817778404e-05,psic,rev5,,,exact,,,category,game publisher,,,,,5821|58210|58|5819|58190,Publishing of video games || Publishing of video games || Publishing Activities || Other publishing activities || Other publishing activities,0.205341|0.205341|0.182834|0.181821|0.181821,0.205341,semantic:raw_category;retrieval:candidates,REVIEW_CANDIDATES
overture,weight_loss_center,1,3.521870817778404e-05,psic,rev5,,,exact,,,category,weight loss center,,,,,50220|5022|50122|5012|50121,Inland freight water transport || Inland freight water transport || Interisland water freight transport || Sea and coastal freight water transport || Sea and ocean freight transport,0.082258|0.082258|0.079700|0.074521|0.068896,0.082258,semantic:raw_category;retrieval:candidates,REVIEW_CANDIDATES
overture,european_restaurant,1,3.521870817778404e-05,psic,rev5,,,exact,,,category,restaurants and mobile food service activities,561,Restaurants and mobile food service activities,,,561|5610|56109|56101|56103,"Restaurants and mobile food service activities || Restaurants and mobile food service activities || Restaurants and mobile food service activities, n.e.c. || Full-service restaurants activities || Activities of buffet restaurants",1.000000|1.000000|0.975297|0.355586|0.327040,1.000000,semantic:overture:restaurant_suffix;retrieval:candidates,REVIEW_CANDIDATES
overture,jewelry_and_watches_manufacturer,1,3.521870817778404e-05,psic,rev5,,,exact,,,category,jewelry and watches manufacturer,,,EXACT,32119,32119|2652|26520|32113|32111,"Manufacture of jewelry and related articles, n.e.c. || Manufacture of watches and clocks || Manufacture of watches and clocks || Manufacture of other jewelry and jewelry parts made of precious metals, precious and semi-precious stones and other related materials || Production of worked pearls and pearl jewelry",0.521006|0.357780|0.357780|0.337886|0.235777,0.521006,semantic:raw_category;retrieval:strong_separated_hit,REVIEW_REQUIRED
overture,asian_grocery_store,1,3.521870817778404e-05,psic,rev5,,,exact,,,category,retail sale asian grocery,47,Retail Trade,,,4721|47217|47219|4751|47401,"Retail sale of food || Retail sale of salt || Retail sale of food, n.e.c. || Retail sale of textiles || Retail sale of computers",0.528735|0.493450|0.490742|0.487740|0.484662,0.528735,semantic:overture:store_suffix;retrieval:candidates,REVIEW_CANDIDATES
overture,motorcycle_manufacturer,1,3.521870817778404e-05,psic,rev5,,,exact,,,category,motorcycle manufacturer,,,EXACT,30915,30915|95340|9534|3091|9533,"Manufacture of motorcycle engines, including electric motors for motorcycle || Motor vehicle and motorcycle washing and detailing activities || Motor vehicle and motorcycle washing and detailing activities || Manufacture of motorcycles || Motor vehicle and motorcycle vulcanizing and preparing of tires",0.546642|0.376667|0.376667|0.351389|0.330185,0.546642,semantic:raw_category;retrieval:strong_separated_hit,REVIEW_REQUIRED
overture,slovakian_restaurant,1,3.521870817778404e-05,psic,rev5,,,exact,,,category,restaurants and mobile food service activities,561,Restaurants and mobile food service activities,,,561|5610|56109|56101|56103,"Restaurants and mobile food service activities || Restaurants and mobile food service activities || Restaurants and mobile food service activities, n.e.c. || Full-service restaurants activities || Activities of buffet restaurants",1.000000|1.000000|0.975297|0.355586|0.327040,1.000000,semantic:overture:restaurant_suffix;retrieval:candidates,REVIEW_CANDIDATES
overture,mattress_store,1,3.521870817778404e-05,psic,rev5,,,exact,,,category,retail sale mattress,47,Retail Trade,,,4721|47217|47761|47219|4751,"Retail sale of food || Retail sale of salt || Retail sale of pet || Retail sale of food, n.e.c. || Retail sale of textiles",0.386406|0.362732|0.356671|0.351934|0.350374,0.386406,semantic:overture:store_suffix;retrieval:candidates,REVIEW_CANDIDATES
overture,halfway_house,1,3.521870817778404e-05,psic,rev5,,,exact,,,category,halfway house,,,,,U|95221|952|9820|98200,Activities of Households as Employers; Undifferentiated Goods- and Services-Producing Activities of Households for own use || Repair and maintenance of household appliances || Repair and maintenance of personal and household goods || Undifferentiated service-producing activities of private households for own use || Undifferentiated service-producing activities of private households for own use,0.068634|0.060954|0.060845|0.059895|0.059895,0.068634,semantic:raw_category;retrieval:candidates,REVIEW_CANDIDATES
overture,pilates_studio,1,3.521870817778404e-05,psic,rev5,,,exact,,,category,pilates studio,,,,,01292|799|7990|15|79909,"Growing of perennial trees with edible nuts such as pili nuts and cashew nuts || Other travel related activities || Other travel related activities || Manufacture of Leather and Related Products || Other travel related activities, n.e.c.",0.024632|0.018095|0.018095|0.016362|0.015227,0.024632,semantic:raw_category;retrieval:candidates,REVIEW_CANDIDATES
overture,towing_service,1,3.521870817778404e-05,psic,rev5,,,exact,,,category,towing service,,,,,T|56290|5629|96|09,Other Service Activities || Other food service activities || Other food service activities || Personal Service Activities || Mining Support Service Activities,0.269493|0.225450|0.225450|0.225079|0.200672,0.269493,semantic:raw_category;retrieval:candidates,REVIEW_CANDIDATES
overture,it_consultant,1,3.521870817778404e-05,psic,rev5,,,exact,,,category,it consultant,,,,,70200|7020|702|62|70,"Business and other management consultancy activities || Business and other management consultancy activities || Business and other management consultancy activities || Computer Programming, Consultancy and Related Activities || Activities of Head Offices; Management Consultancy Activities",0.179434|0.179434|0.179434|0.162144|0.157547,0.179434,semantic:raw_category;retrieval:candidates,REVIEW_CANDIDATES
overture,art_restoration_service,1,3.521870817778404e-05,psic,rev5,,,exact,,,category,art restoration service,,,,,T|5629|56290|96|96400,Other Service Activities || Other food service activities || Other food service activities || Personal Service Activities || Intermediation service activities for personal services,0.201593|0.168655|0.168655|0.168209|0.159168,0.201593,semantic:raw_category;retrieval:candidates,REVIEW_CANDIDATES
overture,janitorial_service,1,3.521870817778404e-05,psic,rev5,,,exact,,,category,janitorial service,,,,,T|96|56290|5629|969,Other Service Activities || Personal Service Activities || Other food service activities || Other food service activities || Other personal service activities n.e.c.,0.377702|0.336409|0.315069|0.315069|0.283828,0.377702,semantic:raw_category;retrieval:candidates,REVIEW_CANDIDATES
overture,lumber_store,1,3.521870817778404e-05,psic,rev5,,,exact,,,category,retail sale lumber,47,Retail Trade,EXACT,47523,47523|4721|47217|47761|47219,"Retail sale of lumber || Retail sale of food || Retail sale of salt || Retail sale of pet || Retail sale of food, n.e.c.",0.846855|0.428401|0.402768|0.396334|0.388239,0.846855,semantic:overture:store_suffix;retrieval:strong_separated_hit,REVIEW_REQUIRED
overture,life_coach,1,3.521870817778404e-05,psic,rev5,,,exact,,,category,life coach,,,,,2816|28160|05|051|05100,Manufacture of lifting and handling equipment || Manufacture of lifting and handling equipment || Mining of Coal and Lignite || Mining of hard coal || Mining of hard coal,0.037631|0.037631|0.035731|0.033921|0.033921,0.037631,semantic:raw_category;retrieval:candidates,REVIEW_CANDIDATES
overture,cemetery,1,3.521870817778404e-05,psic,rev5,,,exact,,,category,cemetery,,,,,75000|7500|750|75|2823,Veterinary activities || Veterinary activities || Veterinary activities || Veterinary activities || Manufacture of machinery for metallurgy,0.037756|0.037756|0.037756|0.037756|0.023262,0.037756,semantic:raw_category;retrieval:candidates,REVIEW_CANDIDATES
overture,wildlife_sanctuary,1,3.521870817778404e-05,psic,rev5,,,exact,,,category,wildlife sanctuary,,,,,0810|081|08106|08109|75000,"Quarrying of stone, sand and clay || Quarrying of stone, sand and clay || Construction sand and gravel quarrying || Quarrying of stone, sand and clay, n.e.c. || Veterinary activities",0.038487|0.038487|0.037029|0.035209|0.019546,0.038487,semantic:raw_category;retrieval:candidates,REVIEW_CANDIDATES
overture,carpenter,1,3.521870817778404e-05,psic,rev5,,,exact,,,category,carpenter,,,,,87910|8791|879|87|8799,Intermediation service activities for residential care activities || Intermediation service activities for residential care activities || Other residential care activities || Residential Care Activities || Other residential care activities n.e.c.,0.032750|0.032750|0.030273|0.028946|0.028254,0.032750,semantic:raw_category;retrieval:candidates,REVIEW_CANDIDATES
overture,radio_station,1,3.521870817778404e-05,psic,rev5,,,exact,,,category,radio station,,,,,H|523|522|5229|5231,Transportation and Storage || Intermediation service activities for transportation || Support activities for transportation || Other support activities for transportation || Intermediation service activities for freight transportation,0.058650|0.056003|0.051719|0.049697|0.049471,0.058650,semantic:raw_category;retrieval:candidates,REVIEW_CANDIDATES
overture,texmex_restaurant,1,3.521870817778404e-05,psic,rev5,,,exact,,,category,restaurants and mobile food service activities,561,Restaurants and mobile food service activities,,,561|5610|56109|56101|56103,"Restaurants and mobile food service activities || Restaurants and mobile food service activities || Restaurants and mobile food service activities, n.e.c. || Full-service restaurants activities || Activities of buffet restaurants",1.000000|1.000000|0.975297|0.355586|0.327040,1.000000,semantic:overture:restaurant_suffix;retrieval:candidates,REVIEW_CANDIDATES
overture,b2b_mining,1,3.521870817778404e-05,psic,rev5,,,exact,,,category,b2b mining,,,,,B|07|089|08912|08913,Mining and Quarrying || Mining of Metal Ores || Mining and quarrying n.e.c. || Guano mining || Pyrite mining,0.460183|0.450419|0.443587|0.443525|0.439072,0.460183,semantic:raw_category;retrieval:candidates,REVIEW_CANDIDATES
