source,source_value,row_count,row_share,scheme,version,mapping_kind,codes,match_type,confidence,notes,source_field,query_text,suggested_kind,suggested_codes,candidate_codes,candidate_titles,candidate_scores,retrieval_score,suggestion_source,review_status
osm,shop=convenience,960,0.03380995985067268,psic,rev5,,,exact,,,category,convenience shop,,,47114|4642|46429|8230|82300,"Retail selling in convenience stores || Wholesale of household, office and shop furniture, carpets and lighting equipment || Wholesale of household, office and shop furniture, carpets and lighting equipment, n.e.c. || Organization of conventions and trade shows || Organization of conventions and trade shows",0.424131|0.175013|0.172815|0.100146|0.100146,0.424131,retrieval:candidates,REVIEW_CANDIDATES
overture,restaurant,625,0.022011692611115026,psic,rev5,,,exact,,,category,restaurant,,,56102|56103|5610|561|56109,"Fast-food restaurants operations, including quick service restaurant || Activities of buffet restaurants || Restaurants and mobile food service activities || Restaurants and mobile food service activities || Restaurants and mobile food service activities, n.e.c.",0.436430|0.244594|0.233516|0.233516|0.220580,0.436430,retrieval:candidates,REVIEW_CANDIDATES
overture,real_estate_service,387,0.013629640064802422,psic,rev5,,,exact,,,category,real estate service,,,M|68|68210|6821|682,Real Estate Activities || Real Estate Activities || Intermediation service activities for real estate || Intermediation service activities for real estate || Real estate activities on a fee or contract basis,0.790914|0.790914|0.695100|0.695100|0.469656,0.790914,retrieval:candidates,REVIEW_CANDIDATES
overture,christian_place_of_worship,344,0.012115235613157709,psic,rev5,,,exact,,,category,christian place of worship,,,32998|94|949|9499|94990,Manufacture of articles for Christmas festivities || Activities of Membership Organizations || Activities of other membership organizations || Activities of other membership organizations n.e.c. || Activities of other membership organizations n.e.c.,0.151910|0.129995|0.126067|0.123469|0.123469,0.151910,retrieval:candidates,REVIEW_CANDIDATES
overture,government_office,337,0.01186870465591322,psic,rev5,,,exact,,,category,government office,,,84113|84112|64121|82|8210,"Public administration, local government || Public administration, regional government || Universal banking, including specialized government banking || Office Administrative, Office Support and Other Business Support Activities || Office administrative and support activities",0.386558|0.380305|0.297452|0.256585|0.225471,0.386558,retrieval:candidates,REVIEW_CANDIDATES
osm,amenity=school,334,0.011763048531379869,psic,rev5,,,exact,,,category,school amenity,,,85530|8553|22205|4761|47610,"Driving school activities || Driving school activities || Manufacture of office or school supplies made of plastic || Retail sale of books, newspapers, stationery and other office and school supplies || Retail sale of books, newspapers, stationery and other office and school supplies",0.467900|0.467900|0.309304|0.249726|0.249726,0.467900,retrieval:candidates,REVIEW_CANDIDATES
osm,amenity=restaurant,331,0.011657392406846517,psic,rev5,,,exact,,,category,restaurant amenity,,,56102|56103|5610|561|56109,"Fast-food restaurants operations, including quick service restaurant || Activities of buffet restaurants || Restaurants and mobile food service activities || Restaurants and mobile food service activities || Restaurants and mobile food service activities, n.e.c.",0.394836|0.206236|0.196895|0.196895|0.185988,0.394836,retrieval:candidates,REVIEW_CANDIDATES
overture,hotel,327,0.01151651757413538,psic,rev5,,,exact,,,category,hotel,,,55101|55103|55104|5510|551,Operation of hotels || Operation of resort hotels || Operation of apartment hotels || Hotels and similar accommodation activities || Hotels and similar accommodation activities,0.245265|0.187598|0.169243|0.158995|0.158995,0.245265,retrieval:candidates,REVIEW_CANDIDATES
overture,coffee_shop,312,0.01098823695146862,psic,rev5,,,exact,,,category,coffee shop,,,01271|56302|10760|1076|01634,Growing of coffee plants || Operation of cafés or coffee shops || Processing of coffee and tea || Processing of coffee and tea || Preparation of coffee and cocoa beans,0.382535|0.351059|0.349836|0.349836|0.287473,0.382535,retrieval:candidates,REVIEW_CANDIDATES
overture,lodging,303,0.010671268577868563,psic,rev5,,,exact,,,category,lodging,,,0220|022|02|8292|82920,Logging || Logging || Forestry and Logging || Packaging activities || Packaging activities,0.186245|0.186245|0.137457|0.112497|0.112497,0.186245,retrieval:candidates,REVIEW_CANDIDATES
osm,office=government,295,0.01038951891244629,psic,rev5,,,exact,,,category,government office,,,84113|84112|64121|82|8210,"Public administration, local government || Public administration, regional government || Universal banking, including specialized government banking || Office Administrative, Office Support and Other Business Support Activities || Office administrative and support activities",0.386558|0.380305|0.297452|0.256585|0.225471,0.386558,retrieval:candidates,REVIEW_CANDIDATES
osm,amenity=fast_food,286,0.010072550538846235,psic,rev5,,,exact,,,category,fast food amenity,,,56102|4721|10|56290|5629,"Fast-food restaurants operations, including quick service restaurant || Retail sale of food || Manufacture of Food Products || Other food service activities || Other food service activities",0.332073|0.218606|0.205109|0.194838|0.194838,0.332073,retrieval:candidates,REVIEW_CANDIDATES
overture,professional_service,269,0.009473832499823906,psic,rev5,,,exact,,,category,professional service,,,85591|9412|94120|N|74,"Professional and licensure review service activities || Activities of professional membership organizations || Activities of professional membership organizations || Professional, Scientific, and Technical Activities || Other Professional, Scientific and Technical Activities",0.451800|0.398872|0.398872|0.373688|0.362888,0.451800,retrieval:candidates,REVIEW_CANDIDATES
overture,historic_site,262,0.009227301542579417,psic,rev5,,,exact,,,category,historic site,NOT_ACTIVITY,,,,,,rule:high_precision_non_activity,REVIEW_REQUIRED
overture,cafe,230,0.00810030288089033,psic,rev5,,,exact,,,category,cafe,,,56104|56302|65110|6511|65120,Operation of cafeterias || Operation of cafés or coffee shops || Life insurance || Life insurance || Non-life insurance,0.166609|0.061027|0.031990|0.031990|0.026097,0.166609,retrieval:candidates,REVIEW_CANDIDATES
overture,school,230,0.00810030288089033,psic,rev5,,,exact,,,category,school,,,85530|8553|22205|4761|47610,"Driving school activities || Driving school activities || Manufacture of office or school supplies made of plastic || Retail sale of books, newspapers, stationery and other office and school supplies || Retail sale of books, newspapers, stationery and other office and school supplies",0.529472|0.529472|0.354543|0.283552|0.283552,0.529472,retrieval:candidates,REVIEW_CANDIDATES
overture,elementary_school,203,0.00714939776009016,psic,rev5,,,exact,,,category,elementary school,,,85530|8553|85203|85204|85201,Driving school activities || Driving school activities || Public primary or elementary education for children with special needs || Private primary or elementary education for children with special needs || Public primary or elementary education for children without special needs,0.346885|0.346885|0.271279|0.268973|0.265545,0.346885,retrieval:candidates,REVIEW_CANDIDATES
osm,public_transport=platform,199,0.007008522927379024,psic,rev5,,,exact,,,category,platform public transport,NOT_ACTIVITY,,,,,,rule:high_precision_non_activity,REVIEW_REQUIRED
overture,pharmacy,190,0.006691554553778968,psic,rev5,,,exact,,,category,pharmacy,,,21|4643|46430|21003|46107,"Manufacture of Basic Pharmaceutical Products and Pharmaceutical Preparations || Wholesale of pharmaceutical and medical goods || Wholesale of pharmaceutical and medical goods || Preparation of botanical products for pharmaceutical use || Wholesale on a fee or contract basis, of chemical and pharmaceutical products",0.213378|0.185672|0.185672|0.159467|0.144762,0.213378,retrieval:candidates,REVIEW_CANDIDATES
overture,dental_clinic,186,0.0065506797210678315,psic,rev5,,,exact,,,category,dental clinic,,,86222|86226|86225|86224|86221,Private pediatric clinic activities || Private dermatology clinic activities || Private obstetrics and gynecology clinic activities || Private optometry and ophthalmology clinic activities || Private dental practice activities,0.354211|0.340537|0.267064|0.263041|0.248799,0.354211,retrieval:candidates,REVIEW_CANDIDATES
overture,beauty_salon,181,0.006374586180178911,psic,rev5,,,exact,,,category,beauty salon,,,96220|9622|962|01172|47217,"Beauty care and other beauty treatment activities || Beauty care and other beauty treatment activities || Hairdressing, beauty treatment, day spa and similar activities || Growing of fruit bearing vegetables, such as talong, ampalaya and kalabasa || Retail sale of salt",0.603584|0.603584|0.317084|0.047624|0.033818,0.603584,retrieval:candidates,REVIEW_CANDIDATES
overture,auto_dealer,181,0.006374586180178911,psic,rev5,,,exact,,,category,auto dealer,,,64993|473|4730|47300|13997,"Securities dealership, own-account || Retail sale of automotive fuel || Retail sale of automotive fuel || Retail sale of automotive fuel || Manufacture of automotive trimmings and custom upholstery",0.133533|0.087311|0.087311|0.087311|0.054628,0.133533,retrieval:candidates,REVIEW_CANDIDATES
overture,party_and_event_planning,176,0.006198492639289991,psic,rev5,,,exact,,,category,party and event planning,,,56210|5621|84116|562|10201,Event catering activities || Event catering activities || Economic and social planning and statistical services || Event catering and other food service activities || Preserving of fish and other marine products by canning or packing,0.339063|0.339063|0.282048|0.274359|0.079389,0.339063,retrieval:candidates,REVIEW_CANDIDATES
osm,amenity=cafe,174,0.006128055222934423,psic,rev5,,,exact,,,category,cafe amenity,,,56104|86123|842|56302|841,"Operation of cafeterias || Private maternity hospital activities || Provision of services to the community as a whole || Operation of cafés or coffee shops || Administration of the State and the economic, social and environmental policies of the community",0.115143|0.066994|0.064536|0.042175|0.040793,0.115143,retrieval:candidates,REVIEW_CANDIDATES
overture,fast_food_restaurant,172,0.0060576178065788544,psic,rev5,,,exact,,,category,fast food restaurant,SUBTREE,56102,56102|5610|561|56109|56103,"Fast-food restaurants operations, including quick service restaurant || Restaurants and mobile food service activities || Restaurants and mobile food service activities || Restaurants and mobile food service activities, n.e.c. || Activities of buffet restaurants",0.576220|0.281397|0.281397|0.268888|0.191029,0.576220,retrieval:strong_separated_hit,REVIEW_REQUIRED
overture,religious_organization,167,0.005881524265689934,psic,rev5,,,exact,,,category,religious organization,,,9491|94910|47732|82300|8230,Activities of religious organizations || Activities of religious organizations || Retail sale of religious articles || Organization of conventions and trade shows || Organization of conventions and trade shows,0.573667|0.573667|0.416667|0.283706|0.283706,0.573667,retrieval:candidates,REVIEW_CANDIDATES
overture,bakery,161,0.0056702120166232306,psic,rev5,,,exact,,,category,bakery,,,1071|10719|47214|46312|10712,"Manufacture of bakery products || Manufacture of bakery products, n.e.c. || Retail sale of bakery products || Wholesale of sugar, confectionery and bakery products || Baking of biscuits, cookies, crackers, pretzels and similar dry bakery products",0.613160|0.579880|0.553716|0.371326|0.268934,0.613160,retrieval:candidates,REVIEW_CANDIDATES
overture,convenience_store,148,0.005212368810312038,psic,rev5,,,exact,,,category,convenience store,SUBTREE,47114,47114|8230|82300|823|52103,"Retail selling in convenience stores || Organization of conventions and trade shows || Organization of conventions and trade shows || Organization of conventions and trade shows || Operation of cold storages, refrigerated warehouses or cool stores",0.551640|0.081708|0.081708|0.081708|0.061643,0.551640,retrieval:strong_separated_hit,REVIEW_REQUIRED
overture,grocery_store,148,0.005212368810312038,psic,rev5,,,exact,,,category,grocery store,,,47111|47191|52103|47114|47113,"Retail selling in groceries || Retail selling in department stores || Operation of cold storages, refrigerated warehouses or cool stores || Retail selling in convenience stores || Retail selling in sari-sari stores",0.166917|0.082935|0.080801|0.078844|0.074013,0.166917,retrieval:candidates,REVIEW_CANDIDATES
osm,amenity=place_of_worship,147,0.0051771501021342535,psic,rev5,,,exact,,,category,place of worship amenity,,,94|949|9499|94990|7810,Activities of Membership Organizations || Activities of other membership organizations || Activities of other membership organizations n.e.c. || Activities of other membership organizations n.e.c. || Activities of employment placement agencies,0.141677|0.137453|0.134414|0.134414|0.125313,0.141677,retrieval:candidates,REVIEW_CANDIDATES
overture,spa,147,0.0051771501021342535,psic,rev5,,,exact,,,category,spa,,,962|9623|96230|3030|303,"Hairdressing, beauty treatment, day spa and similar activities || Day spa, sauna and steam bath activities || Day spa, sauna and steam bath activities || Manufacture of air and spacecraft and related machinery || Manufacture of air and spacecraft and related machinery",0.277397|0.226942|0.226942|0.049074|0.049074,0.277397,retrieval:candidates,REVIEW_CANDIDATES
osm,amenity=bank,146,0.00514193139395647,psic,rev5,,,exact,,,category,bank amenity,,,64127|66192|6412|64129|64124,"Digital bank operation || Activities of non-bank electronic money issuers and operators of payment systems || Other banking || Other banking, n.e.c. || Rural banking",0.413370|0.196803|0.115512|0.095336|0.092051,0.413370,retrieval:candidates,REVIEW_CANDIDATES
overture,shopping,145,0.005106712685778686,psic,rev5,,,exact,,,category,shopping,,,56303|017|01700|0170|56302,"Activities of tea shops || Hunting, trapping and related service activities || Hunting, trapping and related service activities || Hunting, trapping and related service activities || Operation of cafés or coffee shops",0.135746|0.096667|0.096667|0.096667|0.087950,0.135746,retrieval:candidates,REVIEW_CANDIDATES
overture,community_and_government,144,0.005071493977600902,psic,rev5,,,exact,,,category,community and government,,,84113|84112|64121|842|841,"Public administration, local government || Public administration, regional government || Universal banking, including specialized government banking || Provision of services to the community as a whole || Administration of the State and the economic, social and environmental policies of the community",0.343798|0.338173|0.267984|0.266334|0.205407,0.343798,retrieval:candidates,REVIEW_CANDIDATES
overture,college_university,143,0.005036275269423117,psic,rev5,,,exact,,,category,college university,,,64121|381|91210|9121|3812,"Universal banking, including specialized government banking || Waste collection activities || Museum and collection activities || Museum and collection activities || Collection of hazardous waste",0.106735|0.083611|0.073098|0.073098|0.062600,0.106735,retrieval:candidates,REVIEW_CANDIDATES
osm,amenity=fuel,138,0.004860181728534197,psic,rev5,,,exact,,,category,fuel amenity,,,473|4730|47300|20293|1920,Retail sale of automotive fuel || Retail sale of automotive fuel || Retail sale of automotive fuel || Manufacture of biofuels such as biodiesel and bioethanol fuel || Manufacture of refined petroleum products; manufacture of fossil fuel products,0.348305|0.348305|0.348305|0.229618|0.227549,0.348305,retrieval:candidates,REVIEW_CANDIDATES
overture,laundromat,132,0.004648869479467493,psic,rev5,,,exact,,,category,laundromat,,,27502|28263|01281|0128|20296,"Manufacture of refrigerators and laundry equipment such as freezers, washing and drying machines || Manufacture of commercial washing, laundry, centrifugal clothes driers, dry-cleaning and pressing machines || Growing of spices and aromatic crops such as luya, pepper (paminta), achuete and laurel || Growing of spices, aromatic, drug and pharmaceutical crops || Manufacture of essential oil and concentrates, natural aromatic product extracts, resinoids, aromatic distilled waters and odoriferous product mixtures used in perfumes or food",0.109344|0.091877|0.059343|0.051114|0.047797,0.109344,retrieval:candidates,REVIEW_CANDIDATES
overture,hardware_store,131,0.004613650771289709,psic,rev5,,,exact,,,category,hardware store,,,46735|47521|2593|4752|47529,"Wholesale of hardware and electrical materials and supplies || Retail sale of hardware and electrical materials and supplies || Manufacture of cutlery, hand tools and general hardware || Retail sale of hardware, building materials, paints and glass || Retail sale of hardware, building materials, paints and glass, n.e.c.",0.348699|0.343506|0.329001|0.301615|0.294650,0.348699,retrieval:candidates,REVIEW_CANDIDATES
overture,education,126,0.004437557230400789,psic,rev5,,,exact,,,category,education,,,Q|85|855|8559|8520,Education || Education || Other education || Other education n.e.c. || Primary education,1.000000|1.000000|0.671987|0.622930|0.556621,1.000000,retrieval:candidates,REVIEW_CANDIDATES
overture,clothing_store,124,0.004367119814045221,psic,rev5,,,exact,,,category,clothing store,,,46412|47711|95293|4641|46419,"Wholesale of garments, clothing, wearing apparel and clothing accessories || Retail sale of garments, clothing, wearing apparel and clothing accessories || Repair and alteration of clothing || Wholesale of textiles, clothing and footwear || Wholesale of textiles, clothing and footwear, n.e.c.",0.434401|0.429247|0.400700|0.368073|0.355162,0.434401,retrieval:candidates,REVIEW_CANDIDATES
overture,hospital,122,0.0042966823976896525,psic,rev5,,,exact,,,category,hospital,,,861|8611|8612|86129|86111,"Hospital activities || Public hospital activities || Private hospital activities || Private hospital activities, n.e.c. || Public general hospital activities",0.775980|0.597341|0.593639|0.567316|0.507442,0.775980,retrieval:candidates,REVIEW_CANDIDATES
overture,bank_or_credit_union,121,0.004261463689511869,psic,rev5,,,exact,,,category,bank or credit union,,,64959|64133|6495|64127|64951,"Other credit granting, n.e.c. || Activities of credit cooperatives || Other credit granting activities || Digital bank operation || Credit card company operation",0.318071|0.305702|0.304435|0.298291|0.278268,0.318071,retrieval:candidates,REVIEW_CANDIDATES
overture,bar,118,0.004155807564978516,psic,rev5,,,exact,,,category,bar,,,96212|08911|9621|26192|96211,"Barber activities || Baryte mining || Hairdressing and barber activities || Manufacture of bare printed circuit boards || Hairdressing activities, other than barber activities",0.136241|0.116058|0.087053|0.077544|0.073207,0.136241,retrieval:candidates,REVIEW_CANDIDATES
overture,gas_station,116,0.004085370148622949,psic,rev5,,,exact,,,category,gas station,,,11055|06200|0620|062|42203,Operation of water purifying and refilling station || Extraction of natural gas || Extraction of natural gas || Extraction of natural gas || Construction of gas and energy pipelines,0.286888|0.244647|0.244647|0.244647|0.176779,0.286888,retrieval:candidates,REVIEW_CANDIDATES
overture,automotive_repair,115,0.004050151440445165,psic,rev5,,,exact,,,category,automotive repair,,,473|4730|47300|13997|3312,Retail sale of automotive fuel || Retail sale of automotive fuel || Retail sale of automotive fuel || Manufacture of automotive trimmings and custom upholstery || Repair and maintenance of machinery,0.503581|0.503581|0.503581|0.340036|0.205675,0.503581,retrieval:candidates,REVIEW_CANDIDATES
osm,amenity=townhall,111,0.003909276607734029,psic,rev5,,,exact,,,category,townhall amenity,,,842|86123|93297|93296|50123,Provision of services to the community as a whole || Private maternity hospital activities || Operation of bowling halls || Operation of billiard halls || Towing and pushing services operation,0.070634|0.067823|0.046503|0.044280|0.043465,0.070634,retrieval:candidates,REVIEW_CANDIDATES
overture,printing_service,110,0.0038740578995562444,psic,rev5,,,exact,,,category,printing service,,,1811|18110|181|1812|20225,Printing || Printing || Printing and service activities related to printing || Service activities related to printing || Manufacture of printing ink,0.841455|0.841455|0.638063|0.559820|0.462125,0.841455,retrieval:candidates,REVIEW_CANDIDATES
overture,social_or_community_service,106,0.003733183066845108,psic,rev5,,,exact,,,category,social or community service,,,842|841|8430|843|84300,"Provision of services to the community as a whole || Administration of the State and the economic, social and environmental policies of the community || Compulsory social security activities || Compulsory social security activities || Compulsory social security activities",0.331316|0.280670|0.217086|0.217086|0.217086,0.331316,retrieval:candidates,REVIEW_CANDIDATES
osm,shop=bakery,101,0.0035570895259561877,psic,rev5,,,exact,,,category,bakery shop,,,1071|10719|47214|46312|4642,"Manufacture of bakery products || Manufacture of bakery products, n.e.c. || Retail sale of bakery products || Wholesale of sugar, confectionery and bakery products || Wholesale of household, office and shop furniture, carpets and lighting equipment",0.439305|0.413689|0.397507|0.266102|0.201870,0.439305,retrieval:candidates,REVIEW_CANDIDATES
overture,travel_service,99,0.00348665210960062,psic,rev5,,,exact,,,category,travel service,,,7911|79110|799|7990|79909,"Travel agency activities || Travel agency activities || Other travel related activities || Other travel related activities || Other travel related activities, n.e.c.",0.476170|0.476170|0.454521|0.454521|0.431849,0.476170,retrieval:candidates,REVIEW_CANDIDATES
overture,health_care,97,0.003416214693245052,psic,rev5,,,exact,,,category,health care,,,86|869|8699|86999|65401,"Human Health Activities || Other human health activities || Other human health activities n.e.c. || All other human health activities, n.e.c. || Pre-need plan for health",0.393222|0.364248|0.349505|0.313124|0.298729,0.393222,retrieval:candidates,REVIEW_CANDIDATES
overture,filipino_restaurant,95,0.003345777276889484,psic,rev5,,,exact,,,category,filipino restaurant,,,56102|56103|561|5610|56109,"Fast-food restaurants operations, including quick service restaurant || Activities of buffet restaurants || Restaurants and mobile food service activities || Restaurants and mobile food service activities || Restaurants and mobile food service activities, n.e.c.",0.400117|0.211106|0.201544|0.201544|0.190380,0.400117,retrieval:candidates,REVIEW_CANDIDATES
overture,gym,93,0.0032753398605339158,psic,rev5,,,exact,,,category,gym,,,32303|86225,"Manufacture of gymnasium, fitness center or athletic equipment || Private obstetrics and gynecology clinic activities",0.082874|0.027269,0.082874,retrieval:candidates,REVIEW_CANDIDATES
osm,tourism=hotel,90,0.0031696837360005634,psic,rev5,,,exact,,,category,hotel tourism,,,55201|55101|79901|55103|96906,"Operation of tourist inns || Operation of hotels || Activities of independent tourist guides || Operation of resort hotels || Social escort service activities, excluding tourist guides",0.173105|0.159386|0.127844|0.121911|0.113799,0.173105,retrieval:candidates,REVIEW_CANDIDATES
overture,seafood_restaurant,85,0.0029935901951116434,psic,rev5,,,exact,,,category,seafood restaurant,,,47215|46208|56102|5610|561,"Retail sale of fish, other seafood and seafood products || Wholesale of fish and other seafood || Fast-food restaurants operations, including quick service restaurant || Restaurants and mobile food service activities || Restaurants and mobile food service activities",0.422675|0.369569|0.343325|0.207514|0.207514,0.422675,retrieval:candidates,REVIEW_CANDIDATES
overture,roman_catholic_place_of_worship,79,0.002782277946044939,psic,rev5,,,exact,,,category,roman catholic place of worship,,,94|949|94990|9499|47221,Activities of Membership Organizations || Activities of other membership organizations || Activities of other membership organizations n.e.c. || Activities of other membership organizations n.e.c. || Retail sale of alcoholic beverages,0.131181|0.127222|0.124580|0.124580|0.124272,0.131181,retrieval:candidates,REVIEW_CANDIDATES
overture,building_or_construction_service,78,0.002747059237867155,psic,rev5,,,exact,,,category,building or construction service,SUBTREE,F,F|41001|43400|434|4340,Construction || Construction of residential buildings || Intermediation service activities for specialized construction services || Intermediation service activities for specialized construction services || Intermediation service activities for specialized construction services,0.562224|0.353374|0.325996|0.325996|0.325996,0.562224,retrieval:strong_separated_hit,REVIEW_REQUIRED
osm,man_made=bridge,76,0.0026766218215115867,psic,rev5,,,exact,,,category,bridge man made,NOT_ACTIVITY,,,,,,rule:high_precision_non_activity,REVIEW_REQUIRED
osm,shop=supermarket,75,0.002641403113333803,psic,rev5,,,exact,,,category,supermarket shop,,,47112|4642|46429|73200|7320,"Retail selling in supermarkets and hypermarkets || Wholesale of household, office and shop furniture, carpets and lighting equipment || Wholesale of household, office and shop furniture, carpets and lighting equipment, n.e.c. || Market research and public opinion polling activities || Market research and public opinion polling activities",0.247255|0.224116|0.222017|0.081812|0.081812,0.247255,retrieval:candidates,REVIEW_CANDIDATES
osm,shop=bicycle,73,0.002570965696978235,psic,rev5,,,exact,,,category,bicycle shop,,,4642|46429|30922|30921|27202,"Wholesale of household, office and shop furniture, carpets and lighting equipment || Wholesale of household, office and shop furniture, carpets and lighting equipment, n.e.c. || Manufacture of motorized bicycles, including electric assisted bicycles || Manufacture of non-motorized bicycles and other cycles || Manufacture of batteries for vehicles and bicycles",0.245799|0.242912|0.163118|0.146011|0.145493,0.245799,retrieval:candidates,REVIEW_CANDIDATES
overture,auto_parts_store,73,0.002570965696978235,psic,rev5,,,exact,,,category,auto parts store,,,46632|4662|46629|2930|293,"Wholesale of motorcycle parts and accessories || Wholesale of motor vehicle parts and accessories || Wholesale of motor vehicle parts and accessories, n.e.c. || Manufacture of parts and accessories for motor vehicles || Manufacture of parts and accessories for motor vehicles",0.264728|0.262774|0.257282|0.256598|0.256598,0.264728,retrieval:candidates,REVIEW_CANDIDATES
osm,leisure=sports_hall,71,0.0025005282806226667,psic,rev5,,,exact,,,category,sports hall leisure,,,931|9319|323|3230|93199,"Sports activities || Other sports activities || Manufacture of sports goods || Manufacture of sports goods || Other sports activities, n.e.c.",0.552939|0.445048|0.432303|0.432303|0.413648,0.552939,retrieval:candidates,REVIEW_CANDIDATES
overture,food_and_drink,71,0.0025005282806226667,psic,rev5,,,exact,,,category,food and drink,,,11051|4631|56|46319|4721,"Manufacture of sports and energy drink || Wholesale of food and beverages || Food and Beverage Service Activities || Wholesale of food and beverages, n.e.c. || Retail sale of food",0.370052|0.336664|0.328254|0.327562|0.244511,0.370052,retrieval:candidates,REVIEW_CANDIDATES
overture,barbecue_restaurant,71,0.0025005282806226667,psic,rev5,,,exact,,,category,barbecue restaurant,,,56102|56103|5610|561|56109,"Fast-food restaurants operations, including quick service restaurant || Activities of buffet restaurants || Restaurants and mobile food service activities || Restaurants and mobile food service activities || Restaurants and mobile food service activities, n.e.c.",0.390980|0.202680|0.193500|0.193500|0.182781,0.390980,retrieval:candidates,REVIEW_CANDIDATES
overture,shopping_mall,71,0.0025005282806226667,psic,rev5,,,exact,,,category,shopping mall,,,56303|0170|01700|017|56302,"Activities of tea shops || Hunting, trapping and related service activities || Hunting, trapping and related service activities || Hunting, trapping and related service activities || Operation of cafés or coffee shops",0.109000|0.077621|0.077621|0.077621|0.070621,0.109000,retrieval:candidates,REVIEW_CANDIDATES
overture,barber,67,0.0023596534479115305,psic,rev5,,,exact,,,category,barber,,,96212|9621|96211|25993|08911,"Barber activities || Hairdressing and barber activities || Hairdressing activities, other than barber activities || Manufacture of barbed wire, wire fencing, netting and similar wire products || Baryte mining",0.774836|0.485321|0.398082|0.095174|0.052296,0.774836,retrieval:candidates,REVIEW_CANDIDATES
overture,park,67,0.0023596534479115305,psic,rev5,,,exact,,,category,park,NOT_ACTIVITY,,,,,,rule:high_precision_non_activity,REVIEW_REQUIRED
overture,motorcycle_repair,65,0.0022892160315559624,psic,rev5,,,exact,,,category,motorcycle repair,,,30915|4663|9532|95320|46632,"Manufacture of motorcycle engines, including electric motors for motorcycle || Wholesale of motorcycles, motorcycle parts and accessories || Repair and maintenance of motorcycles || Repair and maintenance of motorcycles || Wholesale of motorcycle parts and accessories",0.444942|0.404391|0.401497|0.401497|0.378209,0.444942,retrieval:candidates,REVIEW_CANDIDATES
osm,office=company,63,0.0022187786152003943,psic,rev5,,,exact,,,category,company office,,,64953|64952|64951|82|821,"Financing company operation || Lending company operation || Credit card company operation || Office Administrative, Office Support and Other Business Support Activities || Office administrative and support activities",0.424752|0.419852|0.369159|0.275299|0.241729,0.424752,retrieval:candidates,REVIEW_CANDIDATES
overture,farm,62,0.0021835599070226105,psic,rev5,,,exact,,,category,farm,,,28211|01615|01623|1074|10740,"Manufacture of farm tractors || Rental of farm machinery with operators || Farm management services for animal production || Manufacture of macaroni, noodles, couscous and similar farinaceous products || Manufacture of macaroni, noodles, couscous and similar farinaceous products",0.515801|0.387918|0.381559|0.032377|0.032377,0.515801,retrieval:candidates,REVIEW_CANDIDATES
overture,beach,60,0.0021131224906670424,psic,rev5,,,exact,,,category,beach,NOT_ACTIVITY,,,,,,rule:high_precision_non_activity,REVIEW_REQUIRED
overture,high_school,58,0.0020426850743114743,psic,rev5,,,exact,,,category,high school,,,8553|85530|22205|47610|4761,"Driving school activities || Driving school activities || Manufacture of office or school supplies made of plastic || Retail sale of books, newspapers, stationery and other office and school supplies || Retail sale of books, newspapers, stationery and other office and school supplies",0.468733|0.468733|0.309916|0.250184|0.250184,0.468733,retrieval:candidates,REVIEW_CANDIDATES
overture,furniture_store,57,0.00200746636613369,psic,rev5,,,exact,,,category,furniture store,,,31|310|3102|31029|31023,"Manufacture of Furniture || Manufacture of furniture || Manufacture of other furniture || Manufacture of other furniture, n.e.c. || Manufacture of metal furniture",0.621934|0.621934|0.550994|0.507024|0.500772,0.621934,retrieval:candidates,REVIEW_CANDIDATES
osm,amenity=pharmacy,55,0.0019370289497781222,psic,rev5,,,exact,,,category,pharmacy amenity,,,21|46430|4643|21003|46107,"Manufacture of Basic Pharmaceutical Products and Pharmaceutical Preparations || Wholesale of pharmaceutical and medical goods || Wholesale of pharmaceutical and medical goods || Preparation of botanical products for pharmaceutical use || Wholesale on a fee or contract basis, of chemical and pharmaceutical products",0.162811|0.141671|0.141671|0.121676|0.110456,0.162811,retrieval:candidates,REVIEW_CANDIDATES
overture,pizza_restaurant,55,0.0019370289497781222,psic,rev5,,,exact,,,category,pizza restaurant,,,56102|56103|561|5610|56109,"Fast-food restaurants operations, including quick service restaurant || Activities of buffet restaurants || Restaurants and mobile food service activities || Restaurants and mobile food service activities || Restaurants and mobile food service activities, n.e.c.",0.432659|0.241116|0.230196|0.230196|0.217444,0.432659,retrieval:candidates,REVIEW_CANDIDATES
osm,shop=car,54,0.0019018102416003381,psic,rev5,,,exact,,,category,car shop,,,4642|46429|29101|96904|56303,"Wholesale of household, office and shop furniture, carpets and lighting equipment || Wholesale of household, office and shop furniture, carpets and lighting equipment, n.e.c. || Manufacture of passenger cars such as sedan and sports car || Shoe shiner, porter, valet car parker and other related activities || Activities of tea shops",0.231020|0.226897|0.196362|0.190132|0.132674,0.231020,retrieval:candidates,REVIEW_CANDIDATES
overture,flowers_and_gifts_store,54,0.0019018102416003381,psic,rev5,,,exact,,,category,flowers and gifts store,SUBTREE,46206,46206|47735|01192|3295|32950,"Wholesale of flowers and plants || Retail sale of fresh and artificial flowers and plants || Growing of other flowers, including production of flower buds and cut flowers || Manufacture of artificial flowers, fruits and foliage || Manufacture of artificial flowers, fruits and foliage",0.548121|0.401538|0.353196|0.252312|0.252312,0.548121,retrieval:strong_separated_hit,REVIEW_REQUIRED
osm,shop=car_repair,52,0.00183137282524477,psic,rev5,,,exact,,,category,car repair shop,,,4642|46429|3312|33120|95231,"Wholesale of household, office and shop furniture, carpets and lighting equipment || Wholesale of household, office and shop furniture, carpets and lighting equipment, n.e.c. || Repair and maintenance of machinery || Repair and maintenance of machinery || Repair and maintenance of footwear",0.200271|0.196912|0.194535|0.194535|0.189377,0.200271,retrieval:candidates,REVIEW_CANDIDATES
overture,bubble_tea_shop,52,0.00183137282524477,psic,rev5,,,exact,,,category,bubble tea shop,,,56303|01273|1076|10760|4642,"Activities of tea shops || Growing of tea plants || Processing of coffee and tea || Processing of coffee and tea || Wholesale of household, office and shop furniture, carpets and lighting equipment",0.418528|0.298482|0.255259|0.255259|0.210791,0.418528,retrieval:candidates,REVIEW_CANDIDATES
overture,warehouse_club_store,52,0.00183137282524477,psic,rev5,,,exact,,,category,warehouse club store,,,521|5210|52109|52101|52103,"Warehousing and storage || Warehousing and storage || Warehousing and storage, n.e.c. || Operation of grain warehouses || Operation of cold storages, refrigerated warehouses or cool stores",0.213680|0.213680|0.194244|0.183741|0.171599,0.213680,retrieval:candidates,REVIEW_CANDIDATES
osm,leisure=park,51,0.001796154117066986,psic,rev5,,,exact,,,category,park leisure,NOT_ACTIVITY,,,,,,rule:high_precision_non_activity,REVIEW_REQUIRED
osm,shop=pawnbroker,51,0.001796154117066986,psic,rev5,,,exact,,,category,pawnbroker shop,,,4642|46429|6496|64960|52332,"Wholesale of household, office and shop furniture, carpets and lighting equipment || Wholesale of household, office and shop furniture, carpets and lighting equipment, n.e.c. || Pawnshop operations || Pawnshop operations || Activities of customs brokers",0.238390|0.235772|0.179925|0.179925|0.103694,0.238390,retrieval:candidates,REVIEW_CANDIDATES
overture,mobile_phone_store,51,0.001796154117066986,psic,rev5,,,exact,,,category,mobile phone store,,,47404|47405|61101|5610|561,"Retail sale of smartphones, mobile phones and other handheld mobile devices || Retail sale of parts and accessories of smartphones, mobile phones and other handheld mobile devices || Operation of mobile network and telephone services || Restaurants and mobile food service activities || Restaurants and mobile food service activities",0.434813|0.393629|0.347776|0.329136|0.329136,0.434813,retrieval:candidates,REVIEW_CANDIDATES
osm,shop=hardware,50,0.001760935408889202,psic,rev5,,,exact,,,category,hardware shop,,,46735|47521|2593|4752|47529,"Wholesale of hardware and electrical materials and supplies || Retail sale of hardware and electrical materials and supplies || Manufacture of cutlery, hand tools and general hardware || Retail sale of hardware, building materials, paints and glass || Retail sale of hardware, building materials, paints and glass, n.e.c.",0.280581|0.277346|0.266445|0.241176|0.234376,0.280581,retrieval:candidates,REVIEW_CANDIDATES
osm,amenity=pharmacy | healthcare=pharmacy,49,0.001725716700711418,psic,rev5,,,exact,,,category,pharmacy amenity pharmacy healthcare,,,21|46430|4643|21003|46107,"Manufacture of Basic Pharmaceutical Products and Pharmaceutical Preparations || Wholesale of pharmaceutical and medical goods || Wholesale of pharmaceutical and medical goods || Preparation of botanical products for pharmaceutical use || Wholesale on a fee or contract basis, of chemical and pharmaceutical products",0.168927|0.146493|0.146493|0.125817|0.114215,0.168927,retrieval:candidates,REVIEW_CANDIDATES
overture,home_developer,49,0.001725716700711418,psic,rev5,,,exact,,,category,home developer,,,95222|9524|95249|95242|95241,"Repair and maintenance of home and garden equipment || Repair and maintenance of furniture and home furnishings || Repair and maintenance of furniture and home furnishings, n.e.c. || Repair and maintenance of metal furniture and home furnishings || Repair and maintenance of wooden furniture and home furnishings",0.280225|0.273982|0.270006|0.257234|0.250738,0.280225,retrieval:candidates,REVIEW_CANDIDATES
overture,motorcycle_dealer,49,0.001725716700711418,psic,rev5,,,exact,,,category,motorcycle dealer,,,30915|4663|46632|47832|9534,"Manufacture of motorcycle engines, including electric motors for motorcycle || Wholesale of motorcycles, motorcycle parts and accessories || Wholesale of motorcycle parts and accessories || Retail sale of motorcycle parts and accessories || Motor vehicle and motorcycle washing and detailing activities",0.456834|0.408268|0.394948|0.384483|0.334303,0.456834,retrieval:candidates,REVIEW_CANDIDATES
overture,resort,48,0.0016904979925336338,psic,rev5,,,exact,,,category,resort,,,55103|78200|782|7820|51,Operation of resort hotels || Temporary employment agency activities and other human resource provisions || Temporary employment agency activities and other human resource provisions || Temporary employment agency activities and other human resource provisions || Air Transport,0.543661|0.047074|0.047074|0.047074|0.032805,0.543661,retrieval:candidates,REVIEW_CANDIDATES
overture,financial_service,48,0.0016904979925336338,psic,rev5,,,exact,,,category,financial service,,,64|66|649|6499|64999,"Financial Service Activities, except Insurance and Pension Funding || Activities Auxiliary to Financial Service and Insurance Activities || Other financial service activities, except insurance and pension funding activities || Other financial service activities n.e.c., except insurance and pension funding activities || All other financial service activities, n.e.c., except insurance and pension funding activities",0.483995|0.465404|0.439464|0.429575|0.408861,0.483995,retrieval:candidates,REVIEW_CANDIDATES
overture,bike_store,48,0.0016904979925336338,psic,rev5,,,exact,,,category,bike store,,,47191|52103|47114|47113|47115,"Retail selling in department stores || Operation of cold storages, refrigerated warehouses or cool stores || Retail selling in convenience stores || Retail selling in sari-sari stores || Retail selling in pasalubong stores or centers",0.097690|0.095176|0.092871|0.087181|0.081190,0.097690,retrieval:candidates,REVIEW_CANDIDATES
overture,car_wash,46,0.0016200605761780658,psic,rev5,,,exact,,,category,car wash,,,29101|96904|9610|96100|961,"Manufacture of passenger cars such as sedan and sports car || Shoe shiner, porter, valet car parker and other related activities || Washing and cleaning of textile and fur products || Washing and cleaning of textile and fur products || Washing and cleaning of textile and fur products",0.253100|0.208177|0.082645|0.082645|0.082645,0.253100,retrieval:candidates,REVIEW_CANDIDATES
overture,laboratory_testing,45,0.0015848418680002817,psic,rev5,,,exact,,,category,laboratory testing,,,86991|71201|71202|712|7120,Medical and diagnostic laboratory service activities || Emission testing activities || Construction materials testing activities || Technical testing and analysis || Technical testing and analysis,0.386006|0.280272|0.260795|0.248476|0.248476,0.386006,retrieval:candidates,REVIEW_CANDIDATES
overture,bank,44,0.0015496231598224977,psic,rev5,,,exact,,,category,bank,,,64127|66192|6412|64129|64124,"Digital bank operation || Activities of non-bank electronic money issuers and operators of payment systems || Other banking || Other banking, n.e.c. || Rural banking",0.474892|0.218492|0.167830|0.138516|0.133743,0.474892,retrieval:candidates,REVIEW_CANDIDATES
overture,insurance_agency,44,0.0015496231598224977,psic,rev5,,,exact,,,category,insurance agency,SUBTREE,651,651|65110|6511|6031|60310,Insurance || Life insurance || Life insurance || News agency activities || News agency activities,0.706621|0.433535|0.433535|0.378171|0.378171,0.706621,retrieval:strong_separated_hit,REVIEW_REQUIRED
overture,real_estate_agent,43,0.0015144044516447136,psic,rev5,,,exact,,,category,real estate agent,,,68|M|6821|68210|682,Real Estate Activities || Real Estate Activities || Intermediation service activities for real estate || Intermediation service activities for real estate || Real estate activities on a fee or contract basis,0.812525|0.812525|0.592799|0.592799|0.481313,0.812525,retrieval:candidates,REVIEW_CANDIDATES
overture,community_center,42,0.0014791857434669296,psic,rev5,,,exact,,,category,community center,,,842|86223|32303|841|822,"Provision of services to the community as a whole || Private dialysis center activities || Manufacture of gymnasium, fitness center or athletic equipment || Administration of the State and the economic, social and environmental policies of the community || Activities of call centers",0.299330|0.290429|0.203572|0.197444|0.135969,0.299330,retrieval:candidates,REVIEW_CANDIDATES
overture,asian_restaurant,42,0.0014791857434669296,psic,rev5,,,exact,,,category,asian restaurant,,,56102|56103|5610|561|56109,"Fast-food restaurants operations, including quick service restaurant || Activities of buffet restaurants || Restaurants and mobile food service activities || Restaurants and mobile food service activities || Restaurants and mobile food service activities, n.e.c.",0.416099|0.225845|0.215616|0.215616|0.203672,0.416099,retrieval:candidates,REVIEW_CANDIDATES
overture,tattoo_and_piercing,42,0.0014791857434669296,psic,rev5,,,exact,,,category,tattoo and piercing,SUBTREE,96908,96908|46591|64122|46612|642,Tattoo and body piercing artists' activities || Wholesale of commercial machinery and equipment || Commercial banking || Wholesale of commercial vehicles for public and mass transportation including buses and jeepneys || Activities of holding companies and financing conduits,0.649815|0.035265|0.032568|0.030678|0.030663,0.649815,retrieval:strong_separated_hit,REVIEW_REQUIRED
overture,money_transfer_service,41,0.0014439670352891455,psic,rev5,,,exact,,,category,money transfer service,SUBTREE,66191,66191|T|66121|66192|56290,Money remittance and transfer operations || Other Service Activities || Foreign exchange dealing or money changing business operations || Activities of non-bank electronic money issuers and operators of payment systems || Other food service activities,0.530550|0.187491|0.170742|0.159066|0.156798,0.530550,retrieval:strong_separated_hit,REVIEW_REQUIRED
osm,shop=clothes,40,0.0014087483271113615,psic,rev5,,,exact,,,category,clothes shop,,,4642|28263|46429|56303|47711,"Wholesale of household, office and shop furniture, carpets and lighting equipment || Manufacture of commercial washing, laundry, centrifugal clothes driers, dry-cleaning and pressing machines || Wholesale of household, office and shop furniture, carpets and lighting equipment, n.e.c. || Activities of tea shops || Retail sale of garments, clothing, wearing apparel and clothing accessories",0.189900|0.189317|0.187160|0.102696|0.092003,0.189900,retrieval:candidates,REVIEW_CANDIDATES
overture,arts_and_entertainment,40,0.0014087483271113615,psic,rev5,,,exact,,,category,arts and entertainment,,,90|78103|901|903|9039,Arts Creation and Performing Arts Activities || Casting and talent scouting activities for performing arts and modelling || Arts creation activities || Support activities to arts creation and performing arts || Other support activities to arts creation and performing arts,0.287979|0.269095|0.260713|0.257578|0.248345,0.287979,retrieval:candidates,REVIEW_CANDIDATES
overture,bottled_water_company,40,0.0014087483271113615,psic,rev5,,,exact,,,category,bottled water company,,,11054|64953|64952|64951|1105,Manufacture of bottled drinking water || Financing company operation || Lending company operation || Credit card company operation || Manufacture of soft drinks; production of mineral waters and other bottled waters,0.456132|0.340093|0.336114|0.295457|0.265290,0.456132,retrieval:candidates,REVIEW_CANDIDATES
overture,baptist_place_of_worship,40,0.0014087483271113615,psic,rev5,,,exact,,,category,baptist place of worship,,,94|949|94990|9499|7810,Activities of Membership Organizations || Activities of other membership organizations || Activities of other membership organizations n.e.c. || Activities of other membership organizations n.e.c. || Activities of employment placement agencies,0.146242|0.141903|0.138691|0.138691|0.125736,0.146242,retrieval:candidates,REVIEW_CANDIDATES
overture,electronics_store,39,0.0013735296189335774,psic,rev5,,,exact,,,category,electronics store,,,26400|264|2640|95210|9521,Manufacture of consumer electronics || Manufacture of consumer electronics || Manufacture of consumer electronics || Repair and maintenance of consumer electronics || Repair and maintenance of consumer electronics,0.526997|0.526997|0.526997|0.428937|0.428937,0.526997,retrieval:candidates,REVIEW_CANDIDATES
osm,office=government | emergency=disaster_response,38,0.0013383109107557934,psic,rev5,,,exact,,,category,government office disaster response emergency,,,84113|84112|64121|82|821,"Public administration, local government || Public administration, regional government || Universal banking, including specialized government banking || Office Administrative, Office Support and Other Business Support Activities || Office administrative and support activities",0.323998|0.320936|0.249051|0.224218|0.196745,0.323998,retrieval:candidates,REVIEW_CANDIDATES
overture,korean_restaurant,38,0.0013383109107557934,psic,rev5,,,exact,,,category,korean restaurant,,,56102|56103|5610|561|56109,"Fast-food restaurants operations, including quick service restaurant || Activities of buffet restaurants || Restaurants and mobile food service activities || Restaurants and mobile food service activities || Restaurants and mobile food service activities, n.e.c.",0.416850|0.226537|0.216277|0.216277|0.204297,0.416850,retrieval:candidates,REVIEW_CANDIDATES
overture,donut_shop,37,0.0013030922025780095,psic,rev5,,,exact,,,category,donut shop,,,4642|46429|56303|64960|6496,"Wholesale of household, office and shop furniture, carpets and lighting equipment || Wholesale of household, office and shop furniture, carpets and lighting equipment, n.e.c. || Activities of tea shops || Pawnshop operations || Pawnshop operations",0.260353|0.256936|0.126301|0.110353|0.110353,0.260353,retrieval:candidates,REVIEW_CANDIDATES
overture,doctors_office,37,0.0013030922025780095,psic,rev5,,,exact,,,category,doctors office,,,82|8210|821|82109|22205,"Office Administrative, Office Support and Other Business Support Activities || Office administrative and support activities || Office administrative and support activities || Office administrative and support activities, n.e.c. || Manufacture of office or school supplies made of plastic",0.379044|0.333363|0.333363|0.326020|0.262252,0.379044,retrieval:candidates,REVIEW_CANDIDATES
overture,funeral_service,37,0.0013030922025780095,psic,rev5,,,exact,,,category,funeral service,,,963|9630|96309|96901|T,"Funeral and related activities || Funeral and related activities || Funeral and related activities, n.e.c. || Activities of organizers for private events, except funeral || Other Service Activities",0.512015|0.512015|0.486861|0.294372|0.258923,0.512015,retrieval:candidates,REVIEW_CANDIDATES
overture,freight_and_cargo_service,37,0.0013030922025780095,psic,rev5,,,exact,,,category,freight and cargo service,,,5224|5231|52339|5120|512,"Cargo handling || Intermediation service activities for freight transportation || Intermediation service activities for freight transportation, n.e.c. || Freight air transport || Freight air transport",0.411318|0.341594|0.331692|0.317897|0.317897,0.411318,retrieval:candidates,REVIEW_CANDIDATES
overture,attorney_or_law_firm,37,0.0013030922025780095,psic,rev5,,,exact,,,category,attorney or law firm,,,22192|90201|461|4610|46109,"Manufacture of rubber conveyor or transmission belts or belting || Activities of performing groups, circuses or companies, orchestras or bands || Wholesale on a fee or contract basis || Wholesale on a fee or contract basis || Wholesale on a fee or contract basis, n.e.c.",0.162417|0.145114|0.138785|0.138785|0.137843,0.162417,retrieval:candidates,REVIEW_CANDIDATES
overture,japanese_restaurant,36,0.0012678734944002255,psic,rev5,,,exact,,,category,japanese restaurant,,,56102|56103|5610|561|56109,"Fast-food restaurants operations, including quick service restaurant || Activities of buffet restaurants || Restaurants and mobile food service activities || Restaurants and mobile food service activities || Restaurants and mobile food service activities, n.e.c.",0.383229|0.195532|0.186676|0.186676|0.176335,0.383229,retrieval:candidates,REVIEW_CANDIDATES
overture,car_rental_service,36,0.0012678734944002255,psic,rev5,,,exact,,,category,car rental service,,,77|T|7751|77510|77100,"Rental and Leasing Activities || Other Service Activities || Intermediation service activities for rental and leasing of cars, motorhomes and trailers || Intermediation service activities for rental and leasing of cars, motorhomes and trailers || Rental and leasing of motor vehicles",0.274684|0.247792|0.236759|0.236759|0.226608,0.274684,retrieval:candidates,REVIEW_CANDIDATES
osm,tourism=artwork,35,0.0012326547862224414,psic,rev5,,,exact,,,category,artwork tourism,NOT_ACTIVITY,,,,,,rule:high_precision_non_activity,REVIEW_REQUIRED
overture,travel_and_transportation,35,0.0012326547862224414,psic,rev5,,,exact,,,category,travel and transportation,,,79110|7911|522|H|799,Travel agency activities || Travel agency activities || Support activities for transportation || Transportation and Storage || Other travel related activities,0.404640|0.404640|0.396813|0.390397|0.385742,0.404640,retrieval:candidates,REVIEW_CANDIDATES
overture,food_truck_stand,35,0.0012326547862224414,psic,rev5,,,exact,,,category,food truck stand,,,52216|49432|56108|4721|10,"Truck weighing services operation || Tank truck delivery services operation || Mobile food service activities including food preparation in truck, van and other motorized vehicles and non-motorized carts || Retail sale of food || Manufacture of Food Products",0.326934|0.292710|0.268963|0.264358|0.248582,0.326934,retrieval:candidates,REVIEW_CANDIDATES
overture,beauty_supply_store,35,0.0012326547862224414,psic,rev5,,,exact,,,category,beauty supply store,,,9622|96220|962|3530|35300,"Beauty care and other beauty treatment activities || Beauty care and other beauty treatment activities || Hairdressing, beauty treatment, day spa and similar activities || Steam and air conditioning supply || Steam and air conditioning supply",0.469054|0.469054|0.245916|0.243920|0.243920,0.469054,retrieval:candidates,REVIEW_CANDIDATES
osm,shop=mall,34,0.0011974360780446574,psic,rev5,,,exact,,,category,mall shop,,,4642|46429|56303|6496|64960,"Wholesale of household, office and shop furniture, carpets and lighting equipment || Wholesale of household, office and shop furniture, carpets and lighting equipment, n.e.c. || Activities of tea shops || Pawnshop operations || Pawnshop operations",0.256964|0.253670|0.121745|0.106372|0.106372,0.256964,retrieval:candidates,REVIEW_CANDIDATES
overture,smoke_and_vape_store,34,0.0011974360780446574,psic,rev5,,,exact,,,category,smoke and vape store,,,10203|H|5210|521|12003,"Smoking of fish and other marine products || Transportation and Storage || Warehousing and storage || Warehousing and storage || Manufacture of chewing and smoking tobacco, snuff",0.152691|0.134671|0.127734|0.127734|0.124194,0.152691,retrieval:candidates,REVIEW_CANDIDATES
osm,tourism=guest_house,33,0.0011622173698668734,psic,rev5,,,exact,,,category,guest house tourism,,,66123|55201|79901|96906|79120,"Investment house operation || Operation of tourist inns || Activities of independent tourist guides || Social escort service activities, excluding tourist guides || Tour operator activities",0.398173|0.166417|0.133066|0.118447|0.092775,0.398173,retrieval:candidates,REVIEW_CANDIDATES
osm,amenity=health_post | healthcare=health_aide | emergency=no,33,0.0011622173698668734,psic,rev5,,,exact,,,category,health post amenity health aide healthcare no emergency,,,86|869|8699|86999|65401,"Human Health Activities || Other human health activities || Other human health activities n.e.c. || All other human health activities, n.e.c. || Pre-need plan for health",0.448649|0.410809|0.397948|0.354169|0.331980,0.448649,retrieval:candidates,REVIEW_CANDIDATES
osm,shop=motorcycle,33,0.0011622173698668734,psic,rev5,,,exact,,,category,motorcycle shop,,,30915|4663|46632|47832|95340,"Manufacture of motorcycle engines, including electric motors for motorcycle || Wholesale of motorcycles, motorcycle parts and accessories || Wholesale of motorcycle parts and accessories || Retail sale of motorcycle parts and accessories || Motor vehicle and motorcycle washing and detailing activities",0.393200|0.361033|0.332629|0.326027|0.292115,0.393200,retrieval:candidates,REVIEW_CANDIDATES
overture,music_venue,33,0.0011622173698668734,psic,rev5,,,exact,,,category,music venue,,,59200|5920|592|47692|18201,Sound recording and music publishing activities || Sound recording and music publishing activities || Sound recording and music publishing activities || Retail sale of music and video recordings in physical media || Reproduction of sound or music recordings from master copies,0.347293|0.347293|0.347293|0.289100|0.261981,0.347293,retrieval:candidates,REVIEW_CANDIDATES
overture,manufacturer,32,0.0011269986616890893,psic,rev5,,,exact,,,category,manufacturer,,,C|1103|11030|1102|23941,Manufacturing || Manufacture of beer || Manufacture of beer || Manufacture of wines || Manufacture of cement,0.214805|0.205737|0.205737|0.204370|0.203523,0.214805,retrieval:candidates,REVIEW_CANDIDATES
overture,building_supply_store,32,0.0011269986616890893,psic,rev5,,,exact,,,category,building supply store,,,23920|2392|301|35300|3530,Manufacture of clay building materials || Manufacture of clay building materials || Building of ships and boats || Steam and air conditioning supply || Steam and air conditioning supply,0.283155|0.283155|0.282992|0.273069|0.273069,0.283155,retrieval:candidates,REVIEW_CANDIDATES
overture,employment_agency,32,0.0011269986616890893,psic,rev5,,,exact,,,category,employment agency,,,78|782|7820|78200|7810,Employment Activities || Temporary employment agency activities and other human resource provisions || Temporary employment agency activities and other human resource provisions || Temporary employment agency activities and other human resource provisions || Activities of employment placement agencies,0.509560|0.487109|0.487109|0.487109|0.377140,0.509560,retrieval:candidates,REVIEW_CANDIDATES
overture,campus_building,32,0.0011269986616890893,psic,rev5,,,exact,,,category,campus building,,,2392|23920|301|433|4330,Manufacture of clay building materials || Manufacture of clay building materials || Building of ships and boats || Building completion and finishing || Building completion and finishing,0.375380|0.375380|0.374633|0.358427|0.358427,0.375380,retrieval:candidates,REVIEW_CANDIDATES
osm,shop=electronics,31,0.0010917799535113053,psic,rev5,,,exact,,,category,electronics shop,,,26400|2640|264|9521|95210,Manufacture of consumer electronics || Manufacture of consumer electronics || Manufacture of consumer electronics || Repair and maintenance of consumer electronics || Repair and maintenance of consumer electronics,0.423144|0.423144|0.423144|0.346189|0.346189,0.423144,retrieval:candidates,REVIEW_CANDIDATES
osm,amenity=college,31,0.0010917799535113053,psic,rev5,,,exact,,,category,college amenity,,,381|9121|91210|36|3600,"Waste collection activities || Museum and collection activities || Museum and collection activities || Water Collection, Treatment and Supply || Water collection, treatment and supply",0.117211|0.102474|0.102474|0.087795|0.087795,0.117211,retrieval:candidates,REVIEW_CANDIDATES
overture,bar_and_grill_restaurant,31,0.0010917799535113053,psic,rev5,,,exact,,,category,bar and grill restaurant,,,56102|561|5610|56103|56109,"Fast-food restaurants operations, including quick service restaurant || Restaurants and mobile food service activities || Restaurants and mobile food service activities || Activities of buffet restaurants || Restaurants and mobile food service activities, n.e.c.",0.372523|0.195339|0.195339|0.189046|0.185134,0.372523,retrieval:candidates,REVIEW_CANDIDATES
overture,burger_restaurant,31,0.0010917799535113053,psic,rev5,,,exact,,,category,burger restaurant,,,56102|56103|5610|561|56109,"Fast-food restaurants operations, including quick service restaurant || Activities of buffet restaurants || Restaurants and mobile food service activities || Restaurants and mobile food service activities || Restaurants and mobile food service activities, n.e.c.",0.405199|0.220933|0.206019|0.206019|0.194607,0.405199,retrieval:candidates,REVIEW_CANDIDATES
overture,computer_store,31,0.0010917799535113053,psic,rev5,,,exact,,,category,computer store,,,6220|622|62200|621|62190,Computer consultancy and computer facilities management activities || Computer consultancy and computer facilities management activities || Computer consultancy and computer facilities management activities || Computer programming activities || Other computer programming activities,0.451070|0.451070|0.451070|0.432556|0.390717,0.451070,retrieval:candidates,REVIEW_CANDIDATES
overture,automotive_service,31,0.0010917799535113053,psic,rev5,,,exact,,,category,automotive service,,,47300|4730|473|13997|T,Retail sale of automotive fuel || Retail sale of automotive fuel || Retail sale of automotive fuel || Manufacture of automotive trimmings and custom upholstery || Other Service Activities,0.519323|0.519323|0.519323|0.352075|0.229088,0.519323,retrieval:candidates,REVIEW_CANDIDATES
osm,amenity=parking,30,0.0010565612453335212,psic,rev5,,,exact,,,category,parking amenity,,,52213|93210|9321|5530|553,"Operation of parking lot and facilities || Activities of amusement parks and theme parks || Activities of amusement parks and theme parks || Camping grounds, recreational vehicle parks and trailer parks || Camping grounds, recreational vehicle parks and trailer parks",0.403694|0.086341|0.086341|0.061441|0.061441,0.403694,retrieval:candidates,REVIEW_CANDIDATES
overture,town_hall,30,0.0010565612453335212,psic,rev5,,,exact,,,category,town hall,,,93297|93296|74996|50123|85599,"Operation of bowling halls || Operation of billiard halls || Halal consulting activities || Towing and pushing services operation || All other education, n.e.c.",0.112062|0.106705|0.054370|0.049834|0.044768,0.112062,retrieval:candidates,REVIEW_CANDIDATES
osm,leisure=pitch,29,0.0010213425371557372,psic,rev5,,,exact,,,category,pitch leisure,NOT_ACTIVITY,,,,,,rule:high_precision_non_activity,REVIEW_REQUIRED
overture,pet_store,29,0.0010213425371557372,psic,rev5,,,exact,,,category,pet store,,,4776|47761|96902|47762|47191,Retail sale of pet and pet supplies || Retail sale of pet || Pet care services || Retail sale of pet supplies || Retail selling in department stores,0.496593|0.488735|0.420321|0.385140|0.104109,0.496593,retrieval:candidates,REVIEW_CANDIDATES
overture,ice_cream_shop,29,0.0010213425371557372,psic,rev5,,,exact,,,category,ice cream shop,,,10713|10504|10792|10501|4642,"Manufacture of ice cream cones and wafers || Manufacture of ice cream and sherbet, ice drop, ice candy and other flavored ices || Manufacture of ice, except dry ice || Processing of fresh milk and cream || Wholesale of household, office and shop furniture, carpets and lighting equipment",0.460613|0.404582|0.259667|0.227583|0.166575,0.460613,retrieval:candidates,REVIEW_CANDIDATES
overture,tea_room,29,0.0010213425371557372,psic,rev5,,,exact,,,category,tea room,,,56303|01273|1076|10760|25112,"Activities of tea shops || Growing of tea plants || Processing of coffee and tea || Processing of coffee and tea || Manufacture of metal doors, windows and their frames, shutters, gates and room partitions for floor attachment, including those made of aluminum",0.300177|0.297120|0.253912|0.253912|0.149686,0.300177,retrieval:candidates,REVIEW_CANDIDATES
osm,amenity=bar,28,0.0009861238289779531,psic,rev5,,,exact,,,category,bar amenity,,,86123|842|96212|08911|841,"Private maternity hospital activities || Provision of services to the community as a whole || Barber activities || Baryte mining || Administration of the State and the economic, social and environmental policies of the community",0.080436|0.077485|0.067703|0.057673|0.048978,0.080436,retrieval:candidates,REVIEW_CANDIDATES
overture,chicken_restaurant,28,0.0009861238289779531,psic,rev5,,,exact,,,category,chicken restaurant,,,01481|56102|56103|5610|561,"Chicken egg production || Fast-food restaurants operations, including quick service restaurant || Activities of buffet restaurants || Restaurants and mobile food service activities || Restaurants and mobile food service activities",0.412664|0.326983|0.185785|0.177371|0.177371,0.412664,retrieval:candidates,REVIEW_CANDIDATES
overture,b2b_advertising_and_marketing_service,28,0.0009861238289779531,psic,rev5,,,exact,,,category,b2b advertising and marketing service,,,74910|7491|731|7310|73109,"Patent brokering and marketing service activities || Patent brokering and marketing service activities || Advertising activities || Advertising activities || Advertising activities, n.e.c.",0.543105|0.543105|0.434423|0.434423|0.408178,0.543105,retrieval:candidates,REVIEW_CANDIDATES
overture,holiday_rental_home,28,0.0009861238289779531,psic,rev5,,,exact,,,category,holiday rental home,,,77|95222|9524|95249|95242,"Rental and Leasing Activities || Repair and maintenance of home and garden equipment || Repair and maintenance of furniture and home furnishings || Repair and maintenance of furniture and home furnishings, n.e.c. || Repair and maintenance of metal furniture and home furnishings",0.268630|0.237982|0.229034|0.225198|0.222864,0.268630,retrieval:candidates,REVIEW_CANDIDATES
overture,food_delivery_service,27,0.0009509051208001691,psic,rev5,,,exact,,,category,food delivery service,SUBTREE,53202,53202|49432|56290|5629|56,Food delivery activities || Tank truck delivery services operation || Other food service activities || Other food service activities || Food and Beverage Service Activities,0.806743|0.364444|0.340888|0.340888|0.269666,0.806743,retrieval:strong_separated_hit,REVIEW_REQUIRED
overture,veterinarian,27,0.0009509051208001691,psic,rev5,,,exact,,,category,veterinarian,,,75000|7500|75|750|32501,"Veterinary activities || Veterinary activities || Veterinary activities || Veterinary activities || Manufacture of medical, surgical, dental, or veterinary furniture",0.282836|0.282836|0.282836|0.282836|0.147433,0.282836,retrieval:candidates,REVIEW_CANDIDATES
overture,tutoring_service,27,0.0009509051208001691,psic,rev5,,,exact,,,category,tutoring service,,,T|85593|96|56290|5629,Other Service Activities || Academic tutorial service activities || Personal Service Activities || Other food service activities || Other food service activities,0.360124|0.344355|0.320251|0.300289|0.300289,0.360124,retrieval:candidates,REVIEW_CANDIDATES
osm,amenity=marketplace,26,0.000915686412622385,psic,rev5,,,exact,,,category,marketplace amenity,,,6611|66110|7491|74910|47112,Administration of financial markets || Administration of financial markets || Patent brokering and marketing service activities || Patent brokering and marketing service activities || Retail selling in supermarkets and hypermarkets,0.105527|0.105527|0.098485|0.098485|0.098036,0.105527,retrieval:candidates,REVIEW_CANDIDATES
osm,tourism=hostel,26,0.000915686412622385,psic,rev5,,,exact,,,category,hostel tourism,,,55202|55201|79901|96906|79120,"Operation of hostels || Operation of tourist inns || Activities of independent tourist guides || Social escort service activities, excluding tourist guides || Tour operator activities",0.199657|0.157268|0.116148|0.103388|0.093630,0.199657,retrieval:candidates,REVIEW_CANDIDATES
osm,shop=car_parts,26,0.000915686412622385,psic,rev5,,,exact,,,category,car parts shop,,,4642|46429|29101|96904|15206,"Wholesale of household, office and shop furniture, carpets and lighting equipment || Wholesale of household, office and shop furniture, carpets and lighting equipment, n.e.c. || Manufacture of passenger cars such as sedan and sports car || Shoe shiner, porter, valet car parker and other related activities || Manufacture of footwear parts and components",0.202517|0.199004|0.189257|0.178294|0.162251,0.202517,retrieval:candidates,REVIEW_CANDIDATES
osm,tourism=chalet,26,0.000915686412622385,psic,rev5,,,exact,,,category,chalet tourism,,,55201|79901|96906|79120|7912,"Operation of tourist inns || Activities of independent tourist guides || Social escort service activities, excluding tourist guides || Tour operator activities || Tour operator activities",0.158490|0.117050|0.104191|0.094357|0.094357,0.158490,retrieval:candidates,REVIEW_CANDIDATES
overture,police_station,26,0.000915686412622385,psic,rev5,,,exact,,,category,police station,,,11055|841|3514|35141|35149,"Operation of water purifying and refilling station || Administration of the State and the economic, social and environmental policies of the community || Operation of charging facilities and stations || Operation of charging stations for electric vehicles || Operation of charging facilities and stations, n.e.c.",0.297930|0.106927|0.105077|0.099833|0.098274,0.297930,retrieval:candidates,REVIEW_CANDIDATES
overture,internet_cafe,26,0.000915686412622385,psic,rev5,,,exact,,,category,internet cafe,,,61102|61202|56104|64920|6492,"Operation of fiber, broadband and satellite internet services || Provision of internet access in facilities open to the public || Operation of cafeterias || International trade financing activities || International trade financing activities",0.321550|0.302118|0.098411|0.073890|0.073890,0.321550,retrieval:candidates,REVIEW_CANDIDATES
overture,auto_detailing,26,0.000915686412622385,psic,rev5,,,exact,,,category,auto detailing,,,9534|95340|47300|4730|473,Motor vehicle and motorcycle washing and detailing activities || Motor vehicle and motorcycle washing and detailing activities || Retail sale of automotive fuel || Retail sale of automotive fuel || Retail sale of automotive fuel,0.373555|0.373555|0.104520|0.104520|0.104520,0.373555,retrieval:candidates,REVIEW_CANDIDATES
overture,home_improvement_store,26,0.000915686412622385,psic,rev5,,,exact,,,category,home improvement store,,,95222|9524|95249|95242|47591,"Repair and maintenance of home and garden equipment || Repair and maintenance of furniture and home furnishings || Repair and maintenance of furniture and home furnishings, n.e.c. || Repair and maintenance of metal furniture and home furnishings || Retail sale of home furniture, fixtures and lighting equipment",0.272286|0.255634|0.252525|0.239568|0.239005,0.272286,retrieval:candidates,REVIEW_CANDIDATES
osm,shop=water,25,0.000880467704444601,psic,rev5,,,exact,,,category,water shop,,,50|502|4642|46429|50220,"Water Transport || Inland water transport || Wholesale of household, office and shop furniture, carpets and lighting equipment || Wholesale of household, office and shop furniture, carpets and lighting equipment, n.e.c. || Inland freight water transport",0.331094|0.236430|0.235360|0.231845|0.194547,0.331094,retrieval:candidates,REVIEW_CANDIDATES
overture,fueling_station,25,0.000880467704444601,psic,rev5,,,exact,,,category,fueling station,,,11055|3514|35141|35149|473,"Operation of water purifying and refilling station || Operation of charging facilities and stations || Operation of charging stations for electric vehicles || Operation of charging facilities and stations, n.e.c. || Retail sale of automotive fuel",0.332182|0.118790|0.112862|0.111100|0.075154,0.332182,retrieval:candidates,REVIEW_CANDIDATES
overture,food_beverage_distributor,25,0.000880467704444601,psic,rev5,,,exact,,,category,food beverage distributor,,,56|2825|28251|5630|563,"Food and Beverage Service Activities || Manufacture of machinery for food, beverage and tobacco processing || Manufacture of machinery for food or beverage processing || Beverage serving activities || Beverage serving activities",0.440881|0.437568|0.339610|0.324240|0.324240,0.440881,retrieval:candidates,REVIEW_CANDIDATES
osm,amenity=police,24,0.0008452489962668169,psic,rev5,,,exact,,,category,police amenity,,,841|9492|94920|20233|842,"Administration of the State and the economic, social and environmental policies of the community || Activities of political organizations || Activities of political organizations || Manufacture of waxes and polishing products || Provision of services to the community as a whole",0.102508|0.076420|0.076420|0.075668|0.062888,0.102508,retrieval:candidates,REVIEW_CANDIDATES
overture,shoe_store,24,0.0008452489962668169,psic,rev5,,,exact,,,category,shoe store,,,96904|15201|47191|52103|47114,"Shoe shiner, porter, valet car parker and other related activities || Manufacture of formal footwear such as dress shoes, school shoes and office shoes || Retail selling in department stores || Operation of cold storages, refrigerated warehouses or cool stores || Retail selling in convenience stores",0.269944|0.113030|0.085662|0.083457|0.081436,0.269944,retrieval:candidates,REVIEW_CANDIDATES
overture,family_practice,24,0.0008452489962668169,psic,rev5,,,exact,,,category,family practice,,,86221|862|86210|8621|8622,Private dental practice activities || Medical and dental practice activities || Public medical and dental practice activities || Public medical and dental practice activities || Private medical and dental practice activities,0.467168|0.457985|0.407716|0.407716|0.405119,0.467168,retrieval:candidates,REVIEW_CANDIDATES
osm,shop=beauty,23,0.0008100302880890329,psic,rev5,,,exact,,,category,beauty shop,,,96220|9622|962|4642|46429,"Beauty care and other beauty treatment activities || Beauty care and other beauty treatment activities || Hairdressing, beauty treatment, day spa and similar activities || Wholesale of household, office and shop furniture, carpets and lighting equipment || Wholesale of household, office and shop furniture, carpets and lighting equipment, n.e.c.",0.482789|0.482789|0.253622|0.191797|0.189183,0.482789,retrieval:candidates,REVIEW_CANDIDATES
overture,hvac_service,23,0.0008100302880890329,psic,rev5,,,exact,,,category,hvac service,,,T|96|5629|56290|81300,Other Service Activities || Personal Service Activities || Other food service activities || Other food service activities || Landscape service activities,0.446810|0.385399|0.373173|0.373173|0.328129,0.446810,retrieval:candidates,REVIEW_CANDIDATES
overture,jewelry_store,23,0.0008100302880890329,psic,rev5,,,exact,,,category,jewelry store,,,32119|95291|47734|32113|32111,"Manufacture of jewelry and related articles, n.e.c. || Repair and alteration of jewelry || Retail sale of jewelry, watches and clocks || Manufacture of other jewelry and jewelry parts made of precious metals, precious and semi-precious stones and other related materials || Production of worked pearls and pearl jewelry",0.454213|0.447331|0.358178|0.353368|0.327498,0.454213,retrieval:candidates,REVIEW_CANDIDATES
osm,amenity=fire_station,22,0.0007748115799112488,psic,rev5,,,exact,,,category,fire station amenity,,,11055|01295|27904|3514|35141,"Operation of water purifying and refilling station || Growing of ornamental and decorative trees such as Christmas trees, pine trees and fire trees || Manufacture of electric sound or visual signalling apparatus such as bells, sirens, indicator panels, fire alarms || Operation of charging facilities and stations || Operation of charging stations for electric vehicles",0.227781|0.154207|0.139912|0.089045|0.084602,0.227781,retrieval:candidates,REVIEW_CANDIDATES
osm,leisure=resort,22,0.0007748115799112488,psic,rev5,,,exact,,,category,resort leisure,SUBTREE,55103,55103|30129|3012|33151|26514,"Operation of resort hotels || Manufacture of pleasure and sporting boats, n.e.c. || Building of pleasure and sporting boats || Repair and maintenance of sports and pleasure boats || Manufacture of instruments and apparatus for measuring the flow, level, pressure or other variables of liquids or gases such as pressure gauges",0.507780|0.050200|0.046823|0.045994|0.042401,0.507780,retrieval:strong_separated_hit,REVIEW_REQUIRED
osm,office=it,22,0.0007748115799112488,psic,rev5,,,exact,,,category,it office,,,82|8210|821|82109|22205,"Office Administrative, Office Support and Other Business Support Activities || Office administrative and support activities || Office administrative and support activities || Office administrative and support activities, n.e.c. || Manufacture of office or school supplies made of plastic",0.433901|0.381021|0.381021|0.370857|0.306364,0.433901,retrieval:candidates,REVIEW_CANDIDATES
overture,sports_and_recreation,22,0.0007748115799112488,psic,rev5,,,exact,,,category,sports and recreation,,,8551|85510|S|93|932,"Sports and recreation education || Sports and recreation education || Arts, Sports and Recreation || Sports Activities and Amusement And Recreation Activities || Amusement and recreation activities",0.829728|0.829728|0.810557|0.536626|0.471011,0.829728,retrieval:candidates,REVIEW_CANDIDATES
overture,preschool,22,0.0007748115799112488,psic,rev5,,,exact,,,category,preschool,,,85530|8553|22205|85103|85104,Driving school activities || Driving school activities || Manufacture of office or school supplies made of plastic || Public pre-primary or pre-school education for children with special needs || Private pre-primary or pre-school education for children with special needs,0.186144|0.186144|0.136766|0.114960|0.114410,0.186144,retrieval:candidates,REVIEW_CANDIDATES
overture,installment_loans,22,0.0007748115799112488,psic,rev5,,,exact,,,category,installment loans,,,4321|4329|43290|43221|43219,"Electrical installation || Other construction installation || Other construction installation || Plumbing installation || Electrical installation, n.e.c.",0.150899|0.147850|0.147850|0.138303|0.135315,0.150899,retrieval:candidates,REVIEW_CANDIDATES
overture,chinese_restaurant,22,0.0007748115799112488,psic,rev5,,,exact,,,category,chinese restaurant,,,56102|56103|5610|561|56109,"Fast-food restaurants operations, including quick service restaurant || Activities of buffet restaurants || Restaurants and mobile food service activities || Restaurants and mobile food service activities || Restaurants and mobile food service activities, n.e.c.",0.384215|0.196441|0.187544|0.187544|0.177155,0.384215,retrieval:candidates,REVIEW_CANDIDATES
overture,medical_supply_store,22,0.0007748115799112488,psic,rev5,,,exact,,,category,medical supply store,,,3530|353|35300|360|3600,"Steam and air conditioning supply || Steam and air conditioning supply || Steam and air conditioning supply || Water collection, treatment and supply || Water collection, treatment and supply",0.280261|0.280261|0.280261|0.272117|0.272117,0.280261,retrieval:candidates,REVIEW_CANDIDATES
overture,b2b_water_treatment_service,22,0.0007748115799112488,psic,rev5,,,exact,,,category,b2b water treatment service,,,360|3600|36|36002|382,"Water collection, treatment and supply || Water collection, treatment and supply || Water Collection, Treatment and Supply || Water collection, treatment and supply, except desalting of sea or ground water || Waste treatment and disposal",0.462606|0.462606|0.462606|0.355926|0.336831,0.462606,retrieval:candidates,REVIEW_CANDIDATES
overture,it_service_and_computer_repair,22,0.0007748115799112488,psic,rev5,,,exact,,,category,it service and computer repair,,,62900|629|6290|62200|622,Other information technology and computer service activities || Other information technology and computer service activities || Other information technology and computer service activities || Computer consultancy and computer facilities management activities || Computer consultancy and computer facilities management activities,0.380895|0.380895|0.380895|0.371784|0.371784,0.380895,retrieval:candidates,REVIEW_CANDIDATES
osm,leisure=beach_resort,21,0.0007395928717334648,psic,rev5,,,exact,,,category,beach resort leisure,SUBTREE,55103,55103|93292|30129|3012|33151,"Operation of resort hotels || Activities of beaches and recreational swimming pools || Manufacture of pleasure and sporting boats, n.e.c. || Building of pleasure and sporting boats || Repair and maintenance of sports and pleasure boats",0.462309|0.091450|0.039908|0.037223|0.036564,0.462309,retrieval:strong_separated_hit,REVIEW_REQUIRED
osm,amenity=reception_desk,21,0.0007395928717334648,psic,rev5,,,exact,,,category,reception desk amenity,,,842|86123|932|9329|93299,"Provision of services to the community as a whole || Private maternity hospital activities || Amusement and recreation activities || Other amusement and recreation activities || Other amusement and recreation activities, n.e.c.",0.061128|0.058545|0.047654|0.046036|0.042573,0.061128,retrieval:candidates,REVIEW_CANDIDATES
osm,shop=department_store,21,0.0007395928717334648,psic,rev5,,,exact,,,category,department store shop,,,47191|4642|46429|55104|56303,"Retail selling in department stores || Wholesale of household, office and shop furniture, carpets and lighting equipment || Wholesale of household, office and shop furniture, carpets and lighting equipment, n.e.c. || Operation of apartment hotels || Activities of tea shops",0.440361|0.181240|0.173677|0.131817|0.076766,0.440361,retrieval:candidates,REVIEW_CANDIDATES
osm,man_made=mast,21,0.0007395928717334648,psic,rev5,,,exact,,,category,mast man made,,,20300|2030|203|28261|22205,"Manufacture of man-made fibres || Manufacture of man-made fibres || Manufacture of man-made fibres || Manufacture of textile machinery, including machineries for man-made textile fibers or yarns || Manufacture of office or school supplies made of plastic",0.482739|0.482739|0.482739|0.256886|0.168081,0.482739,retrieval:candidates,REVIEW_CANDIDATES
overture,tire_dealer_and_repair,21,0.0007395928717334648,psic,rev5,,,exact,,,category,tire dealer and repair,,,3312|33120|95231|9532|95320,Repair and maintenance of machinery || Repair and maintenance of machinery || Repair and maintenance of footwear || Repair and maintenance of motorcycles || Repair and maintenance of motorcycles,0.323972|0.323972|0.303822|0.303488|0.303488,0.323972,retrieval:candidates,REVIEW_CANDIDATES
overture,dessert_shop,21,0.0007395928717334648,psic,rev5,,,exact,,,category,dessert shop,,,4642|46429|56303|64960|6496,"Wholesale of household, office and shop furniture, carpets and lighting equipment || Wholesale of household, office and shop furniture, carpets and lighting equipment, n.e.c. || Activities of tea shops || Pawnshop operations || Pawnshop operations",0.262597|0.259098|0.129318|0.112989|0.112989,0.262597,retrieval:candidates,REVIEW_CANDIDATES
osm,shop=laundry,20,0.0007043741635556807,psic,rev5,,,exact,,,category,laundry shop,,,27502|28263|4642|46429|56303,"Manufacture of refrigerators and laundry equipment such as freezers, washing and drying machines || Manufacture of commercial washing, laundry, centrifugal clothes driers, dry-cleaning and pressing machines || Wholesale of household, office and shop furniture, carpets and lighting equipment || Wholesale of household, office and shop furniture, carpets and lighting equipment, n.e.c. || Activities of tea shops",0.243744|0.195782|0.183610|0.181211|0.088653,0.243744,retrieval:candidates,REVIEW_CANDIDATES
osm,amenity=dentist | healthcare=dentist,20,0.0007043741635556807,psic,rev5,,,exact,,,category,dentist amenity dentist healthcare,,,86|869|8699|86910|8691,"Human Health Activities || Other human health activities || Other human health activities n.e.c. || Intermediation service activities for medical, dental, and other human health services || Intermediation service activities for medical, dental, and other human health services",0.112494|0.107508|0.100555|0.093751|0.093751,0.112494,retrieval:candidates,REVIEW_CANDIDATES
overture,airport,20,0.0007043741635556807,psic,rev5,,,exact,,,category,airport,,,49427|51|512|5120|511,Operation of airport shuttles || Air Transport || Freight air transport || Freight air transport || Passenger air transport,0.511587|0.106231|0.075877|0.075877|0.070640,0.511587,retrieval:candidates,REVIEW_CANDIDATES
overture,soup_restaurant,20,0.0007043741635556807,psic,rev5,,,exact,,,category,soup restaurant,,,56102|56103|5610|561|56109,"Fast-food restaurants operations, including quick service restaurant || Activities of buffet restaurants || Restaurants and mobile food service activities || Restaurants and mobile food service activities || Restaurants and mobile food service activities, n.e.c.",0.412070|0.222129|0.212069|0.212069|0.200321,0.412070,retrieval:candidates,REVIEW_CANDIDATES
overture,diner,20,0.0007043741635556807,psic,rev5,,,exact,,,category,diner,,,01441|28243|4659|28242|28,"Raising and breeding of sheep, including sheep shearing by the owner || Manufacture of other construction machinery || Wholesale of other machinery and equipment || Manufacture of other mining, quarrying and mineral-processing machinery || Manufacture of Machinery and Equipment n.e.c.",0.041666|0.041258|0.040902|0.039707|0.037533,0.041666,retrieval:candidates,REVIEW_CANDIDATES
overture,corporate_or_business_office,20,0.0007043741635556807,psic,rev5,,,exact,,,category,corporate or business office,,,82|829|8299|82990|74991,"Office Administrative, Office Support and Other Business Support Activities || Business support service activities n.e.c. || Other business support service activities n.e.c. || Other business support service activities n.e.c. || Business brokerage activities",0.419947|0.319009|0.291031|0.291031|0.287809,0.419947,retrieval:candidates,REVIEW_CANDIDATES
overture,library,20,0.0007043741635556807,psic,rev5,,,exact,,,category,library,,,91110|9111|911|91|90110,"Library activities || Library activities || Library and archive activities || Library, Archives, Museum and Other Cultural Activities || Literary creation and musical composition activities",0.765781|0.765781|0.523319|0.356829|0.054578,0.765781,retrieval:candidates,REVIEW_CANDIDATES
overture,eyewear_store,20,0.0007043741635556807,psic,rev5,,,exact,,,category,eyewear store,,,47736|47191|152|1520|52103,"Retail sale of eyewear and related supplies and accessories || Retail selling in department stores || Manufacture of footwear || Manufacture of footwear || Operation of cold storages, refrigerated warehouses or cool stores",0.404037|0.070364|0.069351|0.069351|0.068553,0.404037,retrieval:candidates,REVIEW_CANDIDATES
overture,advertising_agency,20,0.0007043741635556807,psic,rev5,,,exact,,,category,advertising agency,,,73101|7310|731|73109|32994,"Activities of advertising agency, except billboard and outdoor advertising activities || Advertising activities || Advertising activities || Advertising activities, n.e.c. || Manufacture of signs and advertising displays",0.575170|0.529195|0.529195|0.498281|0.298113,0.575170,retrieval:candidates,REVIEW_CANDIDATES
overture,contractor,20,0.0007043741635556807,psic,rev5,,,exact,,,category,contractor,,,461|4610|28211|46109|682,"Wholesale on a fee or contract basis || Wholesale on a fee or contract basis || Manufacture of farm tractors || Wholesale on a fee or contract basis, n.e.c. || Real estate activities on a fee or contract basis",0.158063|0.158063|0.149784|0.146478|0.137612,0.158063,retrieval:candidates,REVIEW_CANDIDATES
overture,animal_or_pet_service,20,0.0007043741635556807,psic,rev5,,,exact,,,category,animal or pet service,,,96902|014|4776|47761|01,"Pet care services || Animal production || Retail sale of pet and pet supplies || Retail sale of pet || Crop and Animal Production, Hunting and Related Service Activities",0.393895|0.381645|0.352775|0.345553|0.283298,0.393895,retrieval:candidates,REVIEW_CANDIDATES
overture,industrial_equipment_manufacturer,20,0.0007043741635556807,psic,rev5,,,exact,,,category,industrial equipment manufacturer,,,46592|33200|3320|332|74103,Wholesale of industrial machinery and equipment || Installation of industrial machinery and equipment || Installation of industrial machinery and equipment || Installation of industrial machinery and equipment || Industrial design activities,0.560311|0.514082|0.514082|0.514082|0.448976,0.560311,retrieval:candidates,REVIEW_CANDIDATES
osm,amenity=community_centre,19,0.0006691554553778967,psic,rev5,,,exact,,,category,community centre amenity,,,842|841|2630|263|26300,"Provision of services to the community as a whole || Administration of the State and the economic, social and environmental policies of the community || Manufacture of communication equipment || Manufacture of communication equipment || Manufacture of communication equipment",0.353055|0.237530|0.109536|0.109536|0.109536,0.353055,retrieval:candidates,REVIEW_CANDIDATES
osm,shop=doityourself,19,0.0006691554553778967,psic,rev5,,,exact,,,category,doityourself shop,,,4642|46429|56303|64960|6496,"Wholesale of household, office and shop furniture, carpets and lighting equipment || Wholesale of household, office and shop furniture, carpets and lighting equipment, n.e.c. || Activities of tea shops || Pawnshop operations || Pawnshop operations",0.244348|0.241513|0.104784|0.091553|0.091553,0.244348,retrieval:candidates,REVIEW_CANDIDATES
osm,leisure=sports_centre,19,0.0006691554553778967,psic,rev5,,,exact,,,category,sports centre leisure,,,931|9319|3230|323|93199,"Sports activities || Other sports activities || Manufacture of sports goods || Manufacture of sports goods || Other sports activities, n.e.c.",0.551357|0.443621|0.432784|0.432784|0.412472,0.551357,retrieval:candidates,REVIEW_CANDIDATES
osm,amenity=atm,19,0.0006691554553778967,psic,rev5,,,exact,,,category,atm amenity,,,86123|842|841|8019|80190,"Private maternity hospital activities || Provision of services to the community as a whole || Administration of the State and the economic, social and environmental policies of the community || Security activities n.e.c. || Security activities n.e.c.",0.083444|0.080383|0.050809|0.046986|0.046986,0.083444,retrieval:candidates,REVIEW_CANDIDATES
overture,department_store,19,0.0006691554553778967,psic,rev5,,,exact,,,category,department store,SUBTREE,47191,47191|55104|52103|47114|47113,"Retail selling in department stores || Operation of apartment hotels || Operation of cold storages, refrigerated warehouses or cool stores || Retail selling in convenience stores || Retail selling in sari-sari stores",0.541213|0.149387|0.064518|0.062955|0.059098,0.541213,retrieval:strong_separated_hit,REVIEW_REQUIRED
overture,outpatient_care_facility,19,0.0006691554553778967,psic,rev5,,,exact,,,category,outpatient care facility,,,87|879|8799|96902|871,Residential Care Activities || Other residential care activities || Other residential care activities n.e.c. || Pet care services || Residential nursing care activities,0.363068|0.309309|0.304510|0.301528|0.265254,0.363068,retrieval:candidates,REVIEW_CANDIDATES
overture,event_photography_service,19,0.0006691554553778967,psic,rev5,,,exact,,,category,event photography service,,,562|56210|5621|74201|74202,"Event catering and other food service activities || Event catering activities || Event catering activities || Activities of photo studios such as portrait photography and photograph and film processing || Events photography and videography, including for weddings, birthdays and conferences",0.334121|0.310206|0.310206|0.301259|0.294696,0.334121,retrieval:candidates,REVIEW_CANDIDATES
overture,martial_arts_club,19,0.0006691554553778967,psic,rev5,,,exact,,,category,martial arts club,,,90|901|903|9039|90390,Arts Creation and Performing Arts Activities || Arts creation activities || Support activities to arts creation and performing arts || Other support activities to arts creation and performing arts || Other support activities to arts creation and performing arts,0.400821|0.380894|0.357829|0.344150|0.344150,0.400821,retrieval:candidates,REVIEW_CANDIDATES
osm,shop=gift,18,0.0006339367472001127,psic,rev5,,,exact,,,category,gift shop,,,47192|4642|46429|56303|64960,"Retail sale of gift and novelty goods || Wholesale of household, office and shop furniture, carpets and lighting equipment || Wholesale of household, office and shop furniture, carpets and lighting equipment, n.e.c. || Activities of tea shops || Pawnshop operations",0.312801|0.193115|0.190258|0.105594|0.092260,0.312801,retrieval:candidates,REVIEW_CANDIDATES
osm,man_made=works,18,0.0006339367472001127,psic,rev5,,,exact,,,category,works man made,,,203|2030|20300|28261|7740,"Manufacture of man-made fibres || Manufacture of man-made fibres || Manufacture of man-made fibres || Manufacture of textile machinery, including machineries for man-made textile fibers or yarns || Leasing of intellectual property and similar products, except copyrighted works",0.410680|0.410680|0.410680|0.218381|0.176676,0.410680,retrieval:candidates,REVIEW_CANDIDATES
overture,agricultural_service,18,0.0006339367472001127,psic,rev5,,,exact,,,category,agricultural service,,,2821|46530|4653|28219|4620,"Manufacture of agricultural and forestry machinery || Wholesale of agricultural machinery, equipment and supplies || Wholesale of agricultural machinery, equipment and supplies || Manufacture of agricultural and forestry machinery and equipment, n.e.c. || Wholesale of agricultural raw materials and live animals",0.412015|0.377861|0.377861|0.361171|0.336934,0.412015,retrieval:candidates,REVIEW_CANDIDATES
overture,bus_station,18,0.0006339367472001127,psic,rev5,,,exact,,,category,bus station,,,11055|49201|49202|49203|52211,"Operation of water purifying and refilling station || Inter-regional bus transport operation || Intra-regional bus transport operation || Non-scheduled and chartered bus operation || Operation of terminal facilities such as bus terminals, jeepney terminals and tricycle terminals",0.270515|0.229511|0.225578|0.205660|0.130952,0.270515,retrieval:candidates,REVIEW_CANDIDATES
overture,italian_restaurant,18,0.0006339367472001127,psic,rev5,,,exact,,,category,italian restaurant,,,56102|56103|5610|561|56109,"Fast-food restaurants operations, including quick service restaurant || Activities of buffet restaurants || Restaurants and mobile food service activities || Restaurants and mobile food service activities || Restaurants and mobile food service activities, n.e.c.",0.391612|0.203262|0.194056|0.194056|0.183307,0.391612,retrieval:candidates,REVIEW_CANDIDATES
overture,theme_restaurant,18,0.0006339367472001127,psic,rev5,,,exact,,,category,theme restaurant,,,56102|93210|9321|56103|561,"Fast-food restaurants operations, including quick service restaurant || Activities of amusement parks and theme parks || Activities of amusement parks and theme parks || Activities of buffet restaurants || Restaurants and mobile food service activities",0.339368|0.241348|0.241348|0.198463|0.189475,0.339368,retrieval:candidates,REVIEW_CANDIDATES
overture,massage_therapy,18,0.0006339367472001127,psic,rev5,,,exact,,,category,massage therapy,,,26600|2660|266|01185|37,"Manufacture of irradiation, electromedical and electrotherapeutic equipment || Manufacture of irradiation, electromedical and electrotherapeutic equipment || Manufacture of irradiation, electromedical and electrotherapeutic equipment || Growing of cassava || Sewerage",0.054055|0.054055|0.054055|0.053901|0.042821,0.054055,retrieval:candidates,REVIEW_CANDIDATES
overture,shipping_center,18,0.0006339367472001127,psic,rev5,,,exact,,,category,shipping center,,,86223|32303|8220|822|82200,"Private dialysis center activities || Manufacture of gymnasium, fitness center or athletic equipment || Activities of call centers || Activities of call centers || Activities of call centers",0.366950|0.258467|0.141394|0.141394|0.141394,0.366950,retrieval:candidates,REVIEW_CANDIDATES
osm,shop=massage,17,0.0005987180390223287,psic,rev5,,,exact,,,category,massage shop,,,4642|46429|56303|64960|6496,"Wholesale of household, office and shop furniture, carpets and lighting equipment || Wholesale of household, office and shop furniture, carpets and lighting equipment, n.e.c. || Activities of tea shops || Pawnshop operations || Pawnshop operations",0.245285|0.242416|0.106044|0.092654|0.092654,0.245285,retrieval:candidates,REVIEW_CANDIDATES
overture,lounge,17,0.0005987180390223287,psic,rev5,,,exact,,,category,lounge,,,56301|66121|022|0220|10613,"Operation of nightclubs, bars and cocktail lounges || Foreign exchange dealing or money changing business operations || Logging || Logging || Cassava flour milling",0.148153|0.025728|0.018590|0.018590|0.017376,0.148153,retrieval:candidates,REVIEW_CANDIDATES
overture,nursery_and_gardening_store,17,0.0005987180390223287,psic,rev5,,,exact,,,category,nursery and gardening store,,,95222|9522|914|9141|91410,Repair and maintenance of home and garden equipment || Repair and maintenance of household appliances and home and garden equipment || Botanical and zoological garden and nature reserve activities || Botanical and zoological garden activities || Botanical and zoological garden activities,0.186950|0.168704|0.155133|0.149439|0.149439,0.186950,retrieval:candidates,REVIEW_CANDIDATES
overture,bookstore,17,0.0005987180390223287,psic,rev5,,,exact,,,category,bookstore,,,58110|5811|47742|46496|47610,"Publishing of books || Publishing of books || Retail sale of second-hand books || Wholesale of stationery, books, magazines and newspapers || Retail sale of books, newspapers, stationery and other office and school supplies",0.176818|0.176818|0.136015|0.093823|0.090162,0.176818,retrieval:candidates,REVIEW_CANDIDATES
overture,hair_salon,17,0.0005987180390223287,psic,rev5,,,exact,,,category,hair salon,,,9621|96211|962|13943|32930,"Hairdressing and barber activities || Hairdressing activities, other than barber activities || Hairdressing, beauty treatment, day spa and similar activities || Manufacture of fishing nets and other nettings, except mosquito nets and hairnets || Manufacture of hairpieces and similar articles such as wigs, false beards and eyelashes",0.093907|0.078970|0.065046|0.057043|0.054993,0.093907,retrieval:candidates,REVIEW_CANDIDATES
overture,tour_operator,17,0.0005987180390223287,psic,rev5,,,exact,,,category,tour operator,,,7912|79120|791|79|50113,"Tour operator activities || Tour operator activities || Travel agency and tour operator activities || Travel Agency, Tour Operator, and Other Travel Related Activities || Renting of ship, with operator",0.868839|0.868839|0.587774|0.437065|0.248034,0.868839,retrieval:candidates,REVIEW_CANDIDATES
overture,private_school,17,0.0005987180390223287,psic,rev5,,,exact,,,category,private school,,,8553|85530|85104|85102|80111,Driving school activities || Driving school activities || Private pre-primary or pre-school education for children with special needs || Private pre-primary or pre-school education for children without special needs || Private security activities,0.416164|0.416164|0.333148|0.327886|0.302942,0.416164,retrieval:candidates,REVIEW_CANDIDATES
overture,sport_league,17,0.0005987180390223287,psic,rev5,,,exact,,,category,sport league,,,47811|931|9319|323|3230,"Retail sale of passenger motor vehicles including sedans, sport utility vehicles and passenger vans || Sports activities || Other sports activities || Manufacture of sports goods || Manufacture of sports goods",0.192648|0.127399|0.114934|0.099305|0.099305,0.192648,retrieval:candidates,REVIEW_CANDIDATES
osm,shop=trade,16,0.0005634993308445447,psic,rev5,,,exact,,,category,trade shop,,,47|46|94200|9420|942,Retail Trade || Wholesale Trade || Activities of trade unions || Activities of trade unions || Activities of trade unions,0.420302|0.408494|0.302414|0.302414|0.302414,0.420302,retrieval:candidates,REVIEW_CANDIDATES
osm,tourism=museum,16,0.0005634993308445447,psic,rev5,,,exact,,,category,museum tourism,,,9121|91210|91|912|55201,"Museum and collection activities || Museum and collection activities || Library, Archives, Museum and Other Cultural Activities || Museum, collection, historical site and monument activities || Operation of tourist inns",0.465785|0.465785|0.312722|0.273130|0.152074,0.465785,retrieval:candidates,REVIEW_CANDIDATES
osm,shop=computer,16,0.0005634993308445447,psic,rev5,,,exact,,,category,computer shop,,,62200|6220|622|621|62190,Computer consultancy and computer facilities management activities || Computer consultancy and computer facilities management activities || Computer consultancy and computer facilities management activities || Computer programming activities || Other computer programming activities,0.341957|0.341957|0.341957|0.325288|0.298287,0.341957,retrieval:candidates,REVIEW_CANDIDATES
osm,amenity=studio,16,0.0005634993308445447,psic,rev5,,,exact,,,category,studio amenity,,,74201|6010|601|60100|47406,"Activities of photo studios such as portrait photography and photograph and film processing || Radio broadcasting and audio distribution activities || Radio broadcasting and audio distribution activities || Radio broadcasting and audio distribution activities || Retail sale of audio and video equipment, including parts and accessories",0.089221|0.071904|0.071904|0.071904|0.057230,0.089221,retrieval:candidates,REVIEW_CANDIDATES
overture,medical_service_organization,16,0.0005634993308445447,psic,rev5,,,exact,,,category,medical service organization,,,8230|82300|823|86991|86910,"Organization of conventions and trade shows || Organization of conventions and trade shows || Organization of conventions and trade shows || Medical and diagnostic laboratory service activities || Intermediation service activities for medical, dental, and other human health services",0.305109|0.305109|0.305109|0.257583|0.250812,0.305109,retrieval:candidates,REVIEW_CANDIDATES
overture,agriculture,16,0.0005634993308445447,psic,rev5,,,exact,,,category,agriculture,,,A|016|2821|28219|46530,"Agriculture, Forestry and Fishing || Support activities to agriculture and post-harvest crop activities || Manufacture of agricultural and forestry machinery || Manufacture of agricultural and forestry machinery and equipment, n.e.c. || Wholesale of agricultural machinery, equipment and supplies",0.505701|0.365642|0.232462|0.200742|0.198926,0.505701,retrieval:candidates,REVIEW_CANDIDATES
overture,public_school,16,0.0005634993308445447,psic,rev5,,,exact,,,category,public school,,,8553|85530|85103|85101|7330,Driving school activities || Driving school activities || Public pre-primary or pre-school education for children with special needs || Public pre-primary or pre-school education for children without special needs || Public relations activities,0.415320|0.415320|0.322816|0.317768|0.290776,0.415320,retrieval:candidates,REVIEW_CANDIDATES
overture,sportswear_store,16,0.0005634993308445447,psic,rev5,,,exact,,,category,sportswear store,,,931|9319|3230|323|15204,Sports activities || Other sports activities || Manufacture of sports goods || Manufacture of sports goods || Manufacture of sports and athletic footwear,0.156298|0.141005|0.124372|0.124372|0.122395,0.156298,retrieval:candidates,REVIEW_CANDIDATES
overture,b2b_energy_and_utility_service,16,0.0005634993308445447,psic,rev5,,,exact,,,category,b2b energy and utility service,,,11051|4220|422|42209|42203,"Manufacture of sports and energy drink || Construction of utility projects || Construction of utility projects || Construction of utility projects, n.e.c. || Construction of gas and energy pipelines",0.331391|0.310636|0.310636|0.300843|0.293756,0.331391,retrieval:candidates,REVIEW_CANDIDATES
osm,shop=furniture,15,0.0005282806226667606,psic,rev5,,,exact,,,category,furniture shop,,,310|31|3102|4642|31023,"Manufacture of furniture || Manufacture of Furniture || Manufacture of other furniture || Wholesale of household, office and shop furniture, carpets and lighting equipment || Manufacture of metal furniture",0.467116|0.467116|0.419274|0.387259|0.383571,0.467116,retrieval:candidates,REVIEW_CANDIDATES
osm,shop=hairdresser,15,0.0005282806226667606,psic,rev5,,,exact,,,category,hairdresser shop,,,4642|46429|9621|96211|962,"Wholesale of household, office and shop furniture, carpets and lighting equipment || Wholesale of household, office and shop furniture, carpets and lighting equipment, n.e.c. || Hairdressing and barber activities || Hairdressing activities, other than barber activities || Hairdressing, beauty treatment, day spa and similar activities",0.229782|0.227477|0.217773|0.184026|0.149786,0.229782,retrieval:candidates,REVIEW_CANDIDATES
osm,shop=variety_store,15,0.0005282806226667606,psic,rev5,,,exact,,,category,variety store shop,,,4642|46429|56303|6496|64960,"Wholesale of household, office and shop furniture, carpets and lighting equipment || Wholesale of household, office and shop furniture, carpets and lighting equipment, n.e.c. || Activities of tea shops || Pawnshop operations || Pawnshop operations",0.234972|0.232478|0.092178|0.080539|0.080539,0.234972,retrieval:candidates,REVIEW_CANDIDATES
osm,office=association,15,0.0005282806226667606,psic,rev5,,,exact,,,category,association office,,,82|821|8210|82109|22205,"Office Administrative, Office Support and Other Business Support Activities || Office administrative and support activities || Office administrative and support activities || Office administrative and support activities, n.e.c. || Manufacture of office or school supplies made of plastic",0.357728|0.315581|0.315581|0.309291|0.244127,0.357728,retrieval:candidates,REVIEW_CANDIDATES
osm,shop=shoes,15,0.0005282806226667606,psic,rev5,,,exact,,,category,shoes shop,,,15201|4642|46429|56303|6496,"Manufacture of formal footwear such as dress shoes, school shoes and office shoes || Wholesale of household, office and shop furniture, carpets and lighting equipment || Wholesale of household, office and shop furniture, carpets and lighting equipment, n.e.c. || Activities of tea shops || Pawnshop operations",0.425795|0.201757|0.198586|0.129383|0.094835,0.425795,retrieval:candidates,REVIEW_CANDIDATES
overture,nail_salon,15,0.0005282806226667606,psic,rev5,,,exact,,,category,nail salon,,,25992|47217|4721|47761|4751,"Manufacture of wire nails, not in steel rolling || Retail sale of salt || Retail sale of food || Retail sale of pet || Retail sale of textiles",0.104140|0.072339|0.060183|0.059153|0.047521,0.104140,retrieval:candidates,REVIEW_CANDIDATES
overture,religious_school,15,0.0005282806226667606,psic,rev5,,,exact,,,category,religious school,,,47732|9491|94910|8553|85530,Retail sale of religious articles || Activities of religious organizations || Activities of religious organizations || Driving school activities || Driving school activities,0.439376|0.437416|0.437416|0.337798|0.337798,0.439376,retrieval:candidates,REVIEW_CANDIDATES
overture,optometry,15,0.0005282806226667606,psic,rev5,,,exact,,,category,optometry,,,86224|26513|2731|27310|43303,Private optometry and ophthalmology clinic activities || Manufacture of temperature measuring and controlling hygrometric instruments || Manufacture of fiber optic cables || Manufacture of fiber optic cables || Carpentry activities,0.422549|0.042706|0.028340|0.028340|0.026657,0.422549,retrieval:candidates,REVIEW_CANDIDATES
overture,appliance_store,15,0.0005282806226667606,psic,rev5,,,exact,,,category,appliance store,,,27902|2750|275|47593|95221,"Manufacture of appliance cords, extension cords and other electrical cords || Manufacture of domestic appliances || Manufacture of domestic appliances || Retail sale of household appliances || Repair and maintenance of household appliances",0.283488|0.195061|0.195061|0.190315|0.183373,0.283488,retrieval:candidates,REVIEW_CANDIDATES
overture,language_school,15,0.0005282806226667606,psic,rev5,,,exact,,,category,language school,,,8553|85530|22205|47610|4761,"Driving school activities || Driving school activities || Manufacture of office or school supplies made of plastic || Retail sale of books, newspapers, stationery and other office and school supplies || Retail sale of books, newspapers, stationery and other office and school supplies",0.474881|0.474881|0.314434|0.253562|0.253562,0.474881,retrieval:candidates,REVIEW_CANDIDATES
overture,caterer,15,0.0005282806226667606,psic,rev5,,,exact,,,category,caterer,,,56210|5621|562|03226|49423,"Event catering activities || Event catering activities || Event catering and other food service activities || Culturing of catfish || Activities of chartered vehicle, with driver",0.172694|0.172694|0.142938|0.044147|0.043508,0.172694,retrieval:candidates,REVIEW_CANDIDATES
overture,water_utility_provider,15,0.0005282806226667606,psic,rev5,,,exact,,,category,water utility provider,,,4220|422|42209|49425|50,"Construction of utility projects || Construction of utility projects || Construction of utility projects, n.e.c. || Utility vehicle express operations || Water Transport",0.366792|0.366792|0.356274|0.316523|0.295886,0.366792,retrieval:candidates,REVIEW_CANDIDATES
overture,legal_service,15,0.0005282806226667606,psic,rev5,,,exact,,,category,legal service,,,6910|69100|691|69|T,Legal activities || Legal activities || Legal activities || Legal and Accounting Activities || Other Service Activities,0.649959|0.649959|0.649959|0.416159|0.263837,0.649959,retrieval:candidates,REVIEW_CANDIDATES
osm,amenity=clinic,14,0.0004930619144889766,psic,rev5,,,exact,,,category,clinic amenity,,,86222|86226|86225|86224|86123,Private pediatric clinic activities || Private dermatology clinic activities || Private obstetrics and gynecology clinic activities || Private optometry and ophthalmology clinic activities || Private maternity hospital activities,0.402697|0.384725|0.305911|0.302058|0.058537,0.402697,retrieval:candidates,REVIEW_CANDIDATES
osm,amenity=doctors,14,0.0004930619144889766,psic,rev5,,,exact,,,category,doctors amenity,,,28211|90202|86123|842|29102,"Manufacture of farm tractors || Activities of performing artists, such as actors, dancers, conductors and vloggers || Private maternity hospital activities || Provision of services to the community as a whole || Manufacture of commercial vehicles such as vans, lorries, road tractors for semi-trailers",0.111381|0.079738|0.064098|0.061747|0.055897,0.111381,retrieval:candidates,REVIEW_CANDIDATES
osm,tourism=information,14,0.0004930619144889766,psic,rev5,,,exact,,,category,information tourism,,,474|4740|47409|629|62900,"Retail sale of information and communication equipment || Retail sale of information and communication equipment || Retail sale of information and communication equipment, n.e.c || Other information technology and computer service activities || Other information technology and computer service activities",0.382296|0.382296|0.366930|0.339356|0.339356,0.382296,retrieval:candidates,REVIEW_CANDIDATES
osm,shop=tyres,14,0.0004930619144889766,psic,rev5,,,exact,,,category,tyres shop,,,4642|46429|56303|64960|6496,"Wholesale of household, office and shop furniture, carpets and lighting equipment || Wholesale of household, office and shop furniture, carpets and lighting equipment, n.e.c. || Activities of tea shops || Pawnshop operations || Pawnshop operations",0.281746|0.277551|0.157242|0.135482|0.135482,0.281746,retrieval:candidates,REVIEW_CANDIDATES
osm,shop=ticket,14,0.0004930619144889766,psic,rev5,,,exact,,,category,ticket shop,,,4642|46429|92001|52322|56303,"Wholesale of household, office and shop furniture, carpets and lighting equipment || Wholesale of household, office and shop furniture, carpets and lighting equipment, n.e.c. || Sale of lottery tickets || Ticketing and seat reservation for passenger transportation || Activities of tea shops",0.241658|0.238921|0.168415|0.115907|0.101168,0.241658,retrieval:candidates,REVIEW_CANDIDATES
osm,amenity=shelter,14,0.0004930619144889766,psic,rev5,,,exact,,,category,shelter amenity,,,03224|03214|86123|842|20222,"Culturing of shellfish in freshwater || Culturing of shellfish in marine or brackish water || Private maternity hospital activities || Provision of services to the community as a whole || Manufacture of varnishes, lacquers, shellac and stains",0.076787|0.067028|0.064477|0.059382|0.058502,0.076787,retrieval:candidates,REVIEW_CANDIDATES
overture,basketball_court,14,0.0004930619144889766,psic,rev5,,,exact,,,category,basketball court,,,93112|32962|3296|32961|5320,"Operation of courts for basketball, volleyball, badminton, tennis and pickleball || Manufacture of metal caskets || Manufacture of burial caskets || Manufacture of wooden caskets || Courier activities",0.349135|0.075383|0.067744|0.067449|0.062053,0.349135,retrieval:candidates,REVIEW_CANDIDATES
overture,fashion_and_apparel_store,14,0.0004930619144889766,psic,rev5,,,exact,,,category,fashion and apparel store,SUBTREE,74101,74101|1410|141|14|14109,"Fashion design activities || Manufacture of wearing apparel, except fur apparel || Manufacture of wearing apparel, except fur apparel || Manufacture of Wearing Apparel || Manufacture of wearing apparel, except fur apparel, n.e.c.",0.462319|0.302219|0.302219|0.291673|0.272041,0.462319,retrieval:strong_separated_hit,REVIEW_REQUIRED
overture,home_cleaning,14,0.0004930619144889766,psic,rev5,,,exact,,,category,home cleaning,,,812|8129|81299|20232|81210,"Cleaning activities || Other cleaning activities || Other cleaning activities, n.e.c. || Manufacture of other cleaning products || General cleaning of buildings",0.529823|0.455637|0.421277|0.395429|0.334708,0.529823,retrieval:candidates,REVIEW_CANDIDATES
overture,breakfast_and_brunch_restaurant,14,0.0004930619144889766,psic,rev5,,,exact,,,category,breakfast and brunch restaurant,,,10615|56102|5610|561|56103,"Manufacture of cereal breakfast foods || Fast-food restaurants operations, including quick service restaurant || Restaurants and mobile food service activities || Restaurants and mobile food service activities || Activities of buffet restaurants",0.389329|0.295979|0.154680|0.154680|0.150578,0.389329,retrieval:candidates,REVIEW_CANDIDATES
overture,arts_crafts_and_hobby_store,14,0.0004930619144889766,psic,rev5,,,exact,,,category,arts crafts and hobby store,,,90|901|903|9039|90390,Arts Creation and Performing Arts Activities || Arts creation activities || Support activities to arts creation and performing arts || Other support activities to arts creation and performing arts || Other support activities to arts creation and performing arts,0.405203|0.371373|0.361757|0.347945|0.347945,0.405203,retrieval:candidates,REVIEW_CANDIDATES
overture,party_supply_store,14,0.0004930619144889766,psic,rev5,,,exact,,,category,party supply store,,,3530|35300|353|36|360,"Steam and air conditioning supply || Steam and air conditioning supply || Steam and air conditioning supply || Water Collection, Treatment and Supply || Water collection, treatment and supply",0.338844|0.338844|0.338844|0.330705|0.330705,0.338844,retrieval:candidates,REVIEW_CANDIDATES
overture,engineering_service,14,0.0004930619144889766,psic,rev5,,,exact,,,category,engineering service,,,42|71102|71104|42900|4290,Civil Engineering || Environmental engineering activities || Other engineering design and consulting activities || Construction of other civil engineering projects || Construction of other civil engineering projects,0.531091|0.425832|0.353148|0.349131|0.349131,0.531091,retrieval:candidates,REVIEW_CANDIDATES
overture,skin_care_and_makeup,14,0.0004930619144889766,psic,rev5,,,exact,,,category,skin care and makeup,,,96220|9622|87|96902|879,Beauty care and other beauty treatment activities || Beauty care and other beauty treatment activities || Residential Care Activities || Pet care services || Other residential care activities,0.309670|0.309670|0.266572|0.245739|0.232881,0.309670,retrieval:candidates,REVIEW_CANDIDATES
overture,bridal_shop,14,0.0004930619144889766,psic,rev5,,,exact,,,category,bridal shop,,,4642|46429|56303|64960|6496,"Wholesale of household, office and shop furniture, carpets and lighting equipment || Wholesale of household, office and shop furniture, carpets and lighting equipment, n.e.c. || Activities of tea shops || Pawnshop operations || Pawnshop operations",0.251061|0.247982|0.113809|0.099438|0.099438,0.251061,retrieval:candidates,REVIEW_CANDIDATES
overture,mountain,14,0.0004930619144889766,psic,rev5,,,exact,,,category,mountain,,,93193|1623|16230|25120|2512,"Mountain guides activities || Manufacture of wooden containers || Manufacture of wooden containers || Manufacture of tanks, reservoirs and containers of metal || Manufacture of tanks, reservoirs and containers of metal",0.597750|0.060707|0.060707|0.043290|0.043290,0.597750,retrieval:candidates,REVIEW_CANDIDATES
overture,stadium_arena,13,0.0004578432063111925,psic,rev5,,,exact,,,category,stadium arena,,,07210|0721|96304|10620|1062,"Mining of uranium and thorium ores || Mining of uranium and thorium ores || Operation of columbarium || Manufacture of starches and starch products, including corn oil || Manufacture of starches and starch products, including corn oil",0.096889|0.096889|0.064023|0.043798|0.043798,0.096889,retrieval:candidates,REVIEW_CANDIDATES
overture,general_dentistry,13,0.0004578432063111925,psic,rev5,,,exact,,,category,general dentistry,,,8531|85319|8411|86111|84119,"General secondary education || General secondary education, n.e.c. || General public administration activities || Public general hospital activities || General public administration activities, n.e.c.",0.402621|0.389917|0.357649|0.349146|0.348117,0.402621,retrieval:candidates,REVIEW_CANDIDATES
overture,t_shirt_printing_service,13,0.0004578432063111925,psic,rev5,,,exact,,,category,t shirt printing service,,,1811|18110|181|1812|20225,Printing || Printing || Printing and service activities related to printing || Service activities related to printing || Manufacture of printing ink,0.810927|0.810927|0.606826|0.531857|0.439797,0.810927,retrieval:candidates,REVIEW_CANDIDATES
overture,food_and_beverage_store,13,0.0004578432063111925,psic,rev5,,,exact,,,category,food and beverage store,SUBTREE,56,56|5640|56400|564|4631,Food and Beverage Service Activities || Intermediation service activities for food and beverage services activities || Intermediation service activities for food and beverage services activities || Intermediation service activities for food and beverage services activities || Wholesale of food and beverages,0.746281|0.539183|0.539183|0.539183|0.464279,0.746281,retrieval:strong_separated_hit,REVIEW_REQUIRED
overture,glass_and_mirror_sales_service,13,0.0004578432063111925,psic,rev5,,,exact,,,category,glass and mirror sales service,SUBTREE,47522,47522|2310|231|23109|43304,"Retail sale of flat glass and mirror || Manufacture of glass and glass products || Manufacture of glass and glass products || Manufacture of glass and glass products, n.e.c. || Installation of glass, mirrors and the like",0.709557|0.432205|0.432205|0.419376|0.257217,0.709557,retrieval:strong_separated_hit,REVIEW_REQUIRED
osm,amenity=university,12,0.00042262449813340846,psic,rev5,,,exact,,,category,university amenity,,,64121|842|86123|80190|8019,"Universal banking, including specialized government banking || Provision of services to the community as a whole || Private maternity hospital activities || Security activities n.e.c. || Security activities n.e.c.",0.104902|0.061293|0.058051|0.043982|0.043982,0.104902,retrieval:candidates,REVIEW_CANDIDATES
osm,leisure=fitness_centre,12,0.00042262449813340846,psic,rev5,,,exact,,,category,fitness centre leisure,SUBTREE,93111,93111|32303|6411|64110|8220,"Operation of fitness centers || Manufacture of gymnasium, fitness center or athletic equipment || Central banking || Central banking || Activities of call centers",0.542655|0.341962|0.097044|0.097044|0.064435,0.542655,retrieval:strong_separated_hit,REVIEW_REQUIRED
osm,amenity=car_wash,12,0.00042262449813340846,psic,rev5,,,exact,,,category,car wash amenity,,,29101|96904|86123|9610|961,"Manufacture of passenger cars such as sedan and sports car || Shoe shiner, porter, valet car parker and other related activities || Private maternity hospital activities || Washing and cleaning of textile and fur products || Washing and cleaning of textile and fur products",0.231168|0.193607|0.061990|0.061444|0.061444,0.231168,retrieval:candidates,REVIEW_CANDIDATES
osm,amenity=childcare,12,0.00042262449813340846,psic,rev5,,,exact,,,category,childcare amenity,,,87992|86992|96902|86123|842,Residential care activities for children other than for orphans || Childbirth and related service activities || Pet care services || Private maternity hospital activities || Provision of services to the community as a whole,0.095072|0.076646|0.069732|0.064220|0.061864,0.095072,retrieval:candidates,REVIEW_CANDIDATES
osm,tourism=apartment,12,0.00042262449813340846,psic,rev5,,,exact,,,category,apartment tourism,SUBTREE,55104,55104|55201|47191|79901|96906,"Operation of apartment hotels || Operation of tourist inns || Retail selling in department stores || Activities of independent tourist guides || Social escort service activities, excluding tourist guides",0.519736|0.134379|0.131323|0.105522|0.088341,0.519736,retrieval:strong_separated_hit,REVIEW_REQUIRED
overture,sport_or_fitness_facility,12,0.00042262449813340846,psic,rev5,,,exact,,,category,sport or fitness facility,,,93111|32303|9311|47811|93119,"Operation of fitness centers || Manufacture of gymnasium, fitness center or athletic equipment || Operation of sports facilities || Retail sale of passenger motor vehicles including sedans, sport utility vehicles and passenger vans || Operation of sports facilities, n.e.c.",0.371540|0.267682|0.169775|0.164798|0.153819,0.371540,retrieval:candidates,REVIEW_CANDIDATES
overture,pawn_shop,12,0.00042262449813340846,psic,rev5,,,exact,,,category,pawn shop,,,4642|46429|6496|64960|56303,"Wholesale of household, office and shop furniture, carpets and lighting equipment || Wholesale of household, office and shop furniture, carpets and lighting equipment, n.e.c. || Pawnshop operations || Pawnshop operations || Activities of tea shops",0.250979|0.247903|0.211392|0.211392|0.113698,0.250979,retrieval:candidates,REVIEW_CANDIDATES
overture,property_management,12,0.00042262449813340846,psic,rev5,,,exact,,,category,property management,,,663|6630|66300|84115|681,Fund management activities || Fund management activities || Fund management activities || Public finance management || Real estate activities with own or leased property,0.385950|0.385950|0.385950|0.334250|0.276957,0.385950,retrieval:candidates,REVIEW_CANDIDATES
overture,driving_school,12,0.00042262449813340846,psic,rev5,,,exact,,,category,driving school,,,8553|85530|22205|2814|28140,"Driving school activities || Driving school activities || Manufacture of office or school supplies made of plastic || Manufacture of bearings, gears, gearing and driving elements || Manufacture of bearings, gears, gearing and driving elements",0.879219|0.879219|0.222924|0.208669|0.208669,0.879219,retrieval:candidates,REVIEW_CANDIDATES
overture,broadcasting_media_production,12,0.00042262449813340846,psic,rev5,,,exact,,,category,broadcasting media production,,,J|60100|601|6010|6020,"Publishing, Broadcasting, and Content Production and Distribution Activities || Radio broadcasting and audio distribution activities || Radio broadcasting and audio distribution activities || Radio broadcasting and audio distribution activities || Television programming, broadcasting and video distribution activities",0.376827|0.312233|0.312233|0.312233|0.288115,0.376827,retrieval:candidates,REVIEW_CANDIDATES
overture,home_goods_store,12,0.00042262449813340846,psic,rev5,,,exact,,,category,home goods store,,,323|3230|95222|9524|464,Manufacture of sports goods || Manufacture of sports goods || Repair and maintenance of home and garden equipment || Repair and maintenance of furniture and home furnishings || Wholesale of household goods,0.264075|0.264075|0.245555|0.239708|0.238303,0.264075,retrieval:candidates,REVIEW_CANDIDATES
overture,internet_service_provider,12,0.00042262449813340846,psic,rev5,,,exact,,,category,internet service provider,,,61102|61202|T|96|964,"Operation of fiber, broadband and satellite internet services || Provision of internet access in facilities open to the public || Other Service Activities || Personal Service Activities || Intermediation service activities for personal services",0.310299|0.308470|0.213065|0.180496|0.179063,0.310299,retrieval:candidates,REVIEW_CANDIDATES
overture,rental_service,12,0.00042262449813340846,psic,rev5,,,exact,,,category,rental service,,,77|T|77100|771|7710,Rental and Leasing Activities || Other Service Activities || Rental and leasing of motor vehicles || Rental and leasing of motor vehicles || Rental and leasing of motor vehicles,0.368507|0.321953|0.304961|0.304961|0.304961,0.368507,retrieval:candidates,REVIEW_CANDIDATES
osm,shop=sports,11,0.0003874057899556244,psic,rev5,,,exact,,,category,sports shop,,,931|9319|3230|323|93199,"Sports activities || Other sports activities || Manufacture of sports goods || Manufacture of sports goods || Other sports activities, n.e.c.",0.425610|0.352509|0.327846|0.327846|0.317928,0.425610,retrieval:candidates,REVIEW_CANDIDATES
osm,leisure=garden,11,0.0003874057899556244,psic,rev5,,,exact,,,category,garden leisure,,,9141|91410|95222|914|9522,Botanical and zoological garden activities || Botanical and zoological garden activities || Repair and maintenance of home and garden equipment || Botanical and zoological garden and nature reserve activities || Repair and maintenance of household appliances and home and garden equipment,0.377390|0.377390|0.368128|0.304688|0.300158,0.377390,retrieval:candidates,REVIEW_CANDIDATES
osm,shop=pet,11,0.0003874057899556244,psic,rev5,,,exact,,,category,pet shop,,,4776|47761|96902|47762|4642,"Retail sale of pet and pet supplies || Retail sale of pet || Pet care services || Retail sale of pet supplies || Wholesale of household, office and shop furniture, carpets and lighting equipment",0.384184|0.376768|0.322295|0.294786|0.226625,0.384184,retrieval:candidates,REVIEW_CANDIDATES
osm,man_made=tower,11,0.0003874057899556244,psic,rev5,,,exact,,,category,tower man made,,,203|20300|2030|28261|22205,"Manufacture of man-made fibres || Manufacture of man-made fibres || Manufacture of man-made fibres || Manufacture of textile machinery, including machineries for man-made textile fibers or yarns || Manufacture of office or school supplies made of plastic",0.471026|0.471026|0.471026|0.250201|0.150038,0.471026,retrieval:candidates,REVIEW_CANDIDATES
overture,museum,11,0.0003874057899556244,psic,rev5,,,exact,,,category,museum,,,9121|91210|91|912|3220,"Museum and collection activities || Museum and collection activities || Library, Archives, Museum and Other Cultural Activities || Museum, collection, historical site and monument activities || Manufacture of musical instruments",0.534732|0.534732|0.357612|0.306659|0.040767,0.534732,retrieval:candidates,REVIEW_CANDIDATES
overture,pediatric_clinic,11,0.0003874057899556244,psic,rev5,,,exact,,,category,pediatric clinic,SUBTREE,86222,86222|86226|86225|86224|2732,Private pediatric clinic activities || Private dermatology clinic activities || Private obstetrics and gynecology clinic activities || Private optometry and ophthalmology clinic activities || Manufacture of other electronic and electric wires and cables,0.787918|0.245316|0.204400|0.192279|0.040064,0.787918,retrieval:strong_separated_hit,REVIEW_REQUIRED
overture,day_care_preschool,11,0.0003874057899556244,psic,rev5,,,exact,,,category,day care preschool,,,87|96902|879|8799|9623,"Residential Care Activities || Pet care services || Other residential care activities || Other residential care activities n.e.c. || Day spa, sauna and steam bath activities",0.248281|0.215341|0.214536|0.209765|0.208888,0.248281,retrieval:candidates,REVIEW_CANDIDATES
overture,bridge,11,0.0003874057899556244,psic,rev5,,,exact,,,category,bridge,NOT_ACTIVITY,,,,,,rule:high_precision_non_activity,REVIEW_REQUIRED
overture,pharmaceutical_company,11,0.0003874057899556244,psic,rev5,,,exact,,,category,pharmaceutical company,,,21|46430|4643|64953|64952,Manufacture of Basic Pharmaceutical Products and Pharmaceutical Preparations || Wholesale of pharmaceutical and medical goods || Wholesale of pharmaceutical and medical goods || Financing company operation || Lending company operation,0.453953|0.384690|0.384690|0.366938|0.361470,0.453953,retrieval:candidates,REVIEW_CANDIDATES
overture,physical_therapy,11,0.0003874057899556244,psic,rev5,,,exact,,,category,physical therapy,,,46493|47692|47403|873|87300,Wholesale of recorded audio and video in physical media || Retail sale of music and video recordings in physical media || Retail sale of non-customized software on physical media || Residential care activities for older persons or persons with physical disabilities || Residential care activities for older persons or persons with physical disabilities,0.314935|0.312813|0.297259|0.268804|0.268804,0.314935,retrieval:candidates,REVIEW_CANDIDATES
overture,fashion_accessories_store,11,0.0003874057899556244,psic,rev5,,,exact,,,category,fashion accessories store,SUBTREE,74101,74101|2930|293|4662|46632,Fashion design activities || Manufacture of parts and accessories for motor vehicles || Manufacture of parts and accessories for motor vehicles || Wholesale of motor vehicle parts and accessories || Wholesale of motorcycle parts and accessories,0.471778|0.240388|0.240388|0.240121|0.238753,0.471778,retrieval:strong_separated_hit,REVIEW_REQUIRED
overture,telecommunications_company,11,0.0003874057899556244,psic,rev5,,,exact,,,category,telecommunications company,SUBTREE,61,61|64953|64952|4652|46529,"Telecommunications || Financing company operation || Lending company operation || Wholesale of electronic and telecommunications equipment and parts || Wholesale of electronic and telecommunications equipment and parts, n.e.c.",0.732904|0.373654|0.368684|0.345345|0.333641,0.732904,retrieval:strong_separated_hit,REVIEW_REQUIRED
overture,hostel,11,0.0003874057899556244,psic,rev5,,,exact,,,category,hostel,,,55202|631|6310|63100|63,"Operation of hostels || Computing infrastructure, data processing, hosting and related activities || Computing infrastructure, data processing, hosting and related activities || Computing infrastructure, data processing, hosting and related activities || Computing Infrastructure, Data Processing, Hosting, and Other Information Service Activities",0.276033|0.058002|0.058002|0.058002|0.051881,0.276033,retrieval:candidates,REVIEW_CANDIDATES
overture,cupcake_shop,11,0.0003874057899556244,psic,rev5,,,exact,,,category,cupcake shop,,,4642|46429|56303|64960|6496,"Wholesale of household, office and shop furniture, carpets and lighting equipment || Wholesale of household, office and shop furniture, carpets and lighting equipment, n.e.c. || Activities of tea shops || Pawnshop operations || Pawnshop operations",0.254508|0.251303|0.118443|0.103487|0.103487,0.254508,retrieval:candidates,REVIEW_CANDIDATES
overture,art_gallery,11,0.0003874057899556244,psic,rev5,,,exact,,,category,art gallery,,,47693|3211|32120|3212|321,"Retail sale of paintings and art supplies || Manufacture of jewellery and related articles || Manufacture of imitation jewellery and related articles || Manufacture of imitation jewellery and related articles || Manufacture of jewellery, bijouterie and related articles",0.292679|0.122017|0.104434|0.104434|0.070388,0.292679,retrieval:candidates,REVIEW_CANDIDATES
overture,dance_studio,11,0.0003874057899556244,psic,rev5,,,exact,,,category,dance studio,,,93291|74201|601|6010|60100,"Operation of dance floors, ballrooms and discotheques || Activities of photo studios such as portrait photography and photograph and film processing || Radio broadcasting and audio distribution activities || Radio broadcasting and audio distribution activities || Radio broadcasting and audio distribution activities",0.265273|0.088298|0.071160|0.071160|0.071160,0.265273,retrieval:candidates,REVIEW_CANDIDATES
overture,obstetrics_and_gynecology,11,0.0003874057899556244,psic,rev5,,,exact,,,category,obstetrics and gynecology,SUBTREE,86225,86225|6290|629|62900|77304,Private obstetrics and gynecology clinic activities || Other information technology and computer service activities || Other information technology and computer service activities || Other information technology and computer service activities || Rental and leasing of office and information and communication technology machinery and equipment,0.761385|0.057627|0.057627|0.057627|0.052939,0.761385,retrieval:strong_separated_hit,REVIEW_REQUIRED
overture,accountant,11,0.0003874057899556244,psic,rev5,,,exact,,,category,accountant,,,69|6433|64339|6920|69200,"Legal and Accounting Activities || Activities of trust, estate and agency accounts || Activities of trust, estate and agency accounts, n.e.c. || Accounting, bookkeeping and auditing activities; tax consultancy || Accounting, bookkeeping and auditing activities; tax consultancy",0.174802|0.133498|0.126893|0.103932|0.103932,0.174802,retrieval:candidates,REVIEW_CANDIDATES
overture,beach_resort,11,0.0003874057899556244,psic,rev5,,,exact,,,category,beach resort,SUBTREE,55103,55103|93292|96220|9622|782,Operation of resort hotels || Activities of beaches and recreational swimming pools || Beauty care and other beauty treatment activities || Beauty care and other beauty treatment activities || Temporary employment agency activities and other human resource provisions,0.478801|0.100004|0.036889|0.036889|0.035225,0.478801,retrieval:strong_separated_hit,REVIEW_REQUIRED
overture,metal_fabricator,11,0.0003874057899556244,psic,rev5,,,exact,,,category,metal fabricator,,,2599|3311|33110|25999|31023,"Manufacture of other fabricated metal products n.e.c. || Repair and maintenance of fabricated metal products || Repair and maintenance of fabricated metal products || Manufacture of miscellaneous fabricated metal products, n.e.c. || Manufacture of metal furniture",0.420435|0.372307|0.372307|0.336441|0.329400,0.420435,retrieval:candidates,REVIEW_CANDIDATES
overture,pest_control_service,11,0.0003874057899556244,psic,rev5,,,exact,,,category,pest control service,,,01614|81291|2712|T|2651,"Fertilizer applications, disease and pest control services || Disinfecting and exterminating activities including non-agricultural pest control services || Manufacture of electricity distribution and control apparatus || Other Service Activities || Manufacture of measuring, testing, navigating and control equipment",0.482371|0.407766|0.198958|0.195287|0.189692,0.482371,retrieval:candidates,REVIEW_CANDIDATES
osm,shop=books,10,0.00035218708177784037,psic,rev5,,,exact,,,category,books shop,,,5811|58110|47742|4642|46429,"Publishing of books || Publishing of books || Retail sale of second-hand books || Wholesale of household, office and shop furniture, carpets and lighting equipment || Wholesale of household, office and shop furniture, carpets and lighting equipment, n.e.c.",0.404455|0.404455|0.293135|0.205720|0.202802,0.404455,retrieval:candidates,REVIEW_CANDIDATES
osm,amenity=library,10,0.00035218708177784037,psic,rev5,,,exact,,,category,library amenity,,,9111|91110|911|91|86123,"Library activities || Library activities || Library and archive activities || Library, Archives, Museum and Other Cultural Activities || Private maternity hospital activities",0.696550|0.696550|0.471354|0.323803|0.054213,0.696550,retrieval:candidates,REVIEW_CANDIDATES
osm,amenity=internet_cafe,10,0.00035218708177784037,psic,rev5,,,exact,,,category,internet cafe amenity,,,61102|61202|56104|86123|64920,"Operation of fiber, broadband and satellite internet services || Provision of internet access in facilities open to the public || Operation of cafeterias || Private maternity hospital activities || International trade financing activities",0.301486|0.280211|0.084427|0.068552|0.063390,0.301486,retrieval:candidates,REVIEW_CANDIDATES
osm,shop=kiosk,10,0.00035218708177784037,psic,rev5,,,exact,,,category,kiosk shop,,,4642|46429|56106|56304|56303,"Wholesale of household, office and shop furniture, carpets and lighting equipment || Wholesale of household, office and shop furniture, carpets and lighting equipment, n.e.c. || Activities of food stands, kiosks and counters || Activities of beverage stands, kiosks and counters || Activities of tea shops",0.243541|0.240736|0.131983|0.123323|0.103699,0.243541,retrieval:candidates,REVIEW_CANDIDATES
overture,swimming_pool,10,0.00035218708177784037,psic,rev5,,,exact,,,category,swimming pool,,,93292|32403|621|13997|6219,"Activities of beaches and recreational swimming pools || Manufacture of billiard, pool, bowling alley and similar games equipment || Computer programming activities || Manufacture of automotive trimmings and custom upholstery || Other computer programming activities",0.385281|0.169311|0.060527|0.060426|0.058450,0.385281,retrieval:candidates,REVIEW_CANDIDATES
overture,inn,10,0.00035218708177784037,psic,rev5,,,exact,,,category,inn,,,55201|13111|01632|1311|131,"Operation of tourist inns || Spinning || Cotton ginning || Preparation and spinning of textile fibers || Spinning, weaving and finishing of textiles",0.112418|0.061164|0.044116|0.034636|0.032215,0.112418,retrieval:candidates,REVIEW_CANDIDATES
overture,public_plaza,10,0.00035218708177784037,psic,rev5,,,exact,,,category,public plaza,,,733|7330|73300|8611|85401,Public relations activities || Public relations activities || Public relations activities || Public hospital activities || Public tertiary education,0.438322|0.438322|0.438322|0.416192|0.390009,0.438322,retrieval:candidates,REVIEW_CANDIDATES
overture,sporting_goods_store,10,0.00035218708177784037,psic,rev5,,,exact,,,category,sporting goods store,,,4762|32302|47629|3230|323,"Retail sale of sporting equipment || Manufacture of sporting balls || Retail sale of sporting equipment, n.e.c. || Manufacture of sports goods || Manufacture of sports goods",0.388413|0.387492|0.368528|0.327032|0.327032,0.388413,retrieval:candidates,REVIEW_CANDIDATES
overture,educational_service,10,0.00035218708177784037,psic,rev5,,,exact,,,category,educational service,,,85691|85692|856|8569|96,Public educational support service activities || Private educational support service activities || Educational support activities || Other educational support activities || Personal Service Activities,0.562383|0.556198|0.544111|0.480465|0.272123,0.562383,retrieval:candidates,REVIEW_CANDIDATES
overture,dialysis_clinic,10,0.00035218708177784037,psic,rev5,,,exact,,,category,dialysis clinic,,,86223|86222|86226|86225|86224,Private dialysis center activities || Private pediatric clinic activities || Private dermatology clinic activities || Private obstetrics and gynecology clinic activities || Private optometry and ophthalmology clinic activities,0.414333|0.292946|0.274436|0.218371|0.215314,0.414333,retrieval:candidates,REVIEW_CANDIDATES
overture,vision_or_eye_care_clinic,10,0.00035218708177784037,psic,rev5,,,exact,,,category,vision or eye care clinic,,,86222|86226|86225|86224|87,Private pediatric clinic activities || Private dermatology clinic activities || Private obstetrics and gynecology clinic activities || Private optometry and ophthalmology clinic activities || Residential Care Activities,0.313736|0.298302|0.237355|0.234046|0.230466,0.313736,retrieval:candidates,REVIEW_CANDIDATES
overture,produce_store,10,0.00035218708177784037,psic,rev5,,,exact,,,category,produce store,,,47191|47114|52103|0148|10,"Retail selling in department stores || Retail selling in convenience stores || Operation of cold storages, refrigerated warehouses or cool stores || Egg production || Manufacture of Food Products",0.105794|0.104409|0.103071|0.095507|0.094686,0.105794,retrieval:candidates,REVIEW_CANDIDATES
overture,pet_groomer,10,0.00035218708177784037,psic,rev5,,,exact,,,category,pet groomer,,,4776|47761|96902|47762|01188,Retail sale of pet and pet supplies || Retail sale of pet || Pet care services || Retail sale of pet supplies || Growing of mushrooms and truffles,0.500256|0.492232|0.420140|0.387725|0.066962,0.500256,retrieval:candidates,REVIEW_CANDIDATES
overture,womens_clothing_store,10,0.00035218708177784037,psic,rev5,,,exact,,,category,womens clothing store,,,46412|47711|95293|4641|46419,"Wholesale of garments, clothing, wearing apparel and clothing accessories || Retail sale of garments, clothing, wearing apparel and clothing accessories || Repair and alteration of clothing || Wholesale of textiles, clothing and footwear || Wholesale of textiles, clothing and footwear, n.e.c.",0.422301|0.417134|0.386756|0.355954|0.343981,0.422301,retrieval:candidates,REVIEW_CANDIDATES
osm,shop=chemist,9,0.0003169683736000564,psic,rev5,,,exact,,,category,chemist shop,,,4642|46429|20|56303|202,"Wholesale of household, office and shop furniture, carpets and lighting equipment || Wholesale of household, office and shop furniture, carpets and lighting equipment, n.e.c. || Manufacture of Chemicals and Chemical Products || Activities of tea shops || Manufacture of other chemical products",0.247926|0.244961|0.132282|0.109594|0.109429,0.247926,retrieval:candidates,REVIEW_CANDIDATES
osm,amenity=hospital | healthcare=hospital | emergency=yes,9,0.0003169683736000564,psic,rev5,,,exact,,,category,hospital amenity hospital healthcare yes emergency,SUBTREE,861,861|8611|8612|86129|86111,"Hospital activities || Public hospital activities || Private hospital activities || Private hospital activities, n.e.c. || Public general hospital activities",0.685560|0.520765|0.519345|0.498966|0.444595,0.685560,retrieval:strong_separated_hit,REVIEW_REQUIRED
osm,healthcare=laboratory,9,0.0003169683736000564,psic,rev5,,,exact,,,category,laboratory healthcare,,,86991|28195|86|869|8699,"Medical and diagnostic laboratory service activities || Manufacture of fans intended for industrial applications, exhaust hoods for commercial, laboratory or industrial use || Human Health Activities || Other human health activities || Other human health activities n.e.c.",0.427653|0.242463|0.125511|0.119948|0.112190,0.427653,retrieval:candidates,REVIEW_CANDIDATES
osm,amenity=events_venue,9,0.0003169683736000564,psic,rev5,,,exact,,,category,events venue amenity,,,96901|74202|93295|56210|5621,"Activities of organizers for private events, except funeral || Events photography and videography, including for weddings, birthdays and conferences || Operation of audiovisual equipment and special effects associated with the organization of live amusement and recreation events || Event catering activities || Event catering activities",0.278876|0.214150|0.199942|0.138015|0.138015,0.278876,retrieval:candidates,REVIEW_CANDIDATES
osm,amenity=health_post | healthcare=community_health_worker,9,0.0003169683736000564,psic,rev5,,,exact,,,category,health post amenity community health worker healthcare,,,86|869|8699|86999|R,"Human Health Activities || Other human health activities || Other human health activities n.e.c. || All other human health activities, n.e.c. || Human Health and Social Work Activities",0.400889|0.368964|0.356752|0.317914|0.317012,0.400889,retrieval:candidates,REVIEW_CANDIDATES
osm,office=educational_institution,9,0.0003169683736000564,psic,rev5,,,exact,,,category,educational institution office,,,856|8569|85691|85692|82,"Educational support activities || Other educational support activities || Public educational support service activities || Private educational support service activities || Office Administrative, Office Support and Other Business Support Activities",0.421241|0.368091|0.326068|0.323091|0.245747,0.421241,retrieval:candidates,REVIEW_CANDIDATES
overture,flea_market,9,0.0003169683736000564,psic,rev5,,,exact,,,category,flea market,,,7320|73200|732|73|14104,"Market research and public opinion polling activities || Market research and public opinion polling activities || Market research and public opinion polling activities || Activities of Advertising, Market Research, and Public Relations || Manufacture of ready-to-wear mass-market apparel",0.333301|0.333301|0.333301|0.317285|0.269417,0.333301,retrieval:candidates,REVIEW_CANDIDATES
overture,retirement_home,9,0.0003169683736000564,psic,rev5,,,exact,,,category,retirement home,,,95222|9524|47591|95249|95242,"Repair and maintenance of home and garden equipment || Repair and maintenance of furniture and home furnishings || Retail sale of home furniture, fixtures and lighting equipment || Repair and maintenance of furniture and home furnishings, n.e.c. || Repair and maintenance of metal furniture and home furnishings",0.312968|0.285154|0.281817|0.280650|0.267991,0.312968,retrieval:candidates,REVIEW_CANDIDATES
overture,bed_and_breakfast,9,0.0003169683736000564,psic,rev5,,,exact,,,category,bed and breakfast,,,10615|13921|01496|01442|10617,"Manufacture of cereal breakfast foods || Manufacture of made-up bed, table and kitchen linen || Raising and breeding of cats and dogs || Raising and breeding of goats || Manufacture of flour mixes and prepared blended flour and dough for bread, cakes, biscuits or pancakes",0.447080|0.159736|0.041089|0.039197|0.037985,0.447080,retrieval:candidates,REVIEW_CANDIDATES
overture,movie_theater,9,0.0003169683736000564,psic,rev5,,,exact,,,category,movie theater,,,18202|59111|56105|50|25130,"Reproduction of movie, television, or video recordings from master copies || Movie, television-series or streaming platform program production || Activities of carinderia or eatery || Water Transport || Manufacture of steam generators, except central heating hot water boilers",0.246341|0.244375|0.051363|0.047279|0.037122,0.246341,retrieval:candidates,REVIEW_CANDIDATES
overture,financial_advising,9,0.0003169683736000564,psic,rev5,,,exact,,,category,financial advising,,,6491|64910|L|6611|66110,Financial leasing activities || Financial leasing activities || Financial and Insurance Activities || Administration of financial markets || Administration of financial markets,0.510078|0.510078|0.424303|0.370582|0.370582,0.510078,retrieval:candidates,REVIEW_CANDIDATES
overture,office_supply_store,9,0.0003169683736000564,psic,rev5,,,exact,,,category,office supply store,,,82|821|8210|3530|353,"Office Administrative, Office Support and Other Business Support Activities || Office administrative and support activities || Office administrative and support activities || Steam and air conditioning supply || Steam and air conditioning supply",0.314449|0.275967|0.275967|0.273597|0.273597,0.314449,retrieval:candidates,REVIEW_CANDIDATES
overture,furniture_assembly,9,0.0003169683736000564,psic,rev5,,,exact,,,category,furniture assembly,,,31|310|3102|31023|31029,"Manufacture of Furniture || Manufacture of furniture || Manufacture of other furniture || Manufacture of metal furniture || Manufacture of other furniture, n.e.c.",0.395101|0.395101|0.352483|0.321487|0.321061,0.395101,retrieval:candidates,REVIEW_CANDIDATES
overture,fire_station,9,0.0003169683736000564,psic,rev5,,,exact,,,category,fire station,,,11055|01295|27904|3514|35141,"Operation of water purifying and refilling station || Growing of ornamental and decorative trees such as Christmas trees, pine trees and fire trees || Manufacture of electric sound or visual signalling apparatus such as bells, sirens, indicator panels, fire alarms || Operation of charging facilities and stations || Operation of charging stations for electric vehicles",0.247518|0.155974|0.154073|0.110683|0.105160,0.247518,retrieval:candidates,REVIEW_CANDIDATES
overture,music_production,9,0.0003169683736000564,psic,rev5,,,exact,,,category,music production,,,0148|014|59|01489|592,"Egg production || Animal production || Motion Picture, Video and Television Program Production, Sound Recording and Music Publishing Activities || Egg production, n.e.c. || Sound recording and music publishing activities",0.341771|0.332791|0.314264|0.295323|0.290059,0.341771,retrieval:candidates,REVIEW_CANDIDATES
overture,hunting_and_fishing_store,9,0.0003169683736000564,psic,rev5,,,exact,,,category,hunting and fishing store,SUBTREE,031,031|A|01|0311|0170,"Fishing || Agriculture, Forestry and Fishing || Crop and Animal Production, Hunting and Related Service Activities || Marine fishing || Hunting, trapping and related service activities",0.461046|0.340144|0.335245|0.277778|0.253160,0.461046,retrieval:strong_separated_hit,REVIEW_REQUIRED
osm,amenity=cinema,8,0.0002817496654222723,psic,rev5,,,exact,,,category,cinema amenity,,,86123|842|841|80190|8019,"Private maternity hospital activities || Provision of services to the community as a whole || Administration of the State and the economic, social and environmental policies of the community || Security activities n.e.c. || Security activities n.e.c.",0.075053|0.072300|0.045700|0.042261|0.042261,0.075053,retrieval:candidates,REVIEW_CANDIDATES
osm,amenity=social_facility,8,0.0002817496654222723,psic,rev5,,,exact,,,category,social facility amenity,,,8430|843|84300|88|8890,Compulsory social security activities || Compulsory social security activities || Compulsory social security activities || Social Work Activities Without Accommodation || Other social work activities without accommodation,0.317536|0.317536|0.317536|0.265687|0.248380,0.317536,retrieval:candidates,REVIEW_CANDIDATES
osm,amenity=car_rental,8,0.0002817496654222723,psic,rev5,,,exact,,,category,car rental amenity,,,77|7710|771|77100|77292,Rental and Leasing Activities || Rental and leasing of motor vehicles || Rental and leasing of motor vehicles || Rental and leasing of motor vehicles || Rental and leasing of household furniture,0.271577|0.224534|0.224534|0.224534|0.202178,0.271577,retrieval:candidates,REVIEW_CANDIDATES
osm,amenity=dentist,8,0.0002817496654222723,psic,rev5,,,exact,,,category,dentist amenity,,,86123|842|862|87|86221,Private maternity hospital activities || Provision of services to the community as a whole || Medical and dental practice activities || Residential Care Activities || Private dental practice activities,0.064872|0.062493|0.053650|0.053324|0.053008,0.064872,retrieval:candidates,REVIEW_CANDIDATES
osm,tourism=motel,8,0.0002817496654222723,psic,rev5,,,exact,,,category,motel tourism,,,55201|55102|79901|96906|7912,"Operation of tourist inns || Operation of motels || Activities of independent tourist guides || Social escort service activities, excluding tourist guides || Tour operator activities",0.172074|0.162267|0.127083|0.113121|0.102445,0.172074,retrieval:candidates,REVIEW_CANDIDATES
osm,amenity=hospital | healthcare=hospital,8,0.0002817496654222723,psic,rev5,,,exact,,,category,hospital amenity hospital healthcare,SUBTREE,861,861|8611|8612|86129|86111,"Hospital activities || Public hospital activities || Private hospital activities || Private hospital activities, n.e.c. || Public general hospital activities",0.713172|0.544150|0.542033|0.520236|0.461332,0.713172,retrieval:strong_separated_hit,REVIEW_REQUIRED
osm,office=employment_agency,8,0.0002817496654222723,psic,rev5,,,exact,,,category,employment agency office,,,78|782|78200|7820|7810,Employment Activities || Temporary employment agency activities and other human resource provisions || Temporary employment agency activities and other human resource provisions || Temporary employment agency activities and other human resource provisions || Activities of employment placement agencies,0.449250|0.431807|0.431807|0.431807|0.332519,0.449250,retrieval:candidates,REVIEW_CANDIDATES
osm,shop=appliance,8,0.0002817496654222723,psic,rev5,,,exact,,,category,appliance shop,,,27902|4642|46429|2750|275,"Manufacture of appliance cords, extension cords and other electrical cords || Wholesale of household, office and shop furniture, carpets and lighting equipment || Wholesale of household, office and shop furniture, carpets and lighting equipment, n.e.c. || Manufacture of domestic appliances || Manufacture of domestic appliances",0.235618|0.191141|0.188356|0.188176|0.188176,0.235618,retrieval:candidates,REVIEW_CANDIDATES
osm,amenity=clinic | healthcare=clinic,8,0.0002817496654222723,psic,rev5,,,exact,,,category,clinic amenity clinic healthcare,,,86222|86226|86225|86224|86,Private pediatric clinic activities || Private dermatology clinic activities || Private obstetrics and gynecology clinic activities || Private optometry and ophthalmology clinic activities || Human Health Activities,0.408092|0.389538|0.309777|0.305799|0.100743,0.408092,retrieval:candidates,REVIEW_CANDIDATES
osm,office=courier,8,0.0002817496654222723,psic,rev5,,,exact,,,category,courier office,,,5320|532|53|533|53300,Courier activities || Courier activities || Postal and Courier Activities || Intermediation service activities for postal and courier activities || Intermediation service activities for postal and courier activities,0.594196|0.594196|0.421637|0.319580|0.319580,0.594196,retrieval:candidates,REVIEW_CANDIDATES
overture,specialty_school,8,0.0002817496654222723,psic,rev5,,,exact,,,category,specialty school,,,85530|8553|22205|85103|85104,Driving school activities || Driving school activities || Manufacture of office or school supplies made of plastic || Public pre-primary or pre-school education for children with special needs || Private pre-primary or pre-school education for children with special needs,0.445623|0.445623|0.292937|0.263703|0.262300,0.445623,retrieval:candidates,REVIEW_CANDIDATES
overture,buffet_restaurant,8,0.0002817496654222723,psic,rev5,,,exact,,,category,buffet restaurant,SUBTREE,56103,56103|56102|561|5610|56109,"Activities of buffet restaurants || Fast-food restaurants operations, including quick service restaurant || Restaurants and mobile food service activities || Restaurants and mobile food service activities || Restaurants and mobile food service activities, n.e.c.",0.561913|0.317648|0.173085|0.173085|0.163497,0.561913,retrieval:strong_separated_hit,REVIEW_REQUIRED
overture,karaoke_venue,8,0.0002817496654222723,psic,rev5,,,exact,,,category,karaoke venue,,,77294|1910|191|19100|16211,"Rental and leasing of audio-video equipment, including videoke and karaoke machine || Manufacture of coke oven products || Manufacture of coke oven products || Manufacture of coke oven products || Manufacture of veneer sheets",0.339556|0.052687|0.052687|0.052687|0.030841,0.339556,retrieval:candidates,REVIEW_CANDIDATES
overture,smoothie_juice_bar,8,0.0002817496654222723,psic,rev5,,,exact,,,category,smoothie juice bar,,,10307|10308|10203|96212|08911,Preserving of other fruits and fruit juices by canning or packing || Preserving of other vegetables and vegetable juices by canning or packing || Smoking of fish and other marine products || Barber activities || Baryte mining,0.099497|0.089355|0.051389|0.047967|0.040861,0.099497,retrieval:candidates,REVIEW_CANDIDATES
overture,commercial_industrial,8,0.0002817496654222723,psic,rev5,,,exact,,,category,commercial industrial,,,64122|28195|74103|46592|46791,"Commercial banking || Manufacture of fans intended for industrial applications, exhaust hoods for commercial, laboratory or industrial use || Industrial design activities || Wholesale of industrial machinery and equipment || Wholesale of industrial chemical products",0.438279|0.415324|0.397445|0.346470|0.344125,0.438279,retrieval:candidates,REVIEW_CANDIDATES
overture,land_surveying,8,0.0002817496654222723,psic,rev5,,,exact,,,category,land surveying,SUBTREE,71103,71103|494|4942|49429|492,"Geodetic surveying activities || Other land transport || Other passenger land transport || Other passenger land transport, n.e.c. || Passenger land transport by buses",0.496218|0.247046|0.197596|0.191417|0.164276,0.496218,retrieval:strong_separated_hit,REVIEW_REQUIRED
overture,ferry_boat_company,8,0.0002817496654222723,psic,rev5,,,exact,,,category,ferry boat company,,,64953|64952|64951|30111|6421,"Financing company operation || Lending company operation || Credit card company operation || Building of fishing and commercial vessels, such as ferry boats, cargo ships, tankers and tugs || Activities of holding companies",0.362974|0.358628|0.315112|0.199032|0.095303,0.362974,retrieval:candidates,REVIEW_CANDIDATES
overture,sewing_and_alterations,8,0.0002817496654222723,psic,rev5,,,exact,,,category,sewing and alterations,,,28262|28264|25996|95293|95291,"Manufacture of sewing machines || Manufacture of needles for knitting and sewing machines || Manufacture of pins, fasteners, zippers and hand sewing needles || Repair and alteration of clothing || Repair and alteration of jewelry",0.445554|0.291827|0.246904|0.213795|0.200192,0.445554,retrieval:candidates,REVIEW_CANDIDATES
overture,lake,8,0.0002817496654222723,psic,rev5,,,exact,,,category,lake,,,10402|1071|47214|10719|191,"Production of crude vegetable oil, cake and meals, other than virgin coconut oil || Manufacture of bakery products || Retail sale of bakery products || Manufacture of bakery products, n.e.c. || Manufacture of coke oven products",0.063097|0.040078|0.037183|0.035686|0.034768,0.063097,retrieval:candidates,REVIEW_CANDIDATES
overture,restaurant_equipment_and_supply,8,0.0002817496654222723,psic,rev5,,,exact,,,category,restaurant equipment and supply,,,360|36|3600|56102|465,"Water collection, treatment and supply || Water Collection, Treatment and Supply || Water collection, treatment and supply || Fast-food restaurants operations, including quick service restaurant || Wholesale of machinery, equipment and supplies",0.327668|0.327668|0.327668|0.295115|0.258904,0.327668,retrieval:candidates,REVIEW_CANDIDATES
overture,sign_making,8,0.0002817496654222723,psic,rev5,,,exact,,,category,sign making,,,02203|01260|0126|10795|24101,"Charcoal making in the forest || Growing of coconuts, including copra making || Growing of coconuts, including copra making || Egg processing, including balut and salted egg making || Operation of blast furnaces and steel making furnaces",0.325251|0.309745|0.309745|0.245981|0.245291,0.325251,retrieval:candidates,REVIEW_CANDIDATES
overture,marketing_agency,8,0.0002817496654222723,psic,rev5,,,exact,,,category,marketing agency,,,7491|74910|60310|6031|79110,Patent brokering and marketing service activities || Patent brokering and marketing service activities || News agency activities || News agency activities || Travel agency activities,0.347839|0.347839|0.332269|0.332269|0.322638,0.347839,retrieval:candidates,REVIEW_CANDIDATES
osm,leisure=playground,7,0.0002465309572444883,psic,rev5,,,exact,,,category,playground leisure,,,93294|36001|36002|02201|5530,"Operation of indoor playground and playhouse for children || Desalting of sea or ground water || Water collection, treatment and supply, except desalting of sea or ground water || Production of roundwood || Camping grounds, recreational vehicle parks and trailer parks",0.414004|0.102607|0.064299|0.059756|0.052694,0.414004,retrieval:candidates,REVIEW_CANDIDATES
osm,shop=optician,7,0.0002465309572444883,psic,rev5,,,exact,,,category,optician shop,,,4642|46429|56303|27310|2731,"Wholesale of household, office and shop furniture, carpets and lighting equipment || Wholesale of household, office and shop furniture, carpets and lighting equipment, n.e.c. || Activities of tea shops || Manufacture of fiber optic cables || Manufacture of fiber optic cables",0.243823|0.241007|0.104078|0.102669|0.102669,0.243823,retrieval:candidates,REVIEW_CANDIDATES
osm,leisure=amusement_arcade,7,0.0002465309572444883,psic,rev5,,,exact,,,category,amusement arcade leisure,,,93293|932|9329|93299|93,"Operation of arcade and amusement games using coins, tokens, cash or cards || Amusement and recreation activities || Other amusement and recreation activities || Other amusement and recreation activities, n.e.c. || Sports Activities and Amusement And Recreation Activities",0.388557|0.350591|0.325171|0.311395|0.277968,0.388557,retrieval:candidates,REVIEW_CANDIDATES
osm,amenity=bus_station | public_transport=station,7,0.0002465309572444883,psic,rev5,,,exact,,,category,bus station amenity station public transport,,,11055|49201|49202|51|50,Operation of water purifying and refilling station || Inter-regional bus transport operation || Intra-regional bus transport operation || Air Transport || Water Transport,0.264142|0.240886|0.237275|0.220503|0.213999,0.264142,retrieval:candidates,REVIEW_CANDIDATES
osm,industrial=port,7,0.0002465309572444883,psic,rev5,,,exact,,,category,port industrial,,,74103|46592|46791|3320|332,Industrial design activities || Wholesale of industrial machinery and equipment || Wholesale of industrial chemical products || Installation of industrial machinery and equipment || Installation of industrial machinery and equipment,0.522343|0.454798|0.450273|0.417848|0.417848,0.522343,retrieval:candidates,REVIEW_CANDIDATES
osm,amenity=post_office,7,0.0002465309572444883,psic,rev5,,,exact,,,category,post office amenity,,,82|821|8210|82109|18122,"Office Administrative, Office Support and Other Business Support Activities || Office administrative and support activities || Office administrative and support activities || Office administrative and support activities, n.e.c. || Post-press service activities",0.291278|0.255837|0.255837|0.249181|0.245235,0.291278,retrieval:candidates,REVIEW_CANDIDATES
osm,amenity=ferry_terminal | public_transport=stop_position,7,0.0002465309572444883,psic,rev5,,,exact,,,category,ferry terminal amenity stop position public transport,,,51|50|52211|52212|494,"Air Transport || Water Transport || Operation of terminal facilities such as bus terminals, jeepney terminals and tricycle terminals || Operation of freight terminal facilities for trucking companies || Other land transport",0.221144|0.220034|0.209238|0.196276|0.179502,0.221144,retrieval:candidates,REVIEW_CANDIDATES
overture,b2b_business_management_service,7,0.0002465309572444883,psic,rev5,,,exact,,,category,b2b business management service,,,3900|390|39|39000|702,Remediation and other waste management service activities || Remediation and other waste management service activities || Remediation and Other Waste Management Service Activities || Remediation and other waste management service activities || Business and other management consultancy activities,0.471463|0.471463|0.471463|0.471463|0.462462,0.471463,retrieval:candidates,REVIEW_CANDIDATES
overture,health_food_store,7,0.0002465309572444883,psic,rev5,,,exact,,,category,health food store,,,86|869|8699|86999|65401,"Human Health Activities || Other human health activities || Other human health activities n.e.c. || All other human health activities, n.e.c. || Pre-need plan for health",0.415300|0.380666|0.368435|0.328097|0.310975,0.415300,retrieval:candidates,REVIEW_CANDIDATES
overture,architectural_designer,7,0.0002465309572444883,psic,rev5,,,exact,,,category,architectural designer,SUBTREE,71101,71101|711|7110|71109|71,"Architectural consulting activities || Architectural and engineering, and related technical consultancy activities || Architectural and engineering, and related technical consultancy activities || Architectural and engineering and related technical consultancy activities, n.e.c. || Architectural and Engineering Activities; Technical Testing and Analysis",0.537116|0.360967|0.360967|0.358059|0.341465,0.537116,retrieval:strong_separated_hit,REVIEW_REQUIRED
overture,childrens_clothing_store,7,0.0002465309572444883,psic,rev5,,,exact,,,category,childrens clothing store,,,46412|47711|95293|4641|46419,"Wholesale of garments, clothing, wearing apparel and clothing accessories || Retail sale of garments, clothing, wearing apparel and clothing accessories || Repair and alteration of clothing || Wholesale of textiles, clothing and footwear || Wholesale of textiles, clothing and footwear, n.e.c.",0.387603|0.382397|0.354095|0.327568|0.317793,0.387603,retrieval:candidates,REVIEW_CANDIDATES
overture,arcade,7,0.0002465309572444883,psic,rev5,,,exact,,,category,arcade,,,93293|47|0114|01140|10721,"Operation of arcade and amusement games using coins, tokens, cash or cards || Retail Trade || Growing of sugarcane || Growing of sugarcane || Sugarcane milling",0.297072|0.052828|0.051718|0.051718|0.048688,0.297072,retrieval:candidates,REVIEW_CANDIDATES
overture,toy_store,7,0.0002465309572444883,psic,rev5,,,exact,,,category,toy store,,,32404|47191|52103|47114|47113,"Manufacture of role-play toys such as toy kitchen sets, toy cash registers and toy medical kits || Retail selling in department stores || Operation of cold storages, refrigerated warehouses or cool stores || Retail selling in convenience stores || Retail selling in sari-sari stores",0.367744|0.098174|0.095648|0.093331|0.087612,0.367744,retrieval:candidates,REVIEW_CANDIDATES
overture,atm,7,0.0002465309572444883,psic,rev5,,,exact,,,category,atm,,,15204|382|32303|36|3600,"Manufacture of sports and athletic footwear || Waste treatment and disposal || Manufacture of gymnasium, fitness center or athletic equipment || Water Collection, Treatment and Supply || Water collection, treatment and supply",0.050600|0.036403|0.034527|0.033984|0.033984,0.050600,retrieval:candidates,REVIEW_CANDIDATES
overture,maternity_center,7,0.0002465309572444883,psic,rev5,,,exact,,,category,maternity center,,,86123|86223|32303|82200|822,"Private maternity hospital activities || Private dialysis center activities || Manufacture of gymnasium, fitness center or athletic equipment || Activities of call centers || Activities of call centers",0.406931|0.284077|0.198038|0.131269|0.131269,0.406931,retrieval:candidates,REVIEW_CANDIDATES
overture,musical_instrument_store,7,0.0002465309572444883,psic,rev5,,,exact,,,category,musical instrument store,,,322|3220|32209|47691|46497,"Manufacture of musical instruments || Manufacture of musical instruments || Manufacture of musical instruments, n.e.c. || Retail sale of musical instruments, scores and related accessories || Wholesale of musical instruments, games and toys and sports goods",0.598752|0.598752|0.572135|0.369468|0.361077,0.598752,retrieval:candidates,REVIEW_CANDIDATES
overture,home_service,7,0.0002465309572444883,psic,rev5,,,exact,,,category,home service,,,T|95222|9524|95249|95242,"Other Service Activities || Repair and maintenance of home and garden equipment || Repair and maintenance of furniture and home furnishings || Repair and maintenance of furniture and home furnishings, n.e.c. || Repair and maintenance of metal furniture and home furnishings",0.291610|0.284143|0.273769|0.268573|0.257931,0.291610,retrieval:candidates,REVIEW_CANDIDATES
overture,steakhouse,7,0.0002465309572444883,psic,rev5,,,exact,,,category,steakhouse,,,66123|35300|3530|353|9623,"Investment house operation || Steam and air conditioning supply || Steam and air conditioning supply || Steam and air conditioning supply || Day spa, sauna and steam bath activities",0.111849|0.079257|0.079257|0.079257|0.070340,0.111849,retrieval:candidates,REVIEW_CANDIDATES
overture,thai_restaurant,7,0.0002465309572444883,psic,rev5,,,exact,,,category,thai restaurant,,,56102|56103|561|5610|56109,"Fast-food restaurants operations, including quick service restaurant || Activities of buffet restaurants || Restaurants and mobile food service activities || Restaurants and mobile food service activities || Restaurants and mobile food service activities, n.e.c.",0.417004|0.226679|0.216413|0.216413|0.204425,0.417004,retrieval:candidates,REVIEW_CANDIDATES
overture,history_museum,7,0.0002465309572444883,psic,rev5,,,exact,,,category,history museum,,,9121|91210|912|91|9122,"Museum and collection activities || Museum and collection activities || Museum, collection, historical site and monument activities || Library, Archives, Museum and Other Cultural Activities || Historical site and monument activities",0.447947|0.447947|0.360135|0.301108|0.125966,0.447947,retrieval:candidates,REVIEW_CANDIDATES
overture,souvenir_store,7,0.0002465309572444883,psic,rev5,,,exact,,,category,souvenir store,,,46901|47193|47114|47191|52103,"Wholesale of handicraft and souvenir products || Retail sale in handicraft and souvenir products || Retail selling in convenience stores || Retail selling in department stores || Operation of cold storages, refrigerated warehouses or cool stores",0.445494|0.420132|0.091216|0.064745|0.063079,0.445494,retrieval:candidates,REVIEW_CANDIDATES
overture,non_governmental_association,7,0.0002465309572444883,psic,rev5,,,exact,,,category,non governmental association,,,01612|64132|471|65120|6512,Operation of irrigation systems through non-cooperatives and non-associations || Activities of non-stock savings and loan associations || Non-specialized retail sale || Non-life insurance || Non-life insurance,0.252136|0.236196|0.212973|0.204710|0.204710,0.252136,retrieval:candidates,REVIEW_CANDIDATES
overture,travel_company,7,0.0002465309572444883,psic,rev5,,,exact,,,category,travel company,,,64953|64952|7911|79110|799,Financing company operation || Lending company operation || Travel agency activities || Travel agency activities || Other travel related activities,0.406107|0.401353|0.374590|0.374590|0.357871,0.406107,retrieval:candidates,REVIEW_CANDIDATES
overture,roofing,7,0.0002465309572444883,psic,rev5,,,exact,,,category,roofing,,,43901|43902|0118|01189|25112,"Roofing activities || Waterproofing activities || Growing of other vegetables, melons, roots and tubers || Growing of other vegetables, melons, roots and tubers, n.e.c. || Manufacture of metal doors, windows and their frames, shutters, gates and room partitions for floor attachment, including those made of aluminum",0.784533|0.231771|0.033948|0.032658|0.018930,0.784533,retrieval:candidates,REVIEW_CANDIDATES
overture,interior_design,7,0.0002465309572444883,psic,rev5,,,exact,,,category,interior design,SUBTREE,74102,74102|741|7410|74103|74104,Interior design activities || Specialized design activities || Specialized design activities || Industrial design activities || Graphic design activities,0.908242|0.309794|0.309794|0.304161|0.301373,0.908242,retrieval:strong_separated_hit,REVIEW_REQUIRED
overture,naturopathic_medicine,7,0.0002465309572444883,psic,rev5,,,exact,,,category,naturopathic medicine,,,21001|9142|91420|06200|0620,"Manufacture of drugs, medicines, biological products and medicinal active substances || Nature reserve activities || Nature reserve activities || Extraction of natural gas || Extraction of natural gas",0.142460|0.089698|0.089698|0.084017|0.084017,0.142460,retrieval:candidates,REVIEW_CANDIDATES
overture,wedding_planning,7,0.0002465309572444883,psic,rev5,,,exact,,,category,wedding planning,,,84116|74202|13111|10201|15110,"Economic and social planning and statistical services || Events photography and videography, including for weddings, birthdays and conferences || Spinning || Preserving of fish and other marine products by canning or packing || Tanning and dressing of leather; dressing and dyeing of fur",0.315010|0.096623|0.074148|0.068154|0.061481,0.315010,retrieval:candidates,REVIEW_CANDIDATES
overture,home_security,7,0.0002465309572444883,psic,rev5,,,exact,,,category,home security,,,80190|8019|80111|80|801,Security activities n.e.c. || Security activities n.e.c. || Private security activities || Investigation and Security Activities || Investigation and security activities,0.523068|0.523068|0.416315|0.334714|0.334714,0.523068,retrieval:candidates,REVIEW_CANDIDATES
overture,truck_dealer,7,0.0002465309572444883,psic,rev5,,,exact,,,category,truck dealer,,,52216|49432|56108|64993|49431,"Truck weighing services operation || Tank truck delivery services operation || Mobile food service activities including food preparation in truck, van and other motorized vehicles and non-motorized carts || Securities dealership, own-account || Renting of trucks, with driver",0.362346|0.320992|0.156209|0.124614|0.083016,0.362346,retrieval:candidates,REVIEW_CANDIDATES
osm,public_transport=station,6,0.00021131224906670423,psic,rev5,,,exact,,,category,station public transport,,,51|50|494|733|7330,Air Transport || Water Transport || Other land transport || Public relations activities || Public relations activities,0.332392|0.323335|0.274137|0.265106|0.265106,0.332392,retrieval:candidates,REVIEW_CANDIDATES
osm,amenity=kindergarten,6,0.00021131224906670423,psic,rev5,,,exact,,,category,kindergarten amenity,,,56105|3291|32910|46414|86123,"Activities of carinderia or eatery || Manufacture of pens and pencils of all kinds || Manufacture of pens and pencils of all kinds || Wholesale of footwear, all kinds of materials || Private maternity hospital activities",0.067472|0.060986|0.060986|0.056373|0.051578,0.067472,retrieval:candidates,REVIEW_CANDIDATES
osm,office=yes,6,0.00021131224906670423,psic,rev5,,,exact,,,category,yes office,,,82|8210|821|82109|22205,"Office Administrative, Office Support and Other Business Support Activities || Office administrative and support activities || Office administrative and support activities || Office administrative and support activities, n.e.c. || Manufacture of office or school supplies made of plastic",0.442118|0.388785|0.388785|0.376727|0.313541,0.442118,retrieval:candidates,REVIEW_CANDIDATES
osm,shop=funeral_directors,6,0.00021131224906670423,psic,rev5,,,exact,,,category,funeral directors shop,,,963|9630|96309|96901|4642,"Funeral and related activities || Funeral and related activities || Funeral and related activities, n.e.c. || Activities of organizers for private events, except funeral || Wholesale of household, office and shop furniture, carpets and lighting equipment",0.394077|0.394077|0.374933|0.229479|0.188931,0.394077,retrieval:candidates,REVIEW_CANDIDATES
osm,shop=mobile_phone,6,0.00021131224906670423,psic,rev5,,,exact,,,category,mobile phone shop,,,47404|47405|61101|5610|561,"Retail sale of smartphones, mobile phones and other handheld mobile devices || Retail sale of parts and accessories of smartphones, mobile phones and other handheld mobile devices || Operation of mobile network and telephone services || Restaurants and mobile food service activities || Restaurants and mobile food service activities",0.350034|0.318347|0.285540|0.253763|0.253763,0.350034,retrieval:candidates,REVIEW_CANDIDATES
osm,office=insurance,6,0.00021131224906670423,psic,rev5,,,exact,,,category,insurance office,SUBTREE,651,651|65110|6511|65201|65120,Insurance || Life insurance || Life insurance || Reinsurance for life insurance || Non-life insurance,0.719958|0.443110|0.443110|0.377130|0.356278,0.719958,retrieval:strong_separated_hit,REVIEW_REQUIRED
osm,amenity=money_transfer,6,0.00021131224906670423,psic,rev5,,,exact,,,category,money transfer amenity,SUBTREE,66191,66191|66121|66192|27112|51,Money remittance and transfer operations || Foreign exchange dealing or money changing business operations || Activities of non-bank electronic money issuers and operators of payment systems || Manufacture of electrical transformers || Air Transport,0.534086|0.173241|0.162452|0.066310|0.058366,0.534086,retrieval:strong_separated_hit,REVIEW_REQUIRED
osm,office=telecommunication,6,0.00021131224906670423,psic,rev5,,,exact,,,category,telecommunication office,,,6190|61900|619|612|6120,Other telecommunication activities || Other telecommunication activities || Other telecommunication activities || Telecommunication reselling activities and intermediation service activities for telecommunication || Telecommunication reselling activities and intermediation service activities for telecommunication,0.525908|0.525908|0.525908|0.467727|0.467727,0.525908,retrieval:candidates,REVIEW_CANDIDATES
osm,office=religion,6,0.00021131224906670423,psic,rev5,,,exact,,,category,religion office,,,82|821|8210|82109|22205,"Office Administrative, Office Support and Other Business Support Activities || Office administrative and support activities || Office administrative and support activities || Office administrative and support activities, n.e.c. || Manufacture of office or school supplies made of plastic",0.360484|0.317238|0.317238|0.310850|0.247326,0.360484,retrieval:candidates,REVIEW_CANDIDATES
osm,shop=money_lender,6,0.00021131224906670423,psic,rev5,,,exact,,,category,money lender shop,,,66191|4642|66121|46429|66192,"Money remittance and transfer operations || Wholesale of household, office and shop furniture, carpets and lighting equipment || Foreign exchange dealing or money changing business operations || Wholesale of household, office and shop furniture, carpets and lighting equipment, n.e.c. || Activities of non-bank electronic money issuers and operators of payment systems",0.237211|0.180309|0.179161|0.178112|0.166604,0.237211,retrieval:candidates,REVIEW_CANDIDATES
osm,shop=butcher,6,0.00021131224906670423,psic,rev5,,,exact,,,category,butcher shop,,,4642|46429|56303|6496|64960,"Wholesale of household, office and shop furniture, carpets and lighting equipment || Wholesale of household, office and shop furniture, carpets and lighting equipment, n.e.c. || Activities of tea shops || Pawnshop operations || Pawnshop operations",0.250490|0.247432|0.113041|0.098768|0.098768,0.250490,retrieval:candidates,REVIEW_CANDIDATES
osm,shop=pastry,6,0.00021131224906670423,psic,rev5,,,exact,,,category,pastry shop,,,4642|46429|56303|64960|6496,"Wholesale of household, office and shop furniture, carpets and lighting equipment || Wholesale of household, office and shop furniture, carpets and lighting equipment, n.e.c. || Activities of tea shops || Pawnshop operations || Pawnshop operations",0.246988|0.244057|0.108333|0.100054|0.100054,0.246988,retrieval:candidates,REVIEW_CANDIDATES
osm,office=research,6,0.00021131224906670423,psic,rev5,,,exact,,,category,research office,,,72|82|821|8210|82109,"Scientific Research and Development || Office Administrative, Office Support and Other Business Support Activities || Office administrative and support activities || Office administrative and support activities || Office administrative and support activities, n.e.c.",0.310032|0.298078|0.261833|0.261833|0.255095,0.310032,retrieval:candidates,REVIEW_CANDIDATES
osm,man_made=lighthouse,6,0.00021131224906670423,psic,rev5,,,exact,,,category,lighthouse man made,,,203|2030|20300|28261|22205,"Manufacture of man-made fibres || Manufacture of man-made fibres || Manufacture of man-made fibres || Manufacture of textile machinery, including machineries for man-made textile fibers or yarns || Manufacture of office or school supplies made of plastic",0.464546|0.464546|0.464546|0.246643|0.143151,0.464546,retrieval:candidates,REVIEW_CANDIDATES
osm,office=estate_agent,6,0.00021131224906670423,psic,rev5,,,exact,,,category,estate agent office,,,68|M|68210|6821|82,"Real Estate Activities || Real Estate Activities || Intermediation service activities for real estate || Intermediation service activities for real estate || Office Administrative, Office Support and Other Business Support Activities",0.387245|0.387245|0.290328|0.290328|0.286524,0.387245,retrieval:candidates,REVIEW_CANDIDATES
osm,shop=gas,6,0.00021131224906670423,psic,rev5,,,exact,,,category,gas shop,,,4642|46429|0620|06200|062,"Wholesale of household, office and shop furniture, carpets and lighting equipment || Wholesale of household, office and shop furniture, carpets and lighting equipment, n.e.c. || Extraction of natural gas || Extraction of natural gas || Extraction of natural gas",0.233484|0.229833|0.223609|0.223609|0.223609,0.233484,retrieval:candidates,REVIEW_CANDIDATES
osm,shop=motorcycle_parts,6,0.00021131224906670423,psic,rev5,,,exact,,,category,motorcycle parts shop,,,46632|4663|47832|30915|4783,"Wholesale of motorcycle parts and accessories || Wholesale of motorcycles, motorcycle parts and accessories || Retail sale of motorcycle parts and accessories || Manufacture of motorcycle engines, including electric motors for motorcycle || Retail sale of motorcycles, motorcycles parts and accessories",0.550086|0.538671|0.535363|0.327322|0.299168,0.550086,retrieval:candidates,REVIEW_CANDIDATES
overture,waffle_restaurant,6,0.00021131224906670423,psic,rev5,,,exact,,,category,waffle restaurant,,,56102|56103|561|5610|56109,"Fast-food restaurants operations, including quick service restaurant || Activities of buffet restaurants || Restaurants and mobile food service activities || Restaurants and mobile food service activities || Restaurants and mobile food service activities, n.e.c.",0.392737|0.204300|0.197135|0.197135|0.186215,0.392737,retrieval:candidates,REVIEW_CANDIDATES
overture,monument,6,0.00021131224906670423,psic,rev5,,,exact,,,category,monument,NOT_ACTIVITY,,,,,,rule:high_precision_non_activity,REVIEW_REQUIRED
overture,campground,6,0.00021131224906670423,psic,rev5,,,exact,,,category,campground,,,36001|553|55300|5530|93294,"Desalting of sea or ground water || Camping grounds, recreational vehicle parks and trailer parks || Camping grounds, recreational vehicle parks and trailer parks || Camping grounds, recreational vehicle parks and trailer parks || Operation of indoor playground and playhouse for children",0.148707|0.139696|0.139696|0.139696|0.097435,0.148707,retrieval:candidates,REVIEW_CANDIDATES
overture,software_development,6,0.00021131224906670423,psic,rev5,,,exact,,,category,software development,,,62110|6211|582|5829|58290,"Development of video games, video game software, and video game software tools || Development of video games, video game software, and video game software tools || Software publishing || Other software publishing || Other software publishing",0.458856|0.458856|0.451718|0.396832|0.396832,0.458856,retrieval:candidates,REVIEW_CANDIDATES
overture,auto_company,6,0.00021131224906670423,psic,rev5,,,exact,,,category,auto company,,,64953|64952|64951|64210|6421,Financing company operation || Lending company operation || Credit card company operation || Activities of holding companies || Activities of holding companies,0.499601|0.492533|0.431297|0.119745|0.119745,0.499601,retrieval:candidates,REVIEW_CANDIDATES
overture,pub,6,0.00021131224906670423,psic,rev5,,,exact,,,category,pub,,,58|58190|5819|7330|73300,Publishing Activities || Other publishing activities || Other publishing activities || Public relations activities || Public relations activities,0.119163|0.111666|0.111666|0.106513|0.106513,0.119163,retrieval:candidates,REVIEW_CANDIDATES
overture,fashion_boutique,6,0.00021131224906670423,psic,rev5,,,exact,,,category,fashion boutique,SUBTREE,74101,74101|47743|14302|20114|47750,"Fashion design activities || Retail sale of antiques || Manufacture of fully fashioned or seamless knitted apparel such as activewear, beanies, hand-knitted or crocheted sweaters || Manufacture of compressed or liquefied industrial gases || Retail sale of liquefied petroleum gas and other household fuel products",0.552451|0.102234|0.079321|0.026018|0.025456,0.552451,retrieval:strong_separated_hit,REVIEW_REQUIRED
overture,orthodontics,6,0.00021131224906670423,psic,rev5,,,exact,,,category,orthodontics,,,47723|46594|2220|222|22209,"Retail sale of medical, orthopedic and dental instruments and supplies || Wholesale of medical, surgical and orthopedic equipment and devices || Manufacture of plastics products || Manufacture of plastics products || Manufacture of plastics products, n.e.c.",0.096333|0.094813|0.088350|0.088350|0.078873,0.096333,retrieval:candidates,REVIEW_CANDIDATES
overture,credit_union,6,0.00021131224906670423,psic,rev5,,,exact,,,category,credit union,,,64959|64133|6495|64951|8291,"Other credit granting, n.e.c. || Activities of credit cooperatives || Other credit granting activities || Credit card company operation || Activities of collection agencies and credit bureaus",0.447585|0.429453|0.422478|0.385944|0.318076,0.447585,retrieval:candidates,REVIEW_CANDIDATES
overture,fire_protection_service,6,0.00021131224906670423,psic,rev5,,,exact,,,category,fire protection service,,,T|96|5629|56290|964,Other Service Activities || Personal Service Activities || Other food service activities || Other food service activities || Intermediation service activities for personal services,0.215074|0.184181|0.179695|0.179695|0.158396,0.215074,retrieval:candidates,REVIEW_CANDIDATES
overture,pool_billiards,6,0.00021131224906670423,psic,rev5,,,exact,,,category,pool billiards,,,32403|93296|46527|93292|73102,"Manufacture of billiard, pool, bowling alley and similar games equipment || Operation of billiard halls || Wholesale of smart cards or chip cards || Activities of beaches and recreational swimming pools || Billboard and outdoor advertising activities",0.344029|0.205693|0.074926|0.056985|0.051946,0.344029,retrieval:candidates,REVIEW_CANDIDATES
overture,butcher_shop,6,0.00021131224906670423,psic,rev5,,,exact,,,category,butcher shop,,,4642|46429|56303|6496|64960,"Wholesale of household, office and shop furniture, carpets and lighting equipment || Wholesale of household, office and shop furniture, carpets and lighting equipment, n.e.c. || Activities of tea shops || Pawnshop operations || Pawnshop operations",0.250490|0.247432|0.113041|0.098768|0.098768,0.250490,retrieval:candidates,REVIEW_CANDIDATES
overture,discount_store,6,0.00021131224906670423,psic,rev5,,,exact,,,category,discount store,,,47191|93291|52103|47114|64993,"Retail selling in department stores || Operation of dance floors, ballrooms and discotheques || Operation of cold storages, refrigerated warehouses or cool stores || Retail selling in convenience stores || Securities dealership, own-account",0.075810|0.073742|0.070978|0.069258|0.067732,0.075810,retrieval:candidates,REVIEW_CANDIDATES
overture,chemical_plant,6,0.00021131224906670423,psic,rev5,,,exact,,,category,chemical plant,,,202|0130|013|20|2029,Manufacture of other chemical products || Plant propagation || Plant propagation || Manufacture of Chemicals and Chemical Products || Manufacture of other chemical products n.e.c.,0.394769|0.392493|0.392493|0.388747|0.378977,0.394769,retrieval:candidates,REVIEW_CANDIDATES
overture,appraisal_service,6,0.00021131224906670423,psic,rev5,,,exact,,,category,appraisal service,,,T|96|56290|5629|81300,Other Service Activities || Personal Service Activities || Other food service activities || Other food service activities || Landscape service activities,0.409260|0.360726|0.341602|0.341602|0.306089,0.409260,retrieval:candidates,REVIEW_CANDIDATES
overture,vitamin_and_supplement_store,6,0.00021131224906670423,psic,rev5,,,exact,,,category,vitamin and supplement store,,,47722|10794|3250|325|32509,"Retail sale of non-medicinal wellness and herbal products and supplements || Processing of herbs and manufacture of herbal food supplements and infusions || Manufacture of medical and dental instruments and supplies || Manufacture of medical and dental instruments and supplies || Manufacture of other medical and dental instruments and supplies, n.e.c.",0.184766|0.182186|0.145223|0.145223|0.136613,0.184766,retrieval:candidates,REVIEW_CANDIDATES
overture,dermatology,6,0.00021131224906670423,psic,rev5,,,exact,,,category,dermatology,,,86226|6290|629|62900|72103,Private dermatology clinic activities || Other information technology and computer service activities || Other information technology and computer service activities || Other information technology and computer service activities || Research and experimental development in information technology,0.564311|0.088112|0.088112|0.088112|0.074193,0.564311,retrieval:candidates,REVIEW_CANDIDATES
overture,vocational_and_technical_school,6,0.00021131224906670423,psic,rev5,,,exact,,,category,vocational and technical school,,,N|85323|85324|85321|85322,"Professional, Scientific, and Technical Activities || Public technical and vocational secondary education for children with special needs || Private technical and vocational secondary education for children with special needs || Public technical and vocational secondary education for children without special needs || Private technical and vocational secondary education for children without special needs",0.343821|0.336784|0.335196|0.330533|0.329084,0.343821,retrieval:candidates,REVIEW_CANDIDATES
overture,solar_installation,6,0.00021131224906670423,psic,rev5,,,exact,,,category,solar installation,SUBTREE,43211,43211|4321|43290|4329|43219,"Installation of solar panels || Electrical installation || Other construction installation || Other construction installation || Electrical installation, n.e.c.",0.664731|0.439951|0.412831|0.412831|0.409823,0.664731,retrieval:strong_separated_hit,REVIEW_REQUIRED
overture,windows_installation,6,0.00021131224906670423,psic,rev5,,,exact,,,category,windows installation,,,4321|43290|4329|43219|43221,"Electrical installation || Other construction installation || Other construction installation || Electrical installation, n.e.c. || Plumbing installation",0.398750|0.373200|0.373200|0.372417|0.369638,0.398750,retrieval:candidates,REVIEW_CANDIDATES
overture,surgery,6,0.00021131224906670423,psic,rev5,,,exact,,,category,surgery,,,32501|46594|32506|28230|2823,"Manufacture of medical, surgical, dental, or veterinary furniture || Wholesale of medical, surgical and orthopedic equipment and devices || Manufacture of orthopedic appliances and prosthetic devices, including crutches, surgical belts and trusses, splints and other artificial body parts || Manufacture of machinery for metallurgy || Manufacture of machinery for metallurgy",0.082058|0.081999|0.050324|0.046622|0.046622,0.082058,retrieval:candidates,REVIEW_CANDIDATES
osm,tourism=attraction,5,0.00017609354088892018,psic,rev5,,,exact,,,category,attraction tourism,,,55201|79901|0893|0892|08920,Operation of tourist inns || Activities of independent tourist guides || Extraction of salt || Extraction of peat || Extraction of peat,0.168034|0.118765|0.113252|0.106906|0.106906,0.168034,retrieval:candidates,REVIEW_CANDIDATES
osm,amenity=health_post | healthcare=community_health_worker | emergency=no,5,0.00017609354088892018,psic,rev5,,,exact,,,category,health post amenity community health worker healthcare no emergency,,,86|869|8699|86999|R,"Human Health Activities || Other human health activities || Other human health activities n.e.c. || All other human health activities, n.e.c. || Human Health and Social Work Activities",0.386256|0.354898|0.343596|0.305914|0.303506,0.386256,retrieval:candidates,REVIEW_CANDIDATES
osm,amenity=bureau_de_change,5,0.00017609354088892018,psic,rev5,,,exact,,,category,bureau de change amenity,,,66121|8291|82910|86123|842,Foreign exchange dealing or money changing business operations || Activities of collection agencies and credit bureaus || Activities of collection agencies and credit bureaus || Private maternity hospital activities || Provision of services to the community as a whole,0.131203|0.097947|0.097947|0.044538|0.042905,0.131203,retrieval:candidates,REVIEW_CANDIDATES
osm,amenity=nightclub,5,0.00017609354088892018,psic,rev5,,,exact,,,category,nightclub amenity,,,56301|86123|842|9312|93120,"Operation of nightclubs, bars and cocktail lounges || Private maternity hospital activities || Provision of services to the community as a whole || Activities of sports clubs || Activities of sports clubs",0.181913|0.046470|0.044765|0.039092|0.039092,0.181913,retrieval:candidates,REVIEW_CANDIDATES
osm,shop=travel_agency,5,0.00017609354088892018,psic,rev5,,,exact,,,category,travel agency shop,,,79110|7911|791|79|799,"Travel agency activities || Travel agency activities || Travel agency and tour operator activities || Travel Agency, Tour Operator, and Other Travel Related Activities || Other travel related activities",0.738881|0.738881|0.508998|0.484914|0.294913,0.738881,retrieval:candidates,REVIEW_CANDIDATES
osm,leisure=swimming_pool,5,0.00017609354088892018,psic,rev5,,,exact,,,category,swimming pool leisure,,,93292|32403|13997|621|6219,"Activities of beaches and recreational swimming pools || Manufacture of billiard, pool, bowling alley and similar games equipment || Manufacture of automotive trimmings and custom upholstery || Computer programming activities || Other computer programming activities",0.367643|0.168073|0.058586|0.056122|0.054197,0.367643,retrieval:candidates,REVIEW_CANDIDATES
osm,amenity=ice_cream,5,0.00017609354088892018,psic,rev5,,,exact,,,category,ice cream amenity,,,10713|10504|10792|10501|901,"Manufacture of ice cream cones and wafers || Manufacture of ice cream and sherbet, ice drop, ice candy and other flavored ices || Manufacture of ice, except dry ice || Processing of fresh milk and cream || Arts creation activities",0.505759|0.439597|0.286196|0.243301|0.075438,0.505759,retrieval:candidates,REVIEW_CANDIDATES
osm,industrial=depot,5,0.00017609354088892018,psic,rev5,,,exact,,,category,depot industrial,,,74103|46592|46791|3320|332,Industrial design activities || Wholesale of industrial machinery and equipment || Wholesale of industrial chemical products || Installation of industrial machinery and equipment || Installation of industrial machinery and equipment,0.516706|0.444379|0.439765|0.408297|0.408297,0.516706,retrieval:candidates,REVIEW_CANDIDATES
osm,man_made=quay,5,0.00017609354088892018,psic,rev5,,,exact,,,category,quay man made,,,20300|203|2030|28261|22205,"Manufacture of man-made fibres || Manufacture of man-made fibres || Manufacture of man-made fibres || Manufacture of textile machinery, including machineries for man-made textile fibers or yarns || Manufacture of office or school supplies made of plastic",0.495108|0.495108|0.495108|0.263424|0.175631,0.495108,retrieval:candidates,REVIEW_CANDIDATES
osm,shop=seafood,5,0.00017609354088892018,psic,rev5,,,exact,,,category,seafood shop,,,47215|46208|4642|46429|56303,"Retail sale of fish, other seafood and seafood products || Wholesale of fish and other seafood || Wholesale of household, office and shop furniture, carpets and lighting equipment || Wholesale of household, office and shop furniture, carpets and lighting equipment, n.e.c. || Activities of tea shops",0.475975|0.417888|0.188765|0.186179|0.095583,0.475975,retrieval:candidates,REVIEW_CANDIDATES
osm,shop=yes,5,0.00017609354088892018,psic,rev5,,,exact,,,category,yes shop,,,4642|46429|56303|64960|6496,"Wholesale of household, office and shop furniture, carpets and lighting equipment || Wholesale of household, office and shop furniture, carpets and lighting equipment, n.e.c. || Activities of tea shops || Pawnshop operations || Pawnshop operations",0.287231|0.282836|0.164719|0.141925|0.141925,0.287231,retrieval:candidates,REVIEW_CANDIDATES
osm,shop=beverages,5,0.00017609354088892018,psic,rev5,,,exact,,,category,beverages shop,,,110|11|46316|4722|4631,Manufacture of beverages || Manufacture of Beverages || Wholesale of beverages || Retail sale of beverages || Wholesale of food and beverages,0.505222|0.505222|0.460267|0.439629|0.375097,0.505222,retrieval:candidates,REVIEW_CANDIDATES
osm,shop=copyshop,5,0.00017609354088892018,psic,rev5,,,exact,,,category,copyshop shop,,,4642|46429|64960|6496|56303,"Wholesale of household, office and shop furniture, carpets and lighting equipment || Wholesale of household, office and shop furniture, carpets and lighting equipment, n.e.c. || Pawnshop operations || Pawnshop operations || Activities of tea shops",0.271449|0.267628|0.140836|0.140836|0.129352,0.271449,retrieval:candidates,REVIEW_CANDIDATES
osm,tourism=viewpoint,5,0.00017609354088892018,psic,rev5,,,exact,,,category,viewpoint tourism,,,55201|79901|96906|79120|7912,"Operation of tourist inns || Activities of independent tourist guides || Social escort service activities, excluding tourist guides || Tour operator activities || Tour operator activities",0.167417|0.126535|0.110060|0.099672|0.099672,0.167417,retrieval:candidates,REVIEW_CANDIDATES
osm,amenity=stage,5,0.00017609354088892018,psic,rev5,,,exact,,,category,stage amenity,,,86123|842|6612|841|370,"Private maternity hospital activities || Provision of services to the community as a whole || Security and commodity contracts brokerage || Administration of the State and the economic, social and environmental policies of the community || Sewerage",0.074605|0.071869|0.062301|0.059867|0.045589,0.074605,retrieval:candidates,REVIEW_CANDIDATES
overture,delicatessen,5,0.00017609354088892018,psic,rev5,,,exact,,,category,delicatessen,,,53202|49432|10791|53201|2599,"Food delivery activities || Tank truck delivery services operation || Manufacture of native delicacies or kakanin not intended for immediate consumption such as bibingka, puto, suman, kalamay and binagol || Delivery of letters, parcels and packages by private operators || Manufacture of other fabricated metal products n.e.c.",0.094218|0.068483|0.064639|0.050850|0.043883,0.094218,retrieval:candidates,REVIEW_CANDIDATES
overture,playground,5,0.00017609354088892018,psic,rev5,,,exact,,,category,playground,,,93294|36001|36002|02201|5530,"Operation of indoor playground and playhouse for children || Desalting of sea or ground water || Water collection, treatment and supply, except desalting of sea or ground water || Production of roundwood || Camping grounds, recreational vehicle parks and trailer parks",0.432793|0.111228|0.069701|0.064777|0.057121,0.432793,retrieval:candidates,REVIEW_CANDIDATES
overture,internet_marketing_service,5,0.00017609354088892018,psic,rev5,,,exact,,,category,internet marketing service,,,74910|7491|61102|61202|T,"Patent brokering and marketing service activities || Patent brokering and marketing service activities || Operation of fiber, broadband and satellite internet services || Provision of internet access in facilities open to the public || Other Service Activities",0.465334|0.465334|0.241649|0.204191|0.166122,0.465334,retrieval:candidates,REVIEW_CANDIDATES
overture,hardware_home_and_garden_store,5,0.00017609354088892018,psic,rev5,,,exact,,,category,hardware home and garden store,,,95222|9522|46735|47521|9141,Repair and maintenance of home and garden equipment || Repair and maintenance of household appliances and home and garden equipment || Wholesale of hardware and electrical materials and supplies || Retail sale of hardware and electrical materials and supplies || Botanical and zoological garden activities,0.557709|0.463634|0.211208|0.208969|0.207484,0.557709,retrieval:candidates,REVIEW_CANDIDATES
overture,courthouse,5,0.00017609354088892018,psic,rev5,,,exact,,,category,courthouse,,,5320|532|66123|53|84117,"Courier activities || Courier activities || Investment house operation || Postal and Courier Activities || Administration of constitutional bodies and oversight functions, excluding courts",0.096067|0.096067|0.090720|0.076524|0.069603,0.096067,retrieval:candidates,REVIEW_CANDIDATES
overture,granite_supplier,5,0.00017609354088892018,psic,rev5,,,exact,,,category,granite supplier,,,47762|4776|47693|465|47512,"Retail sale of pet supplies || Retail sale of pet and pet supplies || Retail sale of paintings and art supplies || Wholesale of machinery, equipment and supplies || Retail sale of modistes' supplies",0.140209|0.117335|0.108694|0.106683|0.099362,0.140209,retrieval:candidates,REVIEW_CANDIDATES
overture,art_museum,5,0.00017609354088892018,psic,rev5,,,exact,,,category,art museum,,,9121|91210|91|47693|912,"Museum and collection activities || Museum and collection activities || Library, Archives, Museum and Other Cultural Activities || Retail sale of paintings and art supplies || Museum, collection, historical site and monument activities",0.410338|0.410338|0.278084|0.232492|0.230454,0.410338,retrieval:candidates,REVIEW_CANDIDATES
overture,mexican_restaurant,5,0.00017609354088892018,psic,rev5,,,exact,,,category,mexican restaurant,,,56102|56103|561|5610|56109,"Fast-food restaurants operations, including quick service restaurant || Activities of buffet restaurants || Restaurants and mobile food service activities || Restaurants and mobile food service activities || Restaurants and mobile food service activities, n.e.c.",0.425113|0.234157|0.223552|0.223552|0.211168,0.425113,retrieval:candidates,REVIEW_CANDIDATES
overture,dance_club,5,0.00017609354088892018,psic,rev5,,,exact,,,category,dance club,,,93291|93120|9312|90202|651,"Operation of dance floors, ballrooms and discotheques || Activities of sports clubs || Activities of sports clubs || Activities of performing artists, such as actors, dancers, conductors and vloggers || Insurance",0.288836|0.126941|0.126941|0.075726|0.061606,0.288836,retrieval:candidates,REVIEW_CANDIDATES
overture,auditorium,5,0.00017609354088892018,psic,rev5,,,exact,,,category,auditorium,,,0721|07210|96304|69200|692,"Mining of uranium and thorium ores || Mining of uranium and thorium ores || Operation of columbarium || Accounting, bookkeeping and auditing activities; tax consultancy || Accounting, bookkeeping and auditing activities; tax consultancy",0.140975|0.140975|0.088795|0.067705|0.067705,0.140975,retrieval:candidates,REVIEW_CANDIDATES
overture,metal_supplier,5,0.00017609354088892018,psic,rev5,,,exact,,,category,metal supplier,,,31023|07|32962|46720|4672,Manufacture of metal furniture || Mining of Metal Ores || Manufacture of metal caskets || Wholesale of metals and metal ores || Wholesale of metals and metal ores,0.354192|0.345008|0.328035|0.313735|0.313735,0.354192,retrieval:candidates,REVIEW_CANDIDATES
overture,audio_visual_equipment_store,5,0.00017609354088892018,psic,rev5,,,exact,,,category,audio visual equipment store,,,9012|90129|47406|60100|6010,"Visual arts creation activities || Visual arts creation activities, n.e.c. || Retail sale of audio and video equipment, including parts and accessories || Radio broadcasting and audio distribution activities || Radio broadcasting and audio distribution activities",0.342553|0.328747|0.282424|0.223497|0.223497,0.342553,retrieval:candidates,REVIEW_CANDIDATES
overture,river,5,0.00017609354088892018,psic,rev5,,,exact,,,category,river,,,49431|49423|77301|53202|07222,"Renting of trucks, with driver || Activities of chartered vehicle, with driver || Renting and leasing of land transport equipment other than motor vehicles and motorcycles, without driver || Food delivery activities || Silver ore mining",0.163560|0.138654|0.101552|0.054320|0.046956,0.163560,retrieval:candidates,REVIEW_CANDIDATES
overture,hair_supply_store,5,0.00017609354088892018,psic,rev5,,,exact,,,category,hair supply store,,,3530|353|35300|36|360,"Steam and air conditioning supply || Steam and air conditioning supply || Steam and air conditioning supply || Water Collection, Treatment and Supply || Water collection, treatment and supply",0.354123|0.354123|0.354123|0.329780|0.329780,0.354123,retrieval:candidates,REVIEW_CANDIDATES
overture,gardener,5,0.00017609354088892018,psic,rev5,,,exact,,,category,gardener,,,95222|91410|9141|914|9522,Repair and maintenance of home and garden equipment || Botanical and zoological garden activities || Botanical and zoological garden activities || Botanical and zoological garden and nature reserve activities || Repair and maintenance of household appliances and home and garden equipment,0.162318|0.150354|0.150354|0.129391|0.127884,0.162318,retrieval:candidates,REVIEW_CANDIDATES
overture,machine_shop,5,0.00017609354088892018,psic,rev5,,,exact,,,category,machine shop,,,2822|28229|28224|4642|46429,"Manufacture of metal-forming machinery and machine tools || Manufacture of metal-forming machinery and machine tools, n.e.c. || Manufacture of parts and accessories for metal-forming machinery and machine tools || Wholesale of household, office and shop furniture, carpets and lighting equipment || Wholesale of household, office and shop furniture, carpets and lighting equipment, n.e.c.",0.274968|0.267053|0.229134|0.211797|0.208618,0.274968,retrieval:candidates,REVIEW_CANDIDATES
overture,liquor_store,5,0.00017609354088892018,psic,rev5,,,exact,,,category,liquor store,,,47191|52103|47114|47113|47115,"Retail selling in department stores || Operation of cold storages, refrigerated warehouses or cool stores || Retail selling in convenience stores || Retail selling in sari-sari stores || Retail selling in pasalubong stores or centers",0.101814|0.101299|0.096791|0.090861|0.087128,0.101814,retrieval:candidates,REVIEW_CANDIDATES
overture,fishmonger,5,0.00017609354088892018,psic,rev5,,,exact,,,category,fishmonger,,,031|0311|03119|5110|511,"Fishing || Marine fishing || Marine fishing, n.e.c. || Passenger air transport || Passenger air transport",0.146140|0.100722|0.086055|0.084890|0.084890,0.146140,retrieval:candidates,REVIEW_CANDIDATES
overture,web_designer,5,0.00017609354088892018,psic,rev5,,,exact,,,category,web designer,,,63900|639|6390|74104|74102,Web search portals activities and other information service activities || Web search portals activities and other information service activities || Web search portals activities and other information service activities || Graphic design activities || Interior design activities,0.263299|0.263299|0.263299|0.164362|0.157572,0.263299,retrieval:candidates,REVIEW_CANDIDATES
overture,environmental_conservation_organization,5,0.00017609354088892018,psic,rev5,,,exact,,,category,environmental conservation organization,,,74993|71102|8413|84130|913,"Environmental consulting activities || Environmental engineering activities || Regulation of the activities of providing environmental services || Regulation of the activities of providing environmental services || Conservation, restoration and other support activities for cultural",0.373156|0.354048|0.272327|0.272327|0.261290,0.373156,retrieval:candidates,REVIEW_CANDIDATES
overture,media_news_company,5,0.00017609354088892018,psic,rev5,,,exact,,,category,media news company,,,64953|64952|64951|6031|60310,Financing company operation || Lending company operation || Credit card company operation || News agency activities || News agency activities,0.359622|0.356036|0.317963|0.307860|0.307860,0.359622,retrieval:candidates,REVIEW_CANDIDATES
overture,energy_company,5,0.00017609354088892018,psic,rev5,,,exact,,,category,energy company,,,64953|64952|11051|64951|42203,Financing company operation || Lending company operation || Manufacture of sports and energy drink || Credit card company operation || Construction of gas and energy pipelines,0.383555|0.379046|0.341010|0.333166|0.303724,0.383555,retrieval:candidates,REVIEW_CANDIDATES
overture,appliance_repair_service,5,0.00017609354088892018,psic,rev5,,,exact,,,category,appliance repair service,,,95221|9522|27902|33120|3312,"Repair and maintenance of household appliances || Repair and maintenance of household appliances and home and garden equipment || Manufacture of appliance cords, extension cords and other electrical cords || Repair and maintenance of machinery || Repair and maintenance of machinery",0.321699|0.241357|0.240083|0.226829|0.226829,0.321699,retrieval:candidates,REVIEW_CANDIDATES
overture,septic_service,5,0.00017609354088892018,psic,rev5,,,exact,,,category,septic service,,,T|96|56290|5629|81300,Other Service Activities || Personal Service Activities || Other food service activities || Other food service activities || Landscape service activities,0.415589|0.361935|0.346923|0.346923|0.309804,0.415589,retrieval:candidates,REVIEW_CANDIDATES
overture,shooting_range,5,0.00017609354088892018,psic,rev5,,,exact,,,category,shooting range,,,66121|15201|56303|1811|18110,"Foreign exchange dealing or money changing business operations || Manufacture of formal footwear such as dress shoes, school shoes and office shoes || Activities of tea shops || Printing || Printing",0.080217|0.063008|0.055336|0.040853|0.040853,0.080217,retrieval:candidates,REVIEW_CANDIDATES
overture,post_office,5,0.00017609354088892018,psic,rev5,,,exact,,,category,post office,,,82|8210|821|82109|18122,"Office Administrative, Office Support and Other Business Support Activities || Office administrative and support activities || Office administrative and support activities || Office administrative and support activities, n.e.c. || Post-press service activities",0.327575|0.287371|0.287371|0.278849|0.265700,0.327575,retrieval:candidates,REVIEW_CANDIDATES
overture,publisher,5,0.00017609354088892018,psic,rev5,,,exact,,,category,publisher,,,58|58190|5819|58110|5811,Publishing Activities || Other publishing activities || Other publishing activities || Publishing of books || Publishing of books,0.228357|0.227092|0.227092|0.187053|0.187053,0.228357,retrieval:candidates,REVIEW_CANDIDATES
overture,second_hand_store,5,0.00017609354088892018,psic,rev5,,,exact,,,category,second hand store,,,4774|47749|47742|47741|2818,"Retail sale of second-hand goods || Retail sale of second-hand goods, n.e.c. || Retail sale of second-hand books || Retail sale of second-hand clothing, footwear and leather articles || Manufacture of power-driven hand tools",0.532665|0.522038|0.507789|0.377856|0.153802,0.532665,retrieval:candidates,REVIEW_CANDIDATES
osm,amenity=monastery,4,0.00014087483271113616,psic,rev5,,,exact,,,category,monastery amenity,,,23943|86123|95317|842|96303,"Manufacture of plaster || Private maternity hospital activities || Motor vehicle seat repair, re-covering and upholstery || Provision of services to the community as a whole || Operation of cemetery",0.081865|0.063749|0.058849|0.058712|0.057346,0.081865,retrieval:candidates,REVIEW_CANDIDATES
osm,shop=jewelry,4,0.00014087483271113616,psic,rev5,,,exact,,,category,jewelry shop,,,32119|95291|47734|32113|32111,"Manufacture of jewelry and related articles, n.e.c. || Repair and alteration of jewelry || Retail sale of jewelry, watches and clocks || Manufacture of other jewelry and jewelry parts made of precious metals, precious and semi-precious stones and other related materials || Production of worked pearls and pearl jewelry",0.368335|0.366677|0.288440|0.281128|0.267952,0.368335,retrieval:candidates,REVIEW_CANDIDATES
osm,tourism=gallery,4,0.00014087483271113616,psic,rev5,,,exact,,,category,gallery tourism,,,55201|79901|96906|79120|7912,"Operation of tourist inns || Activities of independent tourist guides || Social escort service activities, excluding tourist guides || Tour operator activities || Tour operator activities",0.160087|0.118229|0.105241|0.095308|0.095308,0.160087,retrieval:candidates,REVIEW_CANDIDATES
osm,amenity=food_court,4,0.00014087483271113616,psic,rev5,,,exact,,,category,food court amenity,,,4721|10|5629|56290|107,Retail sale of food || Manufacture of Food Products || Other food service activities || Other food service activities || Manufacture of other food products,0.374953|0.353972|0.336541|0.336541|0.323146,0.374953,retrieval:candidates,REVIEW_CANDIDATES
osm,amenity=fountain,4,0.00014087483271113616,psic,rev5,,,exact,,,category,fountain amenity,,,93193|1623|16230|86123|842,Mountain guides activities || Manufacture of wooden containers || Manufacture of wooden containers || Private maternity hospital activities || Provision of services to the community as a whole,0.181761|0.059038|0.059038|0.057930|0.055805,0.181761,retrieval:candidates,REVIEW_CANDIDATES
osm,shop=cosmetics,4,0.00014087483271113616,psic,rev5,,,exact,,,category,cosmetics shop,,,4644|46440|20234|4642|46429,"Wholesale of perfumeries, cosmetics and soaps || Wholesale of perfumeries, cosmetics and soaps || Manufacture of perfumes, cosmetics and other toilet products || Wholesale of household, office and shop furniture, carpets and lighting equipment || Wholesale of household, office and shop furniture, carpets and lighting equipment, n.e.c.",0.337891|0.337891|0.325734|0.184694|0.182338,0.337891,retrieval:candidates,REVIEW_CANDIDATES
osm,amenity=townhall | office=government,4,0.00014087483271113616,psic,rev5,,,exact,,,category,townhall amenity government office,,,84113|84112|64121|82|821,"Public administration, local government || Public administration, regional government || Universal banking, including specialized government banking || Office Administrative, Office Support and Other Business Support Activities || Office administrative and support activities",0.349589|0.344674|0.268838|0.236443|0.207972,0.349589,retrieval:candidates,REVIEW_CANDIDATES
osm,club=sport,4,0.00014087483271113616,psic,rev5,,,exact,,,category,sport club,,,93120|9312|47811|931|9319,"Activities of sports clubs || Activities of sports clubs || Retail sale of passenger motor vehicles including sedans, sport utility vehicles and passenger vans || Sports activities || Other sports activities",0.242820|0.242820|0.201756|0.139495|0.125846,0.242820,retrieval:candidates,REVIEW_CANDIDATES
osm,shop=e-cigarette,4,0.00014087483271113616,psic,rev5,,,exact,,,category,e-cigarette shop,,,32995|12001|4642|46429|28252,"Manufacture of cigarette lighters and other lighters including parts || Manufacture of cigarettes || Wholesale of household, office and shop furniture, carpets and lighting equipment || Wholesale of household, office and shop furniture, carpets and lighting equipment, n.e.c. || Manufacture of machinery for preparing tobacco and making cigarettes, cigars, and other tobacco products",0.282339|0.221694|0.176517|0.174264|0.129484,0.282339,retrieval:candidates,REVIEW_CANDIDATES
osm,shop=confectionery,4,0.00014087483271113616,psic,rev5,,,exact,,,category,confectionery shop,,,46312|10739|1073|4642|46429,"Wholesale of sugar, confectionery and bakery products || Manufacture of chocolate and sugar confectionery products, n.e.c. || Manufacture of cocoa, chocolate and sugar confectionery || Wholesale of household, office and shop furniture, carpets and lighting equipment || Wholesale of household, office and shop furniture, carpets and lighting equipment, n.e.c.",0.361551|0.345545|0.332941|0.180894|0.178676,0.361551,retrieval:candidates,REVIEW_CANDIDATES
osm,amenity=payment_centre,4,0.00014087483271113616,psic,rev5,,,exact,,,category,payment centre amenity,,,66192|6411|64110|78|822,Activities of non-bank electronic money issuers and operators of payment systems || Central banking || Central banking || Employment Activities || Activities of call centers,0.256798|0.094836|0.094836|0.066527|0.063652,0.256798,retrieval:candidates,REVIEW_CANDIDATES
osm,shop=outdoor,4,0.00014087483271113616,psic,rev5,,,exact,,,category,outdoor shop,,,73102|73101|4642|46429|56303,"Billboard and outdoor advertising activities || Activities of advertising agency, except billboard and outdoor advertising activities || Wholesale of household, office and shop furniture, carpets and lighting equipment || Wholesale of household, office and shop furniture, carpets and lighting equipment, n.e.c. || Activities of tea shops",0.346883|0.243807|0.183667|0.181266|0.088729,0.346883,retrieval:candidates,REVIEW_CANDIDATES
osm,office=ngo,4,0.00014087483271113616,psic,rev5,,,exact,,,category,ngo office,,,82|821|8210|82109|22205,"Office Administrative, Office Support and Other Business Support Activities || Office administrative and support activities || Office administrative and support activities || Office administrative and support activities, n.e.c. || Manufacture of office or school supplies made of plastic",0.418467|0.367613|0.367613|0.358242|0.293952,0.418467,retrieval:candidates,REVIEW_CANDIDATES
osm,amenity=health_post,4,0.00014087483271113616,psic,rev5,,,exact,,,category,health post amenity,,,86|869|8699|86999|65401,"Human Health Activities || Other human health activities || Other human health activities n.e.c. || All other human health activities, n.e.c. || Pre-need plan for health",0.388059|0.356164|0.344348|0.306878|0.288692,0.388059,retrieval:candidates,REVIEW_CANDIDATES
osm,amenity=payment_terminal,4,0.00014087483271113616,psic,rev5,,,exact,,,category,payment terminal amenity,,,52211|52212|66192|78|01622,"Operation of terminal facilities such as bus terminals, jeepney terminals and tricycle terminals || Operation of freight terminal facilities for trucking companies || Activities of non-bank electronic money issuers and operators of payment systems || Employment Activities || Egg-hatching, sex determination and other poultry service activities",0.256822|0.233660|0.203575|0.057866|0.057442,0.256822,retrieval:candidates,REVIEW_CANDIDATES
osm,industrial=warehouse,4,0.00014087483271113616,psic,rev5,,,exact,,,category,warehouse industrial,,,74103|46592|46791|332|33200,Industrial design activities || Wholesale of industrial machinery and equipment || Wholesale of industrial chemical products || Installation of industrial machinery and equipment || Installation of industrial machinery and equipment,0.467873|0.406559|0.401623|0.373627|0.373627,0.467873,retrieval:candidates,REVIEW_CANDIDATES
overture,parking,4,0.00014087483271113616,psic,rev5,,,exact,,,category,parking,,,52213|9321|93210|55300|5530,"Operation of parking lot and facilities || Activities of amusement parks and theme parks || Activities of amusement parks and theme parks || Camping grounds, recreational vehicle parks and trailer parks || Camping grounds, recreational vehicle parks and trailer parks",0.454511|0.095170|0.095170|0.078689|0.078689,0.454511,retrieval:candidates,REVIEW_CANDIDATES
overture,airport_lounge,4,0.00014087483271113616,psic,rev5,,,exact,,,category,airport lounge,,,49427|56301|51|511|5110,"Operation of airport shuttles || Operation of nightclubs, bars and cocktail lounges || Air Transport || Passenger air transport || Passenger air transport",0.438273|0.107600|0.073023|0.057563|0.057563,0.438273,retrieval:candidates,REVIEW_CANDIDATES
overture,farmers_market,4,0.00014087483271113616,psic,rev5,,,exact,,,category,farmers market,,,7320|732|73200|73|14104,"Market research and public opinion polling activities || Market research and public opinion polling activities || Market research and public opinion polling activities || Activities of Advertising, Market Research, and Public Relations || Manufacture of ready-to-wear mass-market apparel",0.297761|0.297761|0.297761|0.284793|0.243443,0.297761,retrieval:candidates,REVIEW_CANDIDATES
overture,storage_facility,4,0.00014087483271113616,psic,rev5,,,exact,,,category,storage facility,,,H|521|5210|52109|27203,"Transportation and Storage || Warehousing and storage || Warehousing and storage || Warehousing and storage, n.e.c. || Manufacture of battery energy storage system",0.482019|0.460157|0.460157|0.421010|0.317758,0.482019,retrieval:candidates,REVIEW_CANDIDATES
overture,cocktail_bar,4,0.00014087483271113616,psic,rev5,,,exact,,,category,cocktail bar,,,56301|96212|4721|47|47761,"Operation of nightclubs, bars and cocktail lounges || Barber activities || Retail sale of food || Retail Trade || Retail sale of pet",0.388648|0.047452|0.046694|0.046223|0.045895,0.388648,retrieval:candidates,REVIEW_CANDIDATES
overture,commercial_real_estate,4,0.00014087483271113616,psic,rev5,,,exact,,,category,commercial real estate,,,M|68|6821|68210|682,Real Estate Activities || Real Estate Activities || Intermediation service activities for real estate || Intermediation service activities for real estate || Real estate activities on a fee or contract basis,0.693802|0.693802|0.506746|0.506746|0.412262,0.693802,retrieval:candidates,REVIEW_CANDIDATES
overture,ramen_restaurant,4,0.00014087483271113616,psic,rev5,,,exact,,,category,ramen restaurant,,,56102|56103|561|5610|56109,"Fast-food restaurants operations, including quick service restaurant || Activities of buffet restaurants || Restaurants and mobile food service activities || Restaurants and mobile food service activities || Restaurants and mobile food service activities, n.e.c.",0.404108|0.214786|0.205059|0.205059|0.193699,0.404108,retrieval:candidates,REVIEW_CANDIDATES
overture,badminton_court,4,0.00014087483271113616,psic,rev5,,,exact,,,category,badminton court,,,93112|84117|532|5320|53,"Operation of courts for basketball, volleyball, badminton, tennis and pickleball || Administration of constitutional bodies and oversight functions, excluding courts || Courier activities || Courier activities || Postal and Courier Activities",0.312763|0.075348|0.067785|0.067785|0.053996,0.312763,retrieval:candidates,REVIEW_CANDIDATES
overture,doner_kebab_restaurant,4,0.00014087483271113616,psic,rev5,,,exact,,,category,doner kebab restaurant,,,56102|56103|5610|561|56109,"Fast-food restaurants operations, including quick service restaurant || Activities of buffet restaurants || Restaurants and mobile food service activities || Restaurants and mobile food service activities || Restaurants and mobile food service activities, n.e.c.",0.396454|0.207728|0.198320|0.198320|0.187334,0.396454,retrieval:candidates,REVIEW_CANDIDATES
overture,music_and_dvd_store,4,0.00014087483271113616,psic,rev5,,,exact,,,category,music and dvd store,,,47692|59200|5920|592|18201,Retail sale of music and video recordings in physical media || Sound recording and music publishing activities || Sound recording and music publishing activities || Sound recording and music publishing activities || Reproduction of sound or music recordings from master copies,0.355486|0.261516|0.261516|0.261516|0.188595,0.355486,retrieval:candidates,REVIEW_CANDIDATES
overture,sushi_restaurant,4,0.00014087483271113616,psic,rev5,,,exact,,,category,sushi restaurant,,,56102|56103|5610|561|56109,"Fast-food restaurants operations, including quick service restaurant || Activities of buffet restaurants || Restaurants and mobile food service activities || Restaurants and mobile food service activities || Restaurants and mobile food service activities, n.e.c.",0.417842|0.227452|0.217150|0.217150|0.205121,0.417842,retrieval:candidates,REVIEW_CANDIDATES
overture,gastropub,4,0.00014087483271113616,psic,rev5,,,exact,,,category,gastropub,,,96903|0125|01259|352|35200,"Astrological and spiritualists' activities || Growing of other tropical and subtropical fruits || Growing of other tropical and subtropical fruits, n.e.c. || Manufacture of gas; distribution of gaseous fuels through mains || Manufacture of gas; distribution of gaseous fuels through mains",0.077026|0.058722|0.056566|0.050479|0.050479,0.077026,retrieval:candidates,REVIEW_CANDIDATES
overture,theatre_venue,4,0.00014087483271113616,psic,rev5,,,exact,,,category,theatre venue,,,16211|01114|43222|64992|28150,"Manufacture of veneer sheets || Growing of sorghum and wheat || Heating systems installation || Venture capital corporation operation || Manufacture of ovens, furnaces and permanent household heating equipment",0.059331|0.043540|0.043173|0.043073|0.042294,0.059331,retrieval:candidates,REVIEW_CANDIDATES
overture,lodge,4,0.00014087483271113616,psic,rev5,,,exact,,,category,lodge,,,022|0220|02209|37000|3700,"Logging || Logging || Logging, n.e.c. || Sewerage || Sewerage",0.048362|0.048362|0.040853|0.040585|0.040585,0.048362,retrieval:candidates,REVIEW_CANDIDATES
overture,fish_farm,4,0.00014087483271113616,psic,rev5,,,exact,,,category,fish farm,,,28211|01615|01623|46208|10202,Manufacture of farm tractors || Rental of farm machinery with operators || Farm management services for animal production || Wholesale of fish and other seafood || Drying of fish and other marine products,0.401319|0.302175|0.296971|0.237699|0.216764,0.401319,retrieval:candidates,REVIEW_CANDIDATES
overture,american_restaurant,4,0.00014087483271113616,psic,rev5,,,exact,,,category,american restaurant,,,56102|56103|561|5610|56109,"Fast-food restaurants operations, including quick service restaurant || Activities of buffet restaurants || Restaurants and mobile food service activities || Restaurants and mobile food service activities || Restaurants and mobile food service activities, n.e.c.",0.397544|0.208733|0.199279|0.199279|0.188240,0.397544,retrieval:candidates,REVIEW_CANDIDATES
overture,industrial_company,4,0.00014087483271113616,psic,rev5,,,exact,,,category,industrial company,,,64953|64952|74103|64951|46592,Financing company operation || Lending company operation || Industrial design activities || Credit card company operation || Wholesale of industrial machinery and equipment,0.392607|0.387350|0.383315|0.339596|0.334458,0.392607,retrieval:candidates,REVIEW_CANDIDATES
overture,fabric_store,4,0.00014087483271113616,psic,rev5,,,exact,,,category,fabric store,,,47511|46411|13991|2599|3311,"Retail sale of textiles and fabrics || Wholesale of textiles and fabrics || Manufacture of narrow fabrics, laces, tulles and other net fabrics || Manufacture of other fabricated metal products n.e.c. || Repair and maintenance of fabricated metal products",0.148164|0.147253|0.144508|0.140601|0.122623,0.148164,retrieval:candidates,REVIEW_CANDIDATES
overture,geographic_entities,4,0.00014087483271113616,psic,rev5,,,exact,,,category,geographic entities,,,643|742|7420|74209|74104,"Activities of trusts, funds and similar financial entities || Photographic activities || Photographic activities || Photographic activities, n.e.c. || Graphic design activities",0.308320|0.188147|0.188147|0.168077|0.157811,0.308320,retrieval:candidates,REVIEW_CANDIDATES
overture,emissions_inspection,4,0.00014087483271113616,psic,rev5,,,exact,,,category,emissions inspection,,,71201|35131|3513|351|22192,"Emission testing activities || Electric power transmission activities || Electric power transmission and distribution activities || Electric power generation, transmission and distribution activities || Manufacture of rubber conveyor or transmission belts or belting",0.242019|0.120188|0.107962|0.100050|0.078402,0.242019,retrieval:candidates,REVIEW_CANDIDATES
overture,electric_utility_provider,4,0.00014087483271113616,psic,rev5,,,exact,,,category,electric utility provider,,,422|4220|42209|49425|35132,"Construction of utility projects || Construction of utility projects || Construction of utility projects, n.e.c. || Utility vehicle express operations || Electric power distribution activities",0.358665|0.358665|0.348513|0.306154|0.232517,0.358665,retrieval:candidates,REVIEW_CANDIDATES
overture,nature_reserve,4,0.00014087483271113616,psic,rev5,,,exact,,,category,nature reserve,,,91420|9142|914|062|06200,Nature reserve activities || Nature reserve activities || Botanical and zoological garden and nature reserve activities || Extraction of natural gas || Extraction of natural gas,0.883615|0.883615|0.495605|0.099138|0.099138,0.883615,retrieval:candidates,REVIEW_CANDIDATES
overture,urban_farm,4,0.00014087483271113616,psic,rev5,,,exact,,,category,urban farm,,,28211|4941|49419|49411|01615,"Manufacture of farm tractors || Urban and suburban passenger land transport || Urban and suburban passenger land transport, n.e.c. || Operation of urban and suburban railway transport || Rental of farm machinery with operators",0.353014|0.335836|0.325892|0.321088|0.264811,0.353014,retrieval:candidates,REVIEW_CANDIDATES
overture,hobby_shop,4,0.00014087483271113616,psic,rev5,,,exact,,,category,hobby shop,,,4642|46429|56303|64960|6496,"Wholesale of household, office and shop furniture, carpets and lighting equipment || Wholesale of household, office and shop furniture, carpets and lighting equipment, n.e.c. || Activities of tea shops || Pawnshop operations || Pawnshop operations",0.285307|0.280982|0.152782|0.133490|0.133490,0.285307,retrieval:candidates,REVIEW_CANDIDATES
overture,dry_cleaning,4,0.00014087483271113616,psic,rev5,,,exact,,,category,dry cleaning,,,812|8129|81299|20232|28263,"Cleaning activities || Other cleaning activities || Other cleaning activities, n.e.c. || Manufacture of other cleaning products || Manufacture of commercial washing, laundry, centrifugal clothes driers, dry-cleaning and pressing machines",0.478347|0.418371|0.381771|0.362724|0.317920,0.478347,retrieval:candidates,REVIEW_CANDIDATES
overture,commercial_refrigeration,4,0.00014087483271113616,psic,rev5,,,exact,,,category,commercial refrigeration,,,64122|28192|46591|26517|49433,"Commercial banking || Manufacture of refrigerating or freezing equipment for commercial purposes || Wholesale of commercial machinery and equipment || Manufacture of automatic controls and regulators for heating, air-conditioning, refrigeration and household appliances || Refrigerated transport services operation",0.385701|0.338766|0.297815|0.231262|0.218788,0.385701,retrieval:candidates,REVIEW_CANDIDATES
overture,luggage_store,4,0.00014087483271113616,psic,rev5,,,exact,,,category,luggage store,,,15121|1512|151|H|52103,"Manufacture of luggage, handbags and wallets of leather and imitation leather || Manufacture of luggage, handbags and the like, saddlery and harness of any material || Tanning, dyeing, dressing of leather and fur; manufacture of luggage, handbags, saddlery and harness || Transportation and Storage || Operation of cold storages, refrigerated warehouses or cool stores",0.278355|0.253953|0.234925|0.077907|0.071078,0.278355,retrieval:candidates,REVIEW_CANDIDATES
overture,aquatic_pet_store,4,0.00014087483271113616,psic,rev5,,,exact,,,category,aquatic pet store,,,4776|47761|96902|47762|10205,Retail sale of pet and pet supplies || Retail sale of pet || Pet care services || Retail sale of pet supplies || Production of fish meals or unprepared animal feeds from fish and other aquatic animals,0.326323|0.321245|0.276191|0.253287|0.223842,0.326323,retrieval:candidates,REVIEW_CANDIDATES
overture,gun_and_ammo_store,4,0.00014087483271113616,psic,rev5,,,exact,,,category,gun and ammo store,,,H|521|5210|52109|25200,"Transportation and Storage || Warehousing and storage || Warehousing and storage || Warehousing and storage, n.e.c. || Manufacture of weapons and ammunition",0.154728|0.145905|0.145905|0.139118|0.118922,0.154728,retrieval:candidates,REVIEW_CANDIDATES
overture,motorsports_store,4,0.00014087483271113616,psic,rev5,,,exact,,,category,motorsports store,,,931|9319|3230|323|93199,"Sports activities || Other sports activities || Manufacture of sports goods || Manufacture of sports goods || Other sports activities, n.e.c.",0.148953|0.134379|0.118697|0.118697|0.110751,0.148953,retrieval:candidates,REVIEW_CANDIDATES
overture,fitness_trainer,4,0.00014087483271113616,psic,rev5,,,exact,,,category,fitness trainer,SUBTREE,93111,93111|32303|85592|8299|82990,"Operation of fitness centers || Manufacture of gymnasium, fitness center or athletic equipment || Non-formal instruction and training service activities || Other business support service activities n.e.c. || Other business support service activities n.e.c.",0.499729|0.313305|0.059062|0.048088|0.048088,0.499729,retrieval:strong_separated_hit,REVIEW_REQUIRED
overture,service_apartment,4,0.00014087483271113616,psic,rev5,,,exact,,,category,service apartment,SUBTREE,55104,55104|T|96|56290|5629,Operation of apartment hotels || Other Service Activities || Personal Service Activities || Other food service activities || Other food service activities,0.515882|0.223197|0.189365|0.186572|0.186572,0.515882,retrieval:strong_separated_hit,REVIEW_REQUIRED
overture,charity_organization,4,0.00014087483271113616,psic,rev5,,,exact,,,category,charity organization,,,823|82300|8230|93295|94920,Organization of conventions and trade shows || Organization of conventions and trade shows || Organization of conventions and trade shows || Operation of audiovisual equipment and special effects associated with the organization of live amusement and recreation events || Activities of political organizations,0.368241|0.368241|0.368241|0.218508|0.196807,0.368241,retrieval:candidates,REVIEW_CANDIDATES
overture,political_organization,4,0.00014087483271113616,psic,rev5,,,exact,,,category,political organization,,,94920|9492|8230|823|82300,Activities of political organizations || Activities of political organizations || Organization of conventions and trade shows || Organization of conventions and trade shows || Organization of conventions and trade shows,0.587374|0.587374|0.286480|0.286480|0.286480,0.587374,retrieval:candidates,REVIEW_CANDIDATES
overture,agricultural_cooperative,4,0.00014087483271113616,psic,rev5,,,exact,,,category,agricultural cooperative,SUBTREE,64125,64125|2821|46530|4653|28219,"Cooperative banking || Manufacture of agricultural and forestry machinery || Wholesale of agricultural machinery, equipment and supplies || Wholesale of agricultural machinery, equipment and supplies || Manufacture of agricultural and forestry machinery and equipment, n.e.c.",0.512082|0.317168|0.290323|0.290323|0.277776,0.512082,retrieval:strong_separated_hit,REVIEW_REQUIRED
overture,passport_and_visa_service,4,0.00014087483271113616,psic,rev5,,,exact,,,category,passport and visa service,,,T|96|09|56290|5629,Other Service Activities || Personal Service Activities || Mining Support Service Activities || Other food service activities || Other food service activities,0.359964|0.316018|0.304401|0.300362|0.300362,0.359964,retrieval:candidates,REVIEW_CANDIDATES
overture,youth_organization,4,0.00014087483271113616,psic,rev5,,,exact,,,category,youth organization,,,823|8230|82300|93295|94920,Organization of conventions and trade shows || Organization of conventions and trade shows || Organization of conventions and trade shows || Operation of audiovisual equipment and special effects associated with the organization of live amusement and recreation events || Activities of political organizations,0.399974|0.399974|0.399974|0.242145|0.233496,0.399974,retrieval:candidates,REVIEW_CANDIDATES
overture,real_estate_investment,4,0.00014087483271113616,psic,rev5,,,exact,,,category,real estate investment,,,68|M|68210|6821|682,Real Estate Activities || Real Estate Activities || Intermediation service activities for real estate || Intermediation service activities for real estate || Real estate activities on a fee or contract basis,0.662283|0.662283|0.485778|0.485778|0.391837,0.662283,retrieval:candidates,REVIEW_CANDIDATES
overture,train_station,4,0.00014087483271113616,psic,rev5,,,exact,,,category,train station,,,11055|3514|35141|35149|52101,"Operation of water purifying and refilling station || Operation of charging facilities and stations || Operation of charging stations for electric vehicles || Operation of charging facilities and stations, n.e.c. || Operation of grain warehouses",0.306035|0.113963|0.108276|0.106585|0.094853,0.306035,retrieval:candidates,REVIEW_CANDIDATES
osm,amenity=bus_station,3,0.00010565612453335212,psic,rev5,,,exact,,,category,bus station amenity,,,11055|49201|49202|49203|52211,"Operation of water purifying and refilling station || Inter-regional bus transport operation || Intra-regional bus transport operation || Non-scheduled and chartered bus operation || Operation of terminal facilities such as bus terminals, jeepney terminals and tricycle terminals",0.241157|0.205885|0.202921|0.185337|0.118045,0.241157,retrieval:candidates,REVIEW_CANDIDATES
osm,leisure=track,3,0.00010565612453335212,psic,rev5,,,exact,,,category,track leisure,,,28241|28211|30129|3012|33151,"Manufacture of earth-moving machinery, track laying excavators and off-road dumping trucks || Manufacture of farm tractors || Manufacture of pleasure and sporting boats, n.e.c. || Building of pleasure and sporting boats || Repair and maintenance of sports and pleasure boats",0.222450|0.071413|0.050968|0.047253|0.044348,0.222450,retrieval:candidates,REVIEW_CANDIDATES
osm,amenity=conference_centre,3,0.00010565612453335212,psic,rev5,,,exact,,,category,conference centre amenity,,,74202|6411|64110|46312|10739,"Events photography and videography, including for weddings, birthdays and conferences || Central banking || Central banking || Wholesale of sugar, confectionery and bakery products || Manufacture of chocolate and sugar confectionery products, n.e.c.",0.108549|0.083475|0.083475|0.058739|0.056610,0.108549,retrieval:candidates,REVIEW_CANDIDATES
osm,shop=watches,3,0.00010565612453335212,psic,rev5,,,exact,,,category,watches shop,,,2652|26520|47734|46498|95292,"Manufacture of watches and clocks || Manufacture of watches and clocks || Retail sale of jewelry, watches and clocks || Wholesale of watches, clocks and jewelries || Repair of watches, clocks and their parts",0.376001|0.376001|0.286709|0.264207|0.254713,0.376001,retrieval:candidates,REVIEW_CANDIDATES
osm,office=property_management,3,0.00010565612453335212,psic,rev5,,,exact,,,category,property management office,,,66300|663|6630|84115|70,Fund management activities || Fund management activities || Fund management activities || Public finance management || Activities of Head Offices; Management Consultancy Activities,0.331319|0.331319|0.331319|0.289794|0.260897,0.331319,retrieval:candidates,REVIEW_CANDIDATES
osm,shop=wholesale,3,0.00010565612453335212,psic,rev5,,,exact,,,category,wholesale shop,,,4642|46429|46|46317|46732,"Wholesale of household, office and shop furniture, carpets and lighting equipment || Wholesale of household, office and shop furniture, carpets and lighting equipment, n.e.c. || Wholesale Trade || Wholesale of salt || Wholesale of cement",0.353565|0.347492|0.296712|0.292963|0.277378,0.353565,retrieval:candidates,REVIEW_CANDIDATES
osm,leisure=water_park,3,0.00010565612453335212,psic,rev5,,,exact,,,category,water park leisure,SUBTREE,50,50|502|5021|50220|5022,Water Transport || Inland water transport || Inland passenger water transport || Inland freight water transport || Inland freight water transport,0.463524|0.324975|0.270294|0.267428|0.267428,0.463524,retrieval:strong_separated_hit,REVIEW_REQUIRED
osm,shop=toys,3,0.00010565612453335212,psic,rev5,,,exact,,,category,toys shop,,,3240|324|47630|4763|32409,"Manufacture of games and toys || Manufacture of games and toys || Retail sale of games and toys || Retail sale of games and toys || Manufacture of toys and games, n.e.c.",0.331558|0.331558|0.303893|0.303893|0.299976,0.331558,retrieval:candidates,REVIEW_CANDIDATES
osm,healthcare=birthing_centre,3,0.00010565612453335212,psic,rev5,,,exact,,,category,birthing centre healthcare,,,86|869|8699|86999|65401,"Human Health Activities || Other human health activities || Other human health activities n.e.c. || All other human health activities, n.e.c. || Pre-need plan for health",0.131018|0.125211|0.117113|0.106818|0.106661,0.131018,retrieval:candidates,REVIEW_CANDIDATES
osm,craft=photographer,3,0.00010565612453335212,psic,rev5,,,exact,,,category,photographer craft,,,742|7420|74209|74201|46495,"Photographic activities || Photographic activities || Photographic activities, n.e.c. || Activities of photo studios such as portrait photography and photograph and film processing || Wholesale of photographic and optical goods",0.251469|0.251469|0.229588|0.198606|0.190954,0.251469,retrieval:candidates,REVIEW_CANDIDATES
osm,shop=boutique,3,0.00010565612453335212,psic,rev5,,,exact,,,category,boutique shop,,,4642|46429|47743|56303|64960,"Wholesale of household, office and shop furniture, carpets and lighting equipment || Wholesale of household, office and shop furniture, carpets and lighting equipment, n.e.c. || Retail sale of antiques || Activities of tea shops || Pawnshop operations",0.247594|0.244641|0.123564|0.109148|0.095366,0.247594,retrieval:candidates,REVIEW_CANDIDATES
osm,craft=electrician,3,0.00010565612453335212,psic,rev5,,,exact,,,category,electrician craft,,,27|27122|279|2790|2732,Manufacture of Electrical Equipment || Manufacture of electricity distribution equipment || Manufacture of other electrical equipment || Manufacture of other electrical equipment || Manufacture of other electronic and electric wires and cables,0.129916|0.126699|0.123953|0.123953|0.122411,0.129916,retrieval:candidates,REVIEW_CANDIDATES
osm,amenity=recycling,3,0.00010565612453335212,psic,rev5,,,exact,,,category,recycling amenity,,,20134|86123|842|9534|95340,"Manufacture of remelted, recycled, or recovered plastics and other plastic materials || Private maternity hospital activities || Provision of services to the community as a whole || Motor vehicle and motorcycle washing and detailing activities || Motor vehicle and motorcycle washing and detailing activities",0.092609|0.055272|0.053244|0.036728|0.036728,0.092609,retrieval:candidates,REVIEW_CANDIDATES
osm,amenity=courthouse,3,0.00010565612453335212,psic,rev5,,,exact,,,category,courthouse amenity,,,5320|532|66123|53|84117,"Courier activities || Courier activities || Investment house operation || Postal and Courier Activities || Administration of constitutional bodies and oversight functions, excluding courts",0.078004|0.078004|0.076822|0.062136|0.056516,0.078004,retrieval:candidates,REVIEW_CANDIDATES
osm,tourism=yes,3,0.00010565612453335212,psic,rev5,,,exact,,,category,yes tourism,,,55201|79901|96906|79120|7912,"Operation of tourist inns || Activities of independent tourist guides || Social escort service activities, excluding tourist guides || Tour operator activities || Tour operator activities",0.226973|0.169579|0.150238|0.137151|0.137151,0.226973,retrieval:candidates,REVIEW_CANDIDATES
osm,amenity=animal_breeding,3,0.00010565612453335212,psic,rev5,,,exact,,,category,animal breeding amenity,,,014|01442|01411|0146|01412,Animal production || Raising and breeding of goats || Raising and breeding of cattle || Raising and breeding of chickens || Raising and breeding of carabaos,0.382065|0.336914|0.327531|0.323619|0.313131,0.382065,retrieval:candidates,REVIEW_CANDIDATES
osm,amenity=boat_rental,3,0.00010565612453335212,psic,rev5,,,exact,,,category,boat rental amenity,,,77|77100|771|7710|77292,Rental and Leasing Activities || Rental and leasing of motor vehicles || Rental and leasing of motor vehicles || Rental and leasing of motor vehicles || Rental and leasing of household furniture,0.367946|0.306366|0.306366|0.306366|0.275271,0.367946,retrieval:candidates,REVIEW_CANDIDATES
osm,shop=tattoo,3,0.00010565612453335212,psic,rev5,,,exact,,,category,tattoo shop,,,96908|4642|46429|56303|64960,"Tattoo and body piercing artists' activities || Wholesale of household, office and shop furniture, carpets and lighting equipment || Wholesale of household, office and shop furniture, carpets and lighting equipment, n.e.c. || Activities of tea shops || Pawnshop operations",0.314256|0.182992|0.180503|0.091984|0.080370,0.314256,retrieval:candidates,REVIEW_CANDIDATES
osm,emergency=ambulance_station,3,0.00010565612453335212,psic,rev5,,,exact,,,category,ambulance station emergency,,,11055|6031|60310|79110|7911,Operation of water purifying and refilling station || News agency activities || News agency activities || Travel agency activities || Travel agency activities,0.272936|0.095103|0.095103|0.088232|0.088232,0.272936,retrieval:candidates,REVIEW_CANDIDATES
osm,office=advertising_agency,3,0.00010565612453335212,psic,rev5,,,exact,,,category,advertising agency office,,,73101|7310|731|73109|32994,"Activities of advertising agency, except billboard and outdoor advertising activities || Advertising activities || Advertising activities || Advertising activities, n.e.c. || Manufacture of signs and advertising displays",0.512159|0.470144|0.470144|0.442861|0.264944,0.512159,retrieval:candidates,REVIEW_CANDIDATES
osm,office=logistics,3,0.00010565612453335212,psic,rev5,,,exact,,,category,logistics office,SUBTREE,52291,52291|82|8210|821|82109,"Logistics consulting activities || Office Administrative, Office Support and Other Business Support Activities || Office administrative and support activities || Office administrative and support activities || Office administrative and support activities, n.e.c.",0.511568|0.252557|0.223874|0.223874|0.217993,0.511568,retrieval:strong_separated_hit,REVIEW_REQUIRED
osm,industrial=petroleum_terminal,3,0.00010565612453335212,psic,rev5,,,exact,,,category,petroleum terminal industrial,,,74103|46592|0610|06100|061,Industrial design activities || Wholesale of industrial machinery and equipment || Extraction of crude petroleum || Extraction of crude petroleum || Extraction of crude petroleum,0.310699|0.273748|0.273732|0.273732|0.273732,0.310699,retrieval:candidates,REVIEW_CANDIDATES
osm,office=water_utility,3,0.00010565612453335212,psic,rev5,,,exact,,,category,water utility office,,,4220|422|42209|49425|50,"Construction of utility projects || Construction of utility projects || Construction of utility projects, n.e.c. || Utility vehicle express operations || Water Transport",0.335649|0.335649|0.324759|0.296825|0.264733,0.335649,retrieval:candidates,REVIEW_CANDIDATES
osm,shop=rice,3,0.00010565612453335212,psic,rev5,,,exact,,,category,rice shop,,,0112|10611|01123|4642|46429,"Growing of rice || Rice milling || Growing of rice in upland || Wholesale of household, office and shop furniture, carpets and lighting equipment || Wholesale of household, office and shop furniture, carpets and lighting equipment, n.e.c.",0.393960|0.348348|0.251234|0.231018|0.227275,0.393960,retrieval:candidates,REVIEW_CANDIDATES
osm,amenity=theatre,3,0.00010565612453335212,psic,rev5,,,exact,,,category,theatre amenity,,,842|86123|841|80190|8019,"Provision of services to the community as a whole || Private maternity hospital activities || Administration of the State and the economic, social and environmental policies of the community || Security activities n.e.c. || Security activities n.e.c.",0.089447|0.072577|0.068893|0.040867|0.040867,0.089447,retrieval:candidates,REVIEW_CANDIDATES
osm,amenity=doctors | healthcare=doctor,3,0.00010565612453335212,psic,rev5,,,exact,,,category,doctors amenity doctor healthcare,,,86|869|8699|65401|86999,"Human Health Activities || Other human health activities || Other human health activities n.e.c. || Pre-need plan for health || All other human health activities, n.e.c.",0.118374|0.113128|0.105811|0.098290|0.096509,0.118374,retrieval:candidates,REVIEW_CANDIDATES
osm,shop=greengrocer,3,0.00010565612453335212,psic,rev5,,,exact,,,category,greengrocer shop,,,4642|46429|47111|56303|64960,"Wholesale of household, office and shop furniture, carpets and lighting equipment || Wholesale of household, office and shop furniture, carpets and lighting equipment, n.e.c. || Retail selling in groceries || Activities of tea shops || Pawnshop operations",0.238331|0.235715|0.122712|0.096695|0.084485,0.238331,retrieval:candidates,REVIEW_CANDIDATES
osm,amenity=gambling,3,0.00010565612453335212,psic,rev5,,,exact,,,category,gambling amenity,,,92|9200|920|92009|86123,"Gambling and Betting Activities || Gambling and betting activities || Gambling and betting activities || Gambling and betting activities, n.e.c. || Private maternity hospital activities",0.495523|0.495523|0.495523|0.477672|0.054474,0.495523,retrieval:candidates,REVIEW_CANDIDATES
osm,amenity=community_centre | leisure=sports_hall,3,0.00010565612453335212,psic,rev5,,,exact,,,category,community centre amenity sports hall leisure,,,931|842|9319|3230|323,Sports activities || Provision of services to the community as a whole || Other sports activities || Manufacture of sports goods || Manufacture of sports goods,0.322416|0.286813|0.259413|0.253077|0.253077,0.322416,retrieval:candidates,REVIEW_CANDIDATES
osm,amenity=place_of_mourning,3,0.00010565612453335212,psic,rev5,,,exact,,,category,place of mourning amenity,,,31|310|7810|781|31022,Manufacture of Furniture || Manufacture of furniture || Activities of employment placement agencies || Activities of employment placement agencies || Manufacture of plastic furniture,0.141067|0.141067|0.130913|0.130913|0.124635,0.141067,retrieval:candidates,REVIEW_CANDIDATES
osm,leisure=stadium,3,0.00010565612453335212,psic,rev5,,,exact,,,category,stadium leisure,,,0721|07210|30129|96304|3012,"Mining of uranium and thorium ores || Mining of uranium and thorium ores || Manufacture of pleasure and sporting boats, n.e.c. || Operation of columbarium || Building of pleasure and sporting boats",0.088963|0.088963|0.061862|0.058786|0.057353,0.088963,retrieval:candidates,REVIEW_CANDIDATES
overture,tobacco_shop,3,0.00010565612453335212,psic,rev5,,,exact,,,category,tobacco shop,,,0115|12|1200|120|12009,"Growing of tobacco || Manufacture of Tobacco Products || Manufacture of tobacco products || Manufacture of tobacco products || Tobacco manufacturing, n.e.c.",0.417407|0.378900|0.378900|0.378900|0.352069,0.417407,retrieval:candidates,REVIEW_CANDIDATES
overture,poultry_farm,3,0.00010565612453335212,psic,rev5,,,exact,,,category,poultry farm,,,28211|47213|0147|01479|01615,"Manufacture of farm tractors || Retail sale of meat, meat products and poultry || Raising of poultry, except chickens || Raising of poultry, except chickens, n.e.c. || Rental of farm machinery with operators",0.354727|0.292406|0.287283|0.279814|0.268313,0.354727,retrieval:candidates,REVIEW_CANDIDATES
overture,cosmetics_and_fragrance_store,3,0.00010565612453335212,psic,rev5,,,exact,,,category,cosmetics and fragrance store,,,46440|4644|20234|47724|4772,"Wholesale of perfumeries, cosmetics and soaps || Wholesale of perfumeries, cosmetics and soaps || Manufacture of perfumes, cosmetics and other toilet products || Retail sale of perfumery, cosmetic and toilet articles || Retail sale of pharmaceutical and medical goods, cosmetic and toilet articles",0.474085|0.474085|0.448974|0.137355|0.126911,0.474085,retrieval:candidates,REVIEW_CANDIDATES
overture,lighting_store,3,0.00010565612453335212,psic,rev5,,,exact,,,category,lighting store,,,2740|274|27409|46422|27402,Manufacture of lighting equipment || Manufacture of lighting equipment || Manufacture of lighting equipment n.e.c. || Wholesale of lighting equipment || Manufacture of lighting equipment for transportation equipment,0.530069|0.530069|0.513898|0.493936|0.339775,0.530069,retrieval:candidates,REVIEW_CANDIDATES
overture,amusement_park,3,0.00010565612453335212,psic,rev5,,,exact,,,category,amusement park,,,932|9329|93299|9321|93210,"Amusement and recreation activities || Other amusement and recreation activities || Other amusement and recreation activities, n.e.c. || Activities of amusement parks and theme parks || Activities of amusement parks and theme parks",0.490530|0.452435|0.435351|0.414378|0.414378,0.490530,retrieval:candidates,REVIEW_CANDIDATES
overture,mens_clothing_store,3,0.00010565612453335212,psic,rev5,,,exact,,,category,mens clothing store,,,46412|47711|95293|4641|46419,"Wholesale of garments, clothing, wearing apparel and clothing accessories || Retail sale of garments, clothing, wearing apparel and clothing accessories || Repair and alteration of clothing || Wholesale of textiles, clothing and footwear || Wholesale of textiles, clothing and footwear, n.e.c.",0.421266|0.416098|0.385736|0.355068|0.343163,0.421266,retrieval:candidates,REVIEW_CANDIDATES
overture,water_park,3,0.00010565612453335212,psic,rev5,,,exact,,,category,water park,SUBTREE,50,50|502|5021|50220|5022,Water Transport || Inland water transport || Inland passenger water transport || Inland freight water transport || Inland freight water transport,0.485405|0.341569|0.284429|0.281079|0.281079,0.485405,retrieval:strong_separated_hit,REVIEW_REQUIRED
overture,vietnamese_restaurant,3,0.00010565612453335212,psic,rev5,,,exact,,,category,vietnamese restaurant,,,56102|56103|561|5610|56109,"Fast-food restaurants operations, including quick service restaurant || Activities of buffet restaurants || Restaurants and mobile food service activities || Restaurants and mobile food service activities || Restaurants and mobile food service activities, n.e.c.",0.390812|0.202524|0.193352|0.193352|0.182641,0.390812,retrieval:candidates,REVIEW_CANDIDATES
overture,camera_and_photography_store,3,0.00010565612453335212,psic,rev5,,,exact,,,category,camera and photography store,,,74201|74202|742|7420|74209,"Activities of photo studios such as portrait photography and photograph and film processing || Events photography and videography, including for weddings, birthdays and conferences || Photographic activities || Photographic activities || Photographic activities, n.e.c.",0.354672|0.315302|0.213459|0.213459|0.194886,0.354672,retrieval:candidates,REVIEW_CANDIDATES
overture,commercial_vehicle_dealer,3,0.00010565612453335212,psic,rev5,,,exact,,,category,commercial vehicle dealer,,,64122|46591|46612|47812|29102,"Commercial banking || Wholesale of commercial machinery and equipment || Wholesale of commercial vehicles for public and mass transportation including buses and jeepneys || Retail sale of commercial vehicles for public and mass transportation, including buses and jeepneys || Manufacture of commercial vehicles such as vans, lorries, road tractors for semi-trailers",0.433989|0.337178|0.235539|0.232384|0.226679,0.433989,retrieval:candidates,REVIEW_CANDIDATES
overture,health_spa,3,0.00010565612453335212,psic,rev5,,,exact,,,category,health spa,,,86|869|8699|86999|65401,"Human Health Activities || Other human health activities || Other human health activities n.e.c. || All other human health activities, n.e.c. || Pre-need plan for health",0.406207|0.374651|0.360766|0.322413|0.305584,0.406207,retrieval:candidates,REVIEW_CANDIDATES
overture,whiskey_bar,3,0.00010565612453335212,psic,rev5,,,exact,,,category,whiskey bar,,,96212|08911|9621|10506|26192,Barber activities || Baryte mining || Hairdressing and barber activities || Manufacture of whey || Manufacture of bare printed circuit boards,0.066958|0.057039|0.042784|0.038973|0.038110,0.066958,retrieval:candidates,REVIEW_CANDIDATES
overture,indian_restaurant,3,0.00010565612453335212,psic,rev5,,,exact,,,category,indian restaurant,,,56102|56103|561|5610|56109,"Fast-food restaurants operations, including quick service restaurant || Activities of buffet restaurants || Restaurants and mobile food service activities || Restaurants and mobile food service activities || Restaurants and mobile food service activities, n.e.c.",0.401753|0.211378|0.201805|0.201805|0.190625,0.401753,retrieval:candidates,REVIEW_CANDIDATES
overture,taxi_service,3,0.00010565612453335212,psic,rev5,,,exact,,,category,taxi service,SUBTREE,49421,49421|T|5629|56290|96,Taxi operations || Other Service Activities || Other food service activities || Other food service activities || Personal Service Activities,0.582339|0.255266|0.213534|0.213534|0.213466,0.582339,retrieval:strong_separated_hit,REVIEW_REQUIRED
overture,yoga_studio,3,0.00010565612453335212,psic,rev5,,,exact,,,category,yoga studio,,,74201|60100|601|6010|10505,Activities of photo studios such as portrait photography and photograph and film processing || Radio broadcasting and audio distribution activities || Radio broadcasting and audio distribution activities || Radio broadcasting and audio distribution activities || Manufacture of yoghurt,0.094756|0.076365|0.076365|0.076365|0.068699,0.094756,retrieval:candidates,REVIEW_CANDIDATES
overture,pier,3,0.00010565612453335212,psic,rev5,,,exact,,,category,pier,,,96908|5320|532|53|533,Tattoo and body piercing artists' activities || Courier activities || Courier activities || Postal and Courier Activities || Intermediation service activities for postal and courier activities,0.113909|0.070923|0.070923|0.056496|0.040174,0.113909,retrieval:candidates,REVIEW_CANDIDATES
overture,sandwich_shop,3,0.00010565612453335212,psic,rev5,,,exact,,,category,sandwich shop,,,4642|46429|56303|6496|64960,"Wholesale of household, office and shop furniture, carpets and lighting equipment || Wholesale of household, office and shop furniture, carpets and lighting equipment, n.e.c. || Activities of tea shops || Pawnshop operations || Pawnshop operations",0.255148|0.251920|0.117847|0.102967|0.102967,0.255148,retrieval:candidates,REVIEW_CANDIDATES
overture,car_window_tinting,3,0.00010565612453335212,psic,rev5,,,exact,,,category,car window tinting,,,29301|29101|16221|96904|18110,"Manufacture of motor vehicle electrical equipment such as generators, spark plugs, lamps, power window and door systems || Manufacture of passenger cars such as sedan and sports car || Manufacture of wooden goods intended to be used primarily in the construction industry such as wooden doors, window and frame || Shoe shiner, porter, valet car parker and other related activities || Printing",0.182397|0.172199|0.170309|0.142706|0.118560,0.182397,retrieval:candidates,REVIEW_CANDIDATES
overture,auto_leasing,3,0.00010565612453335212,psic,rev5,,,exact,,,category,auto leasing,,,77|6491|64910|77100|7710,Rental and Leasing Activities || Financial leasing activities || Financial leasing activities || Rental and leasing of motor vehicles || Rental and leasing of motor vehicles,0.432479|0.405187|0.405187|0.358053|0.358053,0.432479,retrieval:candidates,REVIEW_CANDIDATES
overture,fertility_clinic,3,0.00010565612453335212,psic,rev5,,,exact,,,category,fertility clinic,,,86222|86226|86225|86224|20122,Private pediatric clinic activities || Private dermatology clinic activities || Private obstetrics and gynecology clinic activities || Private optometry and ophthalmology clinic activities || Manufacture of inorganic or other chemical fertilizers,0.375423|0.360396|0.286371|0.283149|0.114218,0.375423,retrieval:candidates,REVIEW_CANDIDATES
overture,senior_citizen_service,3,0.00010565612453335212,psic,rev5,,,exact,,,category,senior citizen service,,,T|96|56290|5629|813,Other Service Activities || Personal Service Activities || Other food service activities || Other food service activities || Landscape service activities,0.368159|0.326289|0.307045|0.307045|0.281965,0.368159,retrieval:candidates,REVIEW_CANDIDATES
overture,motel,3,0.00010565612453335212,psic,rev5,,,exact,,,category,motel,,,55102|55101|55103|55104|5510,Operation of motels || Operation of hotels || Operation of resort hotels || Operation of apartment hotels || Hotels and similar accommodation activities,0.247695|0.075661|0.057871|0.052209|0.049048,0.247695,retrieval:candidates,REVIEW_CANDIDATES
overture,swimming_instructor,3,0.00010565612453335212,psic,rev5,,,exact,,,category,swimming instructor,,,93292|F|4329|43290|85592,Activities of beaches and recreational swimming pools || Construction || Other construction installation || Other construction installation || Non-formal instruction and training service activities,0.369584|0.101248|0.093190|0.093190|0.076354,0.369584,retrieval:candidates,REVIEW_CANDIDATES
overture,merchandising_service,3,0.00010565612453335212,psic,rev5,,,exact,,,category,merchandising service,,,T|96|56290|5629|8130,Other Service Activities || Personal Service Activities || Other food service activities || Other food service activities || Landscape service activities,0.330415|0.297924|0.275311|0.275311|0.260566,0.330415,retrieval:candidates,REVIEW_CANDIDATES
overture,palace,3,0.00010565612453335212,psic,rev5,,,exact,,,category,palace,,,46201|10725|7810|781|01172,"Wholesale of palay, unmilled corn and other grains || Manufacture of palm sugar || Activities of employment placement agencies || Activities of employment placement agencies || Growing of fruit bearing vegetables, such as talong, ampalaya and kalabasa",0.093765|0.067186|0.043813|0.043813|0.043174,0.093765,retrieval:candidates,REVIEW_CANDIDATES
overture,food_consultant,3,0.00010565612453335212,psic,rev5,,,exact,,,category,food consultant,,,4721|10|74995|56290|5629,Retail sale of food || Manufacture of Food Products || Food safety consulting activities || Other food service activities || Other food service activities,0.386848|0.364972|0.361846|0.346968|0.346968,0.386848,retrieval:candidates,REVIEW_CANDIDATES
overture,protestant_place_of_worship,3,0.00010565612453335212,psic,rev5,,,exact,,,category,protestant place of worship,,,94|949|9499|94990|781,Activities of Membership Organizations || Activities of other membership organizations || Activities of other membership organizations n.e.c. || Activities of other membership organizations n.e.c. || Activities of employment placement agencies,0.134621|0.130575|0.127803|0.127803|0.118855,0.134621,retrieval:candidates,REVIEW_CANDIDATES
overture,public_utility,3,0.00010565612453335212,psic,rev5,,,exact,,,category,public utility,,,4220|422|42209|49425|733,"Construction of utility projects || Construction of utility projects || Construction of utility projects, n.e.c. || Utility vehicle express operations || Public relations activities",0.393157|0.393157|0.380874|0.347518|0.278965,0.393157,retrieval:candidates,REVIEW_CANDIDATES
overture,jail_or_prison,3,0.00010565612453335212,psic,rev5,,,exact,,,category,jail or prison,,,22192|90201|4610|461|46109,"Manufacture of rubber conveyor or transmission belts or belting || Activities of performing groups, circuses or companies, orchestras or bands || Wholesale on a fee or contract basis || Wholesale on a fee or contract basis || Wholesale on a fee or contract basis, n.e.c.",0.180044|0.158672|0.156800|0.156800|0.154538,0.180044,retrieval:candidates,REVIEW_CANDIDATES
overture,animal_shelter,3,0.00010565612453335212,psic,rev5,,,exact,,,category,animal shelter,SUBTREE,014,014|0162|01629|10800|108,"Animal production || Support activities for animal production || Support activities for animal production, n.e.c. || Manufacture of prepared animal feeds || Manufacture of prepared animal feeds",0.537812|0.369026|0.353546|0.342235|0.342235,0.537812,retrieval:strong_separated_hit,REVIEW_REQUIRED
overture,internal_medicine,3,0.00010565612453335212,psic,rev5,,,exact,,,category,internal medicine,,,21001|64920|6492|51102|51202,"Manufacture of drugs, medicines, biological products and medicinal active substances || International trade financing activities || International trade financing activities || International air passenger transport || International air-freight transport",0.152987|0.127489|0.127489|0.116555|0.108449,0.152987,retrieval:candidates,REVIEW_CANDIDATES
overture,garbage_collection_service,3,0.00010565612453335212,psic,rev5,,,exact,,,category,garbage collection service,,,381|9121|91210|38120|3812,Waste collection activities || Museum and collection activities || Museum and collection activities || Collection of hazardous waste || Collection of hazardous waste,0.432379|0.370435|0.370435|0.344609|0.344609,0.432379,retrieval:candidates,REVIEW_CANDIDATES
overture,ear_nose_and_throat,3,0.00010565612453335212,psic,rev5,,,exact,,,category,ear nose and throat,,,9523|95231|33152|47736|953,Repair and maintenance of footwear and leather goods || Repair and maintenance of footwear || Repair and maintenance of other ships and boats || Retail sale of eyewear and related supplies and accessories || Repair and maintenance of motor vehicles and motorcycles,0.117383|0.106406|0.105218|0.103864|0.102171,0.117383,retrieval:candidates,REVIEW_CANDIDATES
overture,meat_wholesaler,3,0.00010565612453335212,psic,rev5,,,exact,,,category,meat wholesaler,,,47213|46313|101|1010|10109,"Retail sale of meat, meat products and poultry || Wholesale of meat, meat products and poultry products, including eggs || Processing and preserving of meat || Processing and preserving of meat || Processing and preserving of meat, n.e.c.",0.437238|0.417494|0.353409|0.353409|0.300905,0.437238,retrieval:candidates,REVIEW_CANDIDATES
overture,orthopedics,3,0.00010565612453335212,psic,rev5,,,exact,,,category,orthopedics,,,47723|46594|32506|222|2220,"Retail sale of medical, orthopedic and dental instruments and supplies || Wholesale of medical, surgical and orthopedic equipment and devices || Manufacture of orthopedic appliances and prosthetic devices, including crutches, surgical belts and trusses, splints and other artificial body parts || Manufacture of plastics products || Manufacture of plastics products",0.214860|0.211469|0.124039|0.033837|0.033837,0.214860,retrieval:candidates,REVIEW_CANDIDATES
overture,night_market,3,0.00010565612453335212,psic,rev5,,,exact,,,category,night market,,,732|73200|7320|73|14104,"Market research and public opinion polling activities || Market research and public opinion polling activities || Market research and public opinion polling activities || Activities of Advertising, Market Research, and Public Relations || Manufacture of ready-to-wear mass-market apparel",0.302849|0.302849|0.302849|0.289445|0.247161,0.302849,retrieval:candidates,REVIEW_CANDIDATES
overture,electronic_equipment_supplier,3,0.00010565612453335212,psic,rev5,,,exact,,,category,electronic equipment supplier,,,3313|33130|4652|46529|2732,"Repair and maintenance of electronic and optical equipment || Repair and maintenance of electronic and optical equipment || Wholesale of electronic and telecommunications equipment and parts || Wholesale of electronic and telecommunications equipment and parts, n.e.c. || Manufacture of other electronic and electric wires and cables",0.426438|0.426438|0.406347|0.394954|0.304038,0.426438,retrieval:candidates,REVIEW_CANDIDATES
overture,information_technology_company,3,0.00010565612453335212,psic,rev5,,,exact,,,category,information technology company,,,62900|6290|629|72103|77304,Other information technology and computer service activities || Other information technology and computer service activities || Other information technology and computer service activities || Research and experimental development in information technology || Rental and leasing of office and information and communication technology machinery and equipment,0.579458|0.579458|0.579458|0.483320|0.354193,0.579458,retrieval:candidates,REVIEW_CANDIDATES
overture,auto_glass_service,3,0.00010565612453335212,psic,rev5,,,exact,,,category,auto glass service,,,2310|231|23109|23103|23101,"Manufacture of glass and glass products || Manufacture of glass and glass products || Manufacture of glass and glass products, n.e.c. || Manufacture of glass fibers, including glass wool || Manufacture of flat glass, including float glass",0.516857|0.516857|0.500779|0.400171|0.381129,0.516857,retrieval:candidates,REVIEW_CANDIDATES
overture,specialty_foods_store,3,0.00010565612453335212,psic,rev5,,,exact,,,category,specialty foods store,,,10615|10306|467|15205|43,"Manufacture of cereal breakfast foods || Manufacture of perishable prepared foods of fruits and vegetables such as salad, tofu, peeled or cut vegetables || Other specialized wholesale || Manufacture of safety and specialized footwear || Specialized Construction Activities",0.300252|0.157915|0.108814|0.099687|0.099598,0.300252,retrieval:candidates,REVIEW_CANDIDATES
overture,hair_replacement,3,0.00010565612453335212,psic,rev5,,,exact,,,category,hair replacement,,,7810|781|78101|78102|23941,Activities of employment placement agencies || Activities of employment placement agencies || Local employment recruitment and placement activities || Overseas employment recruitment and placement activities || Manufacture of cement,0.179747|0.179747|0.160239|0.150639|0.140344,0.179747,retrieval:candidates,REVIEW_CANDIDATES
overture,educational_research_institute,3,0.00010565612453335212,psic,rev5,,,exact,,,category,educational research institute,,,856|8569|85692|85691|72,Educational support activities || Other educational support activities || Private educational support service activities || Public educational support service activities || Scientific Research and Development,0.412952|0.360182|0.312211|0.311206|0.241549,0.412952,retrieval:candidates,REVIEW_CANDIDATES
overture,electrician,3,0.00010565612453335212,psic,rev5,,,exact,,,category,electrician,,,27|27122|279|2790|27320,Manufacture of Electrical Equipment || Manufacture of electricity distribution equipment || Manufacture of other electrical equipment || Manufacture of other electrical equipment || Manufacture of other electronic and electric wires and cables,0.166366|0.162245|0.158729|0.158729|0.156755,0.166366,retrieval:candidates,REVIEW_CANDIDATES
osm,amenity=lounge,2,7.043741635556808e-05,psic,rev5,,,exact,,,category,lounge amenity,,,56301|86123|842|6612|841,"Operation of nightclubs, bars and cocktail lounges || Private maternity hospital activities || Provision of services to the community as a whole || Security and commodity contracts brokerage || Administration of the State and the economic, social and environmental policies of the community",0.120296|0.054103|0.052119|0.035124|0.032944,0.120296,retrieval:candidates,REVIEW_CANDIDATES
osm,leisure=bandstand,2,7.043741635556808e-05,psic,rev5,,,exact,,,category,bandstand leisure,,,56106|56304|90201|30129|6412,"Activities of food stands, kiosks and counters || Activities of beverage stands, kiosks and counters || Activities of performing groups, circuses or companies, orchestras or bands || Manufacture of pleasure and sporting boats, n.e.c. || Other banking",0.079677|0.074449|0.063329|0.046682|0.044610,0.079677,retrieval:candidates,REVIEW_CANDIDATES
osm,amenity=biergarten,2,7.043741635556808e-05,psic,rev5,,,exact,,,category,biergarten amenity,,,86123|842|841|8019|80190,"Private maternity hospital activities || Provision of services to the community as a whole || Administration of the State and the economic, social and environmental policies of the community || Security activities n.e.c. || Security activities n.e.c.",0.060386|0.058171|0.036769|0.034002|0.034002,0.060386,retrieval:candidates,REVIEW_CANDIDATES
osm,shop=medical_supply,2,7.043741635556808e-05,psic,rev5,,,exact,,,category,medical supply shop,,,353|35300|3530|36|3600,"Steam and air conditioning supply || Steam and air conditioning supply || Steam and air conditioning supply || Water Collection, Treatment and Supply || Water collection, treatment and supply",0.231789|0.231789|0.231789|0.228415|0.228415,0.231789,retrieval:candidates,REVIEW_CANDIDATES
osm,shop=lighting,2,7.043741635556808e-05,psic,rev5,,,exact,,,category,lighting shop,,,2740|274|4642|46429|27409,"Manufacture of lighting equipment || Manufacture of lighting equipment || Wholesale of household, office and shop furniture, carpets and lighting equipment || Wholesale of household, office and shop furniture, carpets and lighting equipment, n.e.c. || Manufacture of lighting equipment n.e.c.",0.410406|0.410406|0.403402|0.396547|0.394860,0.410406,retrieval:candidates,REVIEW_CANDIDATES
osm,shop=hifi,2,7.043741635556808e-05,psic,rev5,,,exact,,,category,hifi shop,,,4642|46429|56303|64960|6496,"Wholesale of household, office and shop furniture, carpets and lighting equipment || Wholesale of household, office and shop furniture, carpets and lighting equipment, n.e.c. || Activities of tea shops || Pawnshop operations || Pawnshop operations",0.276127|0.272136|0.147508|0.128882|0.128882,0.276127,retrieval:candidates,REVIEW_CANDIDATES
osm,craft=shoemaker,2,7.043741635556808e-05,psic,rev5,,,exact,,,category,shoemaker craft,,,33153|15201|30303|303|3030,"Repair and maintenance of aircraft and aircraft engines || Manufacture of formal footwear such as dress shoes, school shoes and office shoes || Conversion, modification and overhaul of aircraft and aircraft engines || Manufacture of air and spacecraft and related machinery || Manufacture of air and spacecraft and related machinery",0.115160|0.095175|0.089459|0.086793|0.086793,0.115160,retrieval:candidates,REVIEW_CANDIDATES
osm,amenity=coworking_space,2,7.043741635556808e-05,psic,rev5,,,exact,,,category,coworking space amenity,,,28222|259|303|3030|28223,Manufacture of other machine-tools for working metal || Manufacture of other fabricated metal products; metalworking service activities || Manufacture of air and spacecraft and related machinery || Manufacture of air and spacecraft and related machinery || Manufacture of other machine-tools for working non-metallic materials,0.100758|0.084903|0.084100|0.084100|0.080308,0.100758,retrieval:candidates,REVIEW_CANDIDATES
osm,shop=paint,2,7.043741635556808e-05,psic,rev5,,,exact,,,category,paint shop,,,4642|46429|20223|46736|47526,"Wholesale of household, office and shop furniture, carpets and lighting equipment || Wholesale of household, office and shop furniture, carpets and lighting equipment, n.e.c. || Manufacture of paint removers, thinners and brush cleaners || Wholesale of paints, varnishes and lacquers and related coating and paint-removal products || Retail sale of paints, varnishes and lacquers and related coating and paint-removal products",0.208328|0.202631|0.202233|0.175708|0.174215,0.208328,retrieval:candidates,REVIEW_CANDIDATES
osm,shop=telecommunication,2,7.043741635556808e-05,psic,rev5,,,exact,,,category,telecommunication shop,,,619|6190|61900|612|6120,Other telecommunication activities || Other telecommunication activities || Other telecommunication activities || Telecommunication reselling activities and intermediation service activities for telecommunication || Telecommunication reselling activities and intermediation service activities for telecommunication,0.499675|0.499675|0.499675|0.438892|0.438892,0.499675,retrieval:candidates,REVIEW_CANDIDATES
osm,amenity=fast_food | shop=bakery,2,7.043741635556808e-05,psic,rev5,,,exact,,,category,fast food amenity bakery shop,,,1071|10719|47214|56102|46312,"Manufacture of bakery products || Manufacture of bakery products, n.e.c. || Retail sale of bakery products || Fast-food restaurants operations, including quick service restaurant || Wholesale of sugar, confectionery and bakery products",0.293035|0.275203|0.265486|0.253101|0.177527,0.293035,retrieval:candidates,REVIEW_CANDIDATES
osm,shop=farm,2,7.043741635556808e-05,psic,rev5,,,exact,,,category,farm shop,,,28211|01615|01623|4642|46429,"Manufacture of farm tractors || Rental of farm machinery with operators || Farm management services for animal production || Wholesale of household, office and shop furniture, carpets and lighting equipment || Wholesale of household, office and shop furniture, carpets and lighting equipment, n.e.c.",0.364263|0.274336|0.269567|0.203949|0.200893,0.364263,retrieval:candidates,REVIEW_CANDIDATES
osm,shop=hardware;trade,2,7.043741635556808e-05,psic,rev5,,,exact,,,category,hardware;trade shop,,,47|46|46735|47521|2593,"Retail Trade || Wholesale Trade || Wholesale of hardware and electrical materials and supplies || Retail sale of hardware and electrical materials and supplies || Manufacture of cutlery, hand tools and general hardware",0.299671|0.294544|0.233265|0.230472|0.220924,0.299671,retrieval:candidates,REVIEW_CANDIDATES
osm,leisure=golf_course,2,7.043741635556808e-05,psic,rev5,,,exact,,,category,golf course leisure,,,8561|85610|5320|532|53,Intermediation service activities for courses and tutors || Intermediation service activities for courses and tutors || Courier activities || Courier activities || Postal and Courier Activities,0.128437|0.128437|0.083356|0.083356|0.066400,0.128437,retrieval:candidates,REVIEW_CANDIDATES
osm,amenity=prison,2,7.043741635556808e-05,psic,rev5,,,exact,,,category,prison amenity,,,86123|842|80111|841|8011,"Private maternity hospital activities || Provision of services to the community as a whole || Private security activities || Administration of the State and the economic, social and environmental policies of the community || Investigation and private security activities",0.100180|0.083095|0.066351|0.050663|0.049836,0.100180,retrieval:candidates,REVIEW_CANDIDATES
osm,office=lawyer,2,7.043741635556808e-05,psic,rev5,,,exact,,,category,lawyer office,,,82|8210|821|82109|22205,"Office Administrative, Office Support and Other Business Support Activities || Office administrative and support activities || Office administrative and support activities || Office administrative and support activities, n.e.c. || Manufacture of office or school supplies made of plastic",0.415921|0.363961|0.363961|0.354806|0.290572,0.415921,retrieval:candidates,REVIEW_CANDIDATES
osm,healthcare=midwife,2,7.043741635556808e-05,psic,rev5,,,exact,,,category,midwife healthcare,,,86|869|8699|86999|65401,"Human Health Activities || Other human health activities || Other human health activities n.e.c. || All other human health activities, n.e.c. || Pre-need plan for health",0.193558|0.184979|0.173015|0.157805|0.157573,0.193558,retrieval:candidates,REVIEW_CANDIDATES
osm,amenity=prep_school,2,7.043741635556808e-05,psic,rev5,,,exact,,,category,prep school amenity,,,85530|8553|22205|47610|4761,"Driving school activities || Driving school activities || Manufacture of office or school supplies made of plastic || Retail sale of books, newspapers, stationery and other office and school supplies || Retail sale of books, newspapers, stationery and other office and school supplies",0.450692|0.450692|0.296661|0.240273|0.240273,0.450692,retrieval:candidates,REVIEW_CANDIDATES
osm,healthcare=physiotherapist,2,7.043741635556808e-05,psic,rev5,,,exact,,,category,physiotherapist healthcare,,,869|8699|86|86999|65401,"Other human health activities || Other human health activities n.e.c. || Human Health Activities || All other human health activities, n.e.c. || Pre-need plan for health",0.147589|0.138044|0.137792|0.125908|0.112175,0.147589,retrieval:candidates,REVIEW_CANDIDATES
osm,industrial=slaughterhouse,2,7.043741635556808e-05,psic,rev5,,,exact,,,category,slaughterhouse industrial,,,74103|46592|46791|3320|332,Industrial design activities || Wholesale of industrial machinery and equipment || Wholesale of industrial chemical products || Installation of industrial machinery and equipment || Installation of industrial machinery and equipment,0.432161|0.374932|0.369726|0.344634|0.344634,0.432161,retrieval:candidates,REVIEW_CANDIDATES
osm,shop=candles,2,7.043741635556808e-05,psic,rev5,,,exact,,,category,candles shop,,,3294|32940|4642|46429|56303,"Manufacture of candles || Manufacture of candles || Wholesale of household, office and shop furniture, carpets and lighting equipment || Wholesale of household, office and shop furniture, carpets and lighting equipment, n.e.c. || Activities of tea shops",0.571310|0.571310|0.196127|0.193273|0.099361,0.571310,retrieval:candidates,REVIEW_CANDIDATES
osm,amenity=bicycle_rental,2,7.043741635556808e-05,psic,rev5,,,exact,,,category,bicycle rental amenity,,,77|77100|7710|771|77292,Rental and Leasing Activities || Rental and leasing of motor vehicles || Rental and leasing of motor vehicles || Rental and leasing of motor vehicles || Rental and leasing of household furniture,0.353745|0.299375|0.299375|0.299375|0.264882,0.353745,retrieval:candidates,REVIEW_CANDIDATES
osm,man_made=pier | public_transport=platform,2,7.043741635556808e-05,psic,rev5,,,exact,,,category,pier man made platform public transport,,,203|20300|2030|51|50,Manufacture of man-made fibres || Manufacture of man-made fibres || Manufacture of man-made fibres || Air Transport || Water Transport,0.336527|0.336527|0.336527|0.222913|0.219012,0.336527,retrieval:candidates,REVIEW_CANDIDATES
osm,public_transport=stop_position,2,7.043741635556808e-05,psic,rev5,,,exact,,,category,stop position public transport,,,51|50|73300|733|7330,Air Transport || Water Transport || Public relations activities || Public relations activities || Public relations activities,0.366851|0.363037|0.294026|0.294026|0.294026,0.366851,retrieval:candidates,REVIEW_CANDIDATES
osm,amenity=health_post | healthcare=clinic,2,7.043741635556808e-05,psic,rev5,,,exact,,,category,health post amenity clinic healthcare,,,86|869|8699|86999|65401,"Human Health Activities || Other human health activities || Other human health activities n.e.c. || All other human health activities, n.e.c. || Pre-need plan for health",0.348462|0.321549|0.309508|0.276681|0.262433,0.348462,retrieval:candidates,REVIEW_CANDIDATES
osm,amenity=parking_entrance,2,7.043741635556808e-05,psic,rev5,,,exact,,,category,parking entrance amenity,,,52213|6411|64110|651|93210,Operation of parking lot and facilities || Central banking || Central banking || Insurance || Activities of amusement parks and theme parks,0.373145|0.079393|0.079393|0.076199|0.073356,0.373145,retrieval:candidates,REVIEW_CANDIDATES
osm,amenity=fast_food | shop=convenience,2,7.043741635556808e-05,psic,rev5,,,exact,,,category,fast food amenity convenience shop,,,47114|56102|4721|10|56290,"Retail selling in convenience stores || Fast-food restaurants operations, including quick service restaurant || Retail sale of food || Manufacture of Food Products || Other food service activities",0.316928|0.240077|0.148356|0.139398|0.135654,0.316928,retrieval:candidates,REVIEW_CANDIDATES
osm,tourism=attraction | leisure=water_park,2,7.043741635556808e-05,psic,rev5,,,exact,,,category,attraction tourism water park leisure,,,50|502|5021|5022|50220,Water Transport || Inland water transport || Inland passenger water transport || Inland freight water transport || Inland freight water transport,0.423001|0.294244|0.243887|0.242147|0.242147,0.423001,retrieval:candidates,REVIEW_CANDIDATES
osm,shop=photo,2,7.043741635556808e-05,psic,rev5,,,exact,,,category,photo shop,,,74201|4642|46429|56303|742,"Activities of photo studios such as portrait photography and photograph and film processing || Wholesale of household, office and shop furniture, carpets and lighting equipment || Wholesale of household, office and shop furniture, carpets and lighting equipment, n.e.c. || Activities of tea shops || Photographic activities",0.230127|0.197191|0.194185|0.111073|0.110993,0.230127,retrieval:candidates,REVIEW_CANDIDATES
osm,craft=tailor,2,7.043741635556808e-05,psic,rev5,,,exact,,,category,tailor craft,,,1441|14410|144|33153|30303,"Custom tailoring || Custom tailoring || Custom tailoring and dressmaking || Repair and maintenance of aircraft and aircraft engines || Conversion, modification and overhaul of aircraft and aircraft engines",0.175668|0.175668|0.130817|0.126604|0.098348,0.175668,retrieval:candidates,REVIEW_CANDIDATES
osm,tourism=yes | leisure=beach_resort,2,7.043741635556808e-05,psic,rev5,,,exact,,,category,yes tourism beach resort leisure,,,55103|55201|79901|96906|93292,"Operation of resort hotels || Operation of tourist inns || Activities of independent tourist guides || Social escort service activities, excluding tourist guides || Activities of beaches and recreational swimming pools",0.435514|0.120285|0.089868|0.086953|0.078532,0.435514,retrieval:candidates,REVIEW_CANDIDATES
osm,leisure=common,2,7.043741635556808e-05,psic,rev5,,,exact,,,category,common leisure,,,55|5590|559|I|55909,"Accommodation || Other accommodation n.e.c. || Other accommodation n.e.c. || Accommodation and Food Service Activities || All other accommodation, n.e.c.",0.103214|0.089188|0.089188|0.077906|0.075335,0.103214,retrieval:candidates,REVIEW_CANDIDATES
osm,shop=tailor,2,7.043741635556808e-05,psic,rev5,,,exact,,,category,tailor shop,,,4642|46429|14410|1441|144,"Wholesale of household, office and shop furniture, carpets and lighting equipment || Wholesale of household, office and shop furniture, carpets and lighting equipment, n.e.c. || Custom tailoring || Custom tailoring || Custom tailoring and dressmaking",0.246055|0.243158|0.179028|0.179028|0.133319,0.246055,retrieval:candidates,REVIEW_CANDIDATES
osm,amenity=security_booth,2,7.043741635556808e-05,psic,rev5,,,exact,,,category,security booth amenity,,,8019|80190|80111|801|80,Security activities n.e.c. || Security activities n.e.c. || Private security activities || Investigation and security activities || Investigation and Security Activities,0.643584|0.643584|0.498655|0.402424|0.402424,0.643584,retrieval:candidates,REVIEW_CANDIDATES
osm,shop=chocolate,2,7.043741635556808e-05,psic,rev5,,,exact,,,category,chocolate shop,SUBTREE,10731,10731|10739|1073|4642|46429,"Manufacture of chocolate and cocoa products, including chocolate candies || Manufacture of chocolate and sugar confectionery products, n.e.c. || Manufacture of cocoa, chocolate and sugar confectionery || Wholesale of household, office and shop furniture, carpets and lighting equipment || Wholesale of household, office and shop furniture, carpets and lighting equipment, n.e.c.",0.455237|0.332225|0.323304|0.183342|0.181035,0.455237,retrieval:strong_separated_hit,REVIEW_REQUIRED
osm,amenity=shelter | public_transport=platform,2,7.043741635556808e-05,psic,rev5,,,exact,,,category,shelter amenity platform public transport,,,50|51|59111|494|733,"Water Transport || Air Transport || Movie, television-series or streaming platform program production || Other land transport || Public relations activities",0.266059|0.258238|0.229149|0.210491|0.203906,0.266059,retrieval:candidates,REVIEW_CANDIDATES
osm,man_made=water_tower,2,7.043741635556808e-05,psic,rev5,,,exact,,,category,water tower man made,,,203|20300|2030|50|28261,"Manufacture of man-made fibres || Manufacture of man-made fibres || Manufacture of man-made fibres || Water Transport || Manufacture of textile machinery, including machineries for man-made textile fibers or yarns",0.429103|0.429103|0.429103|0.247951|0.227889,0.429103,retrieval:candidates,REVIEW_CANDIDATES
osm,healthcare=yes,2,7.043741635556808e-05,psic,rev5,,,exact,,,category,yes healthcare,,,86|869|8699|86999|65401,"Human Health Activities || Other human health activities || Other human health activities n.e.c. || All other human health activities, n.e.c. || Pre-need plan for health",0.220437|0.210667|0.197042|0.178288|0.178026,0.220437,retrieval:candidates,REVIEW_CANDIDATES
osm,shop=stationery,2,7.043741635556808e-05,psic,rev5,,,exact,,,category,stationery shop,,,46496|4761|47610|4642|46429,"Wholesale of stationery, books, magazines and newspapers || Retail sale of books, newspapers, stationery and other office and school supplies || Retail sale of books, newspapers, stationery and other office and school supplies || Wholesale of household, office and shop furniture, carpets and lighting equipment || Wholesale of household, office and shop furniture, carpets and lighting equipment, n.e.c.",0.248346|0.234633|0.234633|0.193741|0.191055,0.248346,retrieval:candidates,REVIEW_CANDIDATES
osm,leisure=outdoor_seating,2,7.043741635556808e-05,psic,rev5,,,exact,,,category,outdoor seating leisure,,,73102|73101|43222|52322|30129,"Billboard and outdoor advertising activities || Activities of advertising agency, except billboard and outdoor advertising activities || Heating systems installation || Ticketing and seat reservation for passenger transportation || Manufacture of pleasure and sporting boats, n.e.c.",0.403505|0.284089|0.049463|0.049446|0.046009,0.403505,retrieval:candidates,REVIEW_CANDIDATES
overture,comfort_food_restaurant,2,7.043741635556808e-05,psic,rev5,,,exact,,,category,comfort food restaurant,,,56102|561|5610|56109|4721,"Fast-food restaurants operations, including quick service restaurant || Restaurants and mobile food service activities || Restaurants and mobile food service activities || Restaurants and mobile food service activities, n.e.c. || Retail sale of food",0.455741|0.339485|0.339485|0.325478|0.244125,0.455741,retrieval:candidates,REVIEW_CANDIDATES
overture,airline,2,7.043741635556808e-05,psic,rev5,,,exact,,,category,airline,,,4930|49300|493|51|08931,Transport via pipeline || Transport via pipeline || Transport via pipeline || Air Transport || Table salt production by evaporation of sea water or other saline waters,0.102286|0.102286|0.102286|0.069243|0.064911,0.102286,retrieval:candidates,REVIEW_CANDIDATES
overture,flight_school,2,7.043741635556808e-05,psic,rev5,,,exact,,,category,flight school,,,85530|8553|22205|4761|47610,"Driving school activities || Driving school activities || Manufacture of office or school supplies made of plastic || Retail sale of books, newspapers, stationery and other office and school supplies || Retail sale of books, newspapers, stationery and other office and school supplies",0.447180|0.447180|0.294080|0.238343|0.238343,0.447180,retrieval:candidates,REVIEW_CANDIDATES
overture,casino,2,7.043741635556808e-05,psic,rev5,,,exact,,,category,casino,,,92002|24311|243|24312|32962,Operation of casinos || Casting of iron || Casting of metals || Casting of steel || Manufacture of metal caskets,0.249240|0.048004|0.046768|0.044196|0.038397,0.249240,retrieval:candidates,REVIEW_CANDIDATES
overture,soccer_field,2,7.043741635556808e-05,psic,rev5,,,exact,,,category,soccer field,,,47405|47404|R|8890|889,"Retail sale of parts and accessories of smartphones, mobile phones and other handheld mobile devices || Retail sale of smartphones, mobile phones and other handheld mobile devices || Human Health and Social Work Activities || Other social work activities without accommodation || Other social work activities without accommodation",0.045301|0.041661|0.039819|0.038304|0.038304,0.045301,retrieval:candidates,REVIEW_CANDIDATES
overture,print_media,2,7.043741635556808e-05,psic,rev5,,,exact,,,category,print media,,,18|73103|182|1820|2680,Printing and Reproduction of Recorded Media || Media representation activities || Reproduction of recorded media || Reproduction of recorded media || Manufacture of magnetic and optical media,0.362940|0.354636|0.340319|0.340319|0.306702,0.362940,retrieval:candidates,REVIEW_CANDIDATES
overture,pentecostal_place_of_worship,2,7.043741635556808e-05,psic,rev5,,,exact,,,category,pentecostal place of worship,,,94|949|9499|94990|781,Activities of Membership Organizations || Activities of other membership organizations || Activities of other membership organizations n.e.c. || Activities of other membership organizations n.e.c. || Activities of employment placement agencies,0.137548|0.133429|0.130546|0.130546|0.120413,0.137548,retrieval:candidates,REVIEW_CANDIDATES
overture,outdoor_store,2,7.043741635556808e-05,psic,rev5,,,exact,,,category,outdoor store,,,73102|73101|47191|52103|47114,"Billboard and outdoor advertising activities || Activities of advertising agency, except billboard and outdoor advertising activities || Retail selling in department stores || Operation of cold storages, refrigerated warehouses or cool stores || Retail selling in convenience stores",0.418598|0.293664|0.069001|0.068651|0.065597,0.418598,retrieval:candidates,REVIEW_CANDIDATES
overture,taco_restaurant,2,7.043741635556808e-05,psic,rev5,,,exact,,,category,taco restaurant,,,56102|56103|561|5610|56109,"Fast-food restaurants operations, including quick service restaurant || Activities of buffet restaurants || Restaurants and mobile food service activities || Restaurants and mobile food service activities || Restaurants and mobile food service activities, n.e.c.",0.408867|0.219175|0.209248|0.209248|0.197657,0.408867,retrieval:candidates,REVIEW_CANDIDATES
overture,mediterranean_restaurant,2,7.043741635556808e-05,psic,rev5,,,exact,,,category,mediterranean restaurant,,,56102|56103|5610|561|56109,"Fast-food restaurants operations, including quick service restaurant || Activities of buffet restaurants || Restaurants and mobile food service activities || Restaurants and mobile food service activities || Restaurants and mobile food service activities, n.e.c.",0.377924|0.190826|0.182184|0.182184|0.172091,0.377924,retrieval:candidates,REVIEW_CANDIDATES
overture,rock_climbing_spot,2,7.043741635556808e-05,psic,rev5,,,exact,,,category,rock climbing spot,,,08914|43221|25995|432|4673,"Rock phosphate mining || Plumbing installation || Manufacture of metal sanitary ware and plumbing fixtures || Electrical, plumbing and other construction installation activities || Wholesale of construction materials, hardware, plumbing and heating equipment and supplies",0.409487|0.084082|0.059422|0.058693|0.050776,0.409487,retrieval:candidates,REVIEW_CANDIDATES
overture,bingo_hall,2,7.043741635556808e-05,psic,rev5,,,exact,,,category,bingo hall,,,93296|93297|74996|43221|85599,"Operation of billiard halls || Operation of bowling halls || Halal consulting activities || Plumbing installation || All other education, n.e.c.",0.113270|0.108339|0.053483|0.044858|0.042627,0.113270,retrieval:candidates,REVIEW_CANDIDATES
overture,video_game_store,2,7.043741635556808e-05,psic,rev5,,,exact,,,category,video game store,,,6211|62110|5821|58210|01464,"Development of video games, video game software, and video game software tools || Development of video games, video game software, and video game software tools || Publishing of video games || Publishing of video games || Raising of game fowl",0.580941|0.580941|0.287445|0.287445|0.274153,0.580941,retrieval:candidates,REVIEW_CANDIDATES
overture,comic_books_store,2,7.043741635556808e-05,psic,rev5,,,exact,,,category,comic books store,,,58110|5811|47742|46496|581,"Publishing of books || Publishing of books || Retail sale of second-hand books || Wholesale of stationery, books, magazines and newspapers || Publishing of books, newspapers, periodicals and other publishing activities",0.487167|0.487167|0.347360|0.239368|0.219951,0.487167,retrieval:candidates,REVIEW_CANDIDATES
overture,sports_bar,2,7.043741635556808e-05,psic,rev5,,,exact,,,category,sports bar,,,931|9319|323|3230|93199,"Sports activities || Other sports activities || Manufacture of sports goods || Manufacture of sports goods || Other sports activities, n.e.c.",0.630658|0.515162|0.484903|0.484903|0.471435,0.630658,retrieval:candidates,REVIEW_CANDIDATES
overture,television_service_provider,2,7.043741635556808e-05,psic,rev5,,,exact,,,category,television service provider,,,591|59113|5911|59119|59130,"Motion picture, video and television program activities || Production of television or video news programs || Motion picture, video and television program production activities || Motion picture, video and television program production activities, n.e.c. || Motion picture, video and television program distribution activities",0.305521|0.299694|0.292498|0.285944|0.278108,0.305521,retrieval:candidates,REVIEW_CANDIDATES
overture,private_association,2,7.043741635556808e-05,psic,rev5,,,exact,,,category,private association,,,80111|8612|85402|86129|86221,"Private security activities || Private hospital activities || Private tertiary education || Private hospital activities, n.e.c. || Private dental practice activities",0.378540|0.368809|0.360127|0.356938|0.313417,0.378540,retrieval:candidates,REVIEW_CANDIDATES
overture,medical_research_institute,2,7.043741635556808e-05,psic,rev5,,,exact,,,category,medical research institute,,,72101|72|32505|862|732,Research and experimental development in medical and health sciences || Scientific Research and Development || Manufacture of medical thermometers and other medical and diagnostic instruments || Medical and dental practice activities || Market research and public opinion polling activities,0.330659|0.265803|0.250428|0.221631|0.214555,0.330659,retrieval:candidates,REVIEW_CANDIDATES
overture,candy_store,2,7.043741635556808e-05,psic,rev5,,,exact,,,category,candy store,,,10504|3294|32940|47191|52103,"Manufacture of ice cream and sherbet, ice drop, ice candy and other flavored ices || Manufacture of candles || Manufacture of candles || Retail selling in department stores || Operation of cold storages, refrigerated warehouses or cool stores",0.242615|0.089134|0.089134|0.081101|0.079014,0.242615,retrieval:candidates,REVIEW_CANDIDATES
overture,cultural_center,2,7.043741635556808e-05,psic,rev5,,,exact,,,category,cultural center,,,8552|85520|86223|476|4769,Cultural education || Cultural education || Private dialysis center activities || Retail sale of cultural and recreational goods || Retail sale of cultural and recreational goods n.e.c.,0.423318|0.423318|0.324045|0.265935|0.259535,0.423318,retrieval:candidates,REVIEW_CANDIDATES
overture,media_agency,2,7.043741635556808e-05,psic,rev5,,,exact,,,category,media agency,,,60310|6031|79110|7911|73103,News agency activities || News agency activities || Travel agency activities || Travel agency activities || Media representation activities,0.400673|0.400673|0.387950|0.387950|0.275404,0.400673,retrieval:candidates,REVIEW_CANDIDATES
overture,health_and_wellness_club,2,7.043741635556808e-05,psic,rev5,,,exact,,,category,health and wellness club,,,R|86|869|8699|47722,Human Health and Social Work Activities || Human Health Activities || Other human health activities || Other human health activities n.e.c. || Retail sale of non-medicinal wellness and herbal products and supplements,0.369258|0.288483|0.265712|0.256150|0.255264,0.369258,retrieval:candidates,REVIEW_CANDIDATES
overture,belgian_restaurant,2,7.043741635556808e-05,psic,rev5,,,exact,,,category,belgian restaurant,,,56102|56103|561|5610|56109,"Fast-food restaurants operations, including quick service restaurant || Activities of buffet restaurants || Restaurants and mobile food service activities || Restaurants and mobile food service activities || Restaurants and mobile food service activities, n.e.c.",0.407899|0.218283|0.208397|0.208397|0.196852,0.407899,retrieval:candidates,REVIEW_CANDIDATES
overture,bowling_alley,2,7.043741635556808e-05,psic,rev5,,,exact,,,category,bowling alley,SUBTREE,32403,32403|93297|01153|10611|10612,"Manufacture of billiard, pool, bowling alley and similar games equipment || Operation of bowling halls || Growing of Burley tobacco || Rice milling || Corn milling",0.504160|0.362067|0.045383|0.032070|0.031116,0.504160,retrieval:strong_separated_hit,REVIEW_REQUIRED
overture,adult_entertainment_venue,2,7.043741635556808e-05,psic,rev5,,,exact,,,category,adult entertainment venue,,,82200|8220|822|74993|71102,Activities of call centers || Activities of call centers || Activities of call centers || Environmental consulting activities || Environmental engineering activities,0.064622|0.064622|0.064622|0.062180|0.060101,0.064622,retrieval:candidates,REVIEW_CANDIDATES
overture,wholesale_grocer,2,7.043741635556808e-05,psic,rev5,,,exact,,,category,wholesale grocer,,,46|46317|46732|46631|46318,Wholesale Trade || Wholesale of salt || Wholesale of cement || Wholesale of motorcycles || Wholesale of spices,0.410200|0.392106|0.376447|0.370280|0.364075,0.410200,retrieval:candidates,REVIEW_CANDIDATES
overture,b2b_marketing_consultant,2,7.043741635556808e-05,psic,rev5,,,exact,,,category,b2b marketing consultant,,,7491|74910|7020|702|70200,Patent brokering and marketing service activities || Patent brokering and marketing service activities || Business and other management consultancy activities || Business and other management consultancy activities || Business and other management consultancy activities,0.384633|0.384633|0.125009|0.125009|0.125009,0.384633,retrieval:candidates,REVIEW_CANDIDATES
overture,antique_store,2,7.043741635556808e-05,psic,rev5,,,exact,,,category,antique store,,,47743|47191|52103|47114|47113,"Retail sale of antiques || Retail selling in department stores || Operation of cold storages, refrigerated warehouses or cool stores || Retail selling in convenience stores || Retail selling in sari-sari stores",0.246948|0.074152|0.072243|0.070494|0.066174,0.246948,retrieval:candidates,REVIEW_CANDIDATES
overture,vending_machine_supplier,2,7.043741635556808e-05,psic,rev5,,,exact,,,category,vending machine supplier,,,2822|28229|28224|28222|28223,"Manufacture of metal-forming machinery and machine tools || Manufacture of metal-forming machinery and machine tools, n.e.c. || Manufacture of parts and accessories for metal-forming machinery and machine tools || Manufacture of other machine-tools for working metal || Manufacture of other machine-tools for working non-metallic materials",0.303256|0.297176|0.250127|0.244121|0.205609,0.303256,retrieval:candidates,REVIEW_CANDIDATES
overture,housing_authority,2,7.043741635556808e-05,psic,rev5,,,exact,,,category,housing authority,,,68103|5210|521|52109|52,"Selling of self-owned residential buildings, including mass housing || Warehousing and storage || Warehousing and storage || Warehousing and storage, n.e.c. || Warehousing and Support Activities for Transportation",0.255848|0.118291|0.118291|0.107532|0.098911,0.255848,retrieval:candidates,REVIEW_CANDIDATES
overture,landscaping,2,7.043741635556808e-05,psic,rev5,,,exact,,,category,landscaping,,,81300|8130|813|81|494,Landscape service activities || Landscape service activities || Landscape service activities || Services to Buildings and Landscape Activities || Other land transport,0.240980|0.240980|0.240980|0.195591|0.070270,0.240980,retrieval:candidates,REVIEW_CANDIDATES
overture,b2b_science_and_technology_service,2,7.043741635556808e-05,psic,rev5,,,exact,,,category,b2b science and technology service,,,6290|62900|629|72105|72103,Other information technology and computer service activities || Other information technology and computer service activities || Other information technology and computer service activities || Research and experimental development in other engineering and technology || Research and experimental development in information technology,0.393559|0.393559|0.393559|0.389438|0.263509,0.393559,retrieval:candidates,REVIEW_CANDIDATES
overture,linen_store,2,7.043741635556808e-05,psic,rev5,,,exact,,,category,linen store,,,13921|47191|47114|52103|47113,"Manufacture of made-up bed, table and kitchen linen || Retail selling in department stores || Retail selling in convenience stores || Operation of cold storages, refrigerated warehouses or cool stores || Retail selling in sari-sari stores",0.313305|0.088854|0.084471|0.081060|0.079295,0.313305,retrieval:candidates,REVIEW_CANDIDATES
overture,auto_body_shop,2,7.043741635556808e-05,psic,rev5,,,exact,,,category,auto body shop,,,95315|96908|4642|46429|32506,"Motor vehicle body structure repair || Tattoo and body piercing artists' activities || Wholesale of household, office and shop furniture, carpets and lighting equipment || Wholesale of household, office and shop furniture, carpets and lighting equipment, n.e.c. || Manufacture of orthopedic appliances and prosthetic devices, including crutches, surgical belts and trusses, splints and other artificial body parts",0.274842|0.219056|0.191628|0.189019|0.130829,0.274842,retrieval:candidates,REVIEW_CANDIDATES
overture,gymnastics_center,2,7.043741635556808e-05,psic,rev5,,,exact,,,category,gymnastics center,,,32303|86223|82200|822|8220,"Manufacture of gymnasium, fitness center or athletic equipment || Private dialysis center activities || Activities of call centers || Activities of call centers || Activities of call centers",0.364458|0.346974|0.118170|0.118170|0.118170,0.364458,retrieval:candidates,REVIEW_CANDIDATES
overture,textile_manufacturer,2,7.043741635556808e-05,psic,rev5,,,exact,,,category,textile manufacturer,,,46794|28261|47513|28269|1392,"Wholesale of textile fibers || Manufacture of textile machinery, including machineries for man-made textile fibers or yarns || Retail sale of made-up textile goods || Manufacture of machinery for textile apparel and leather production, n.e.c. || Manufacture of made-up textile articles, except apparel",0.454935|0.386556|0.361750|0.352902|0.350182,0.454935,retrieval:candidates,REVIEW_CANDIDATES
overture,chocolatier,2,7.043741635556808e-05,psic,rev5,,,exact,,,category,chocolatier,,,10731|10739|1073|5320|532,"Manufacture of chocolate and cocoa products, including chocolate candies || Manufacture of chocolate and sugar confectionery products, n.e.c. || Manufacture of cocoa, chocolate and sugar confectionery || Courier activities || Courier activities",0.260100|0.188698|0.187227|0.045537|0.045537,0.260100,retrieval:candidates,REVIEW_CANDIDATES
overture,beauty_product_supplier,2,7.043741635556808e-05,psic,rev5,,,exact,,,category,beauty product supplier,,,96220|9622|962|20296|47762,"Beauty care and other beauty treatment activities || Beauty care and other beauty treatment activities || Hairdressing, beauty treatment, day spa and similar activities || Manufacture of essential oil and concentrates, natural aromatic product extracts, resinoids, aromatic distilled waters and odoriferous product mixtures used in perfumes or food || Retail sale of pet supplies",0.441545|0.441545|0.231348|0.173476|0.113903,0.441545,retrieval:candidates,REVIEW_CANDIDATES
overture,plumbing,2,7.043741635556808e-05,psic,rev5,,,exact,,,category,plumbing,,,43221|432|25995|4322|4673,"Plumbing installation || Electrical, plumbing and other construction installation activities || Manufacture of metal sanitary ware and plumbing fixtures || Plumbing, heat and air-conditioning installation || Wholesale of construction materials, hardware, plumbing and heating equipment and supplies",0.619216|0.388021|0.365659|0.359214|0.322798,0.619216,retrieval:candidates,REVIEW_CANDIDATES
overture,frozen_yogurt_shop,2,7.043741635556808e-05,psic,rev5,,,exact,,,category,frozen yogurt shop,,,10102|4642|46429|10505|56303,"Production of fresh meat whether chilled or frozen || Wholesale of household, office and shop furniture, carpets and lighting equipment || Wholesale of household, office and shop furniture, carpets and lighting equipment, n.e.c. || Manufacture of yoghurt || Activities of tea shops",0.279002|0.174953|0.172756|0.094124|0.081177,0.279002,retrieval:candidates,REVIEW_CANDIDATES
overture,occupational_safety,2,7.043741635556808e-05,psic,rev5,,,exact,,,category,occupational safety,,,74995|8423|84230|15205|32997,"Food safety consulting activities || Public order and safety activities || Public order and safety activities || Manufacture of safety and specialized footwear || Manufacture of personal protective and safety equipment such as hard hats, safety belts, gas masks and earplugs",0.431717|0.409800|0.409800|0.377782|0.347380,0.431717,retrieval:candidates,REVIEW_CANDIDATES
overture,social_media_agency,2,7.043741635556808e-05,psic,rev5,,,exact,,,category,social media agency,,,6031|60310|79110|7911|73103,News agency activities || News agency activities || Travel agency activities || Travel agency activities || Media representation activities,0.335127|0.335127|0.324614|0.324614|0.231002,0.335127,retrieval:candidates,REVIEW_CANDIDATES
overture,restaurant_wholesale,2,7.043741635556808e-05,psic,rev5,,,exact,,,category,restaurant wholesale,,,56102|46|46317|46732|46318,"Fast-food restaurants operations, including quick service restaurant || Wholesale Trade || Wholesale of salt || Wholesale of cement || Wholesale of spices",0.383417|0.243108|0.237859|0.230957|0.216848,0.383417,retrieval:candidates,REVIEW_CANDIDATES
overture,bike_repair_maintenance,2,7.043741635556808e-05,psic,rev5,,,exact,,,category,bike repair maintenance,,,3312|33120|33|3319|33190,"Repair and maintenance of machinery || Repair and maintenance of machinery || Repair, Maintenance and Installation of Machinery and Equipment || Repair and maintenance of other equipment || Repair and maintenance of other equipment",0.479277|0.479277|0.479174|0.453399|0.453399,0.479277,retrieval:candidates,REVIEW_CANDIDATES
overture,sunglasses_store,2,7.043741635556808e-05,psic,rev5,,,exact,,,category,sunglasses store,,,32502|23102|2310|231|23109,"Manufacture of ophthalmic goods, including eyeglasses, sunglasses, contact lenses and safety goggles || Manufacture of hollow glass, such as bottles, drinking glasses and other glass or crystal articles || Manufacture of glass and glass products || Manufacture of glass and glass products || Manufacture of glass and glass products, n.e.c.",0.306531|0.095319|0.084955|0.084955|0.078916,0.306531,retrieval:candidates,REVIEW_CANDIDATES
overture,art_school,2,7.043741635556808e-05,psic,rev5,,,exact,,,category,art school,,,85530|8553|22205|47693|47610,"Driving school activities || Driving school activities || Manufacture of office or school supplies made of plastic || Retail sale of paintings and art supplies || Retail sale of books, newspapers, stationery and other office and school supplies",0.393183|0.393183|0.267562|0.242400|0.211474,0.393183,retrieval:candidates,REVIEW_CANDIDATES
overture,skate_park,2,7.043741635556808e-05,psic,rev5,,,exact,,,category,skate park,,,30912|93210|9321|5530|553,"Manufacture of personal transporters, such as electric skateboards and kick scooters || Activities of amusement parks and theme parks || Activities of amusement parks and theme parks || Camping grounds, recreational vehicle parks and trailer parks || Camping grounds, recreational vehicle parks and trailer parks",0.099257|0.077710|0.077710|0.061697|0.061697,0.099257,retrieval:candidates,REVIEW_CANDIDATES
overture,computer_coaching,2,7.043741635556808e-05,psic,rev5,,,exact,,,category,computer coaching,,,62200|6220|622|621|62190,Computer consultancy and computer facilities management activities || Computer consultancy and computer facilities management activities || Computer consultancy and computer facilities management activities || Computer programming activities || Other computer programming activities,0.430003|0.430003|0.430003|0.416791|0.375302,0.430003,retrieval:candidates,REVIEW_CANDIDATES
overture,b2b_surgical_appliances_and_supplies,2,7.043741635556808e-05,psic,rev5,,,exact,,,category,b2b surgical appliances and supplies,,,32506|465|2750|275|9522,"Manufacture of orthopedic appliances and prosthetic devices, including crutches, surgical belts and trusses, splints and other artificial body parts || Wholesale of machinery, equipment and supplies || Manufacture of domestic appliances || Manufacture of domestic appliances || Repair and maintenance of household appliances and home and garden equipment",0.294262|0.288834|0.281455|0.281455|0.278440,0.294262,retrieval:candidates,REVIEW_CANDIDATES
overture,occupational_therapy,2,7.043741635556808e-05,psic,rev5,,,exact,,,category,occupational therapy,,,8569|856|8532|85691|47699,"Other educational support activities || Educational support activities || Vocational secondary education || Public educational support service activities || Other retail sale of cultural and recreational goods, n.e.c.",0.105629|0.099693|0.082798|0.079837|0.078225,0.105629,retrieval:candidates,REVIEW_CANDIDATES
overture,bagel_shop,2,7.043741635556808e-05,psic,rev5,,,exact,,,category,bagel shop,,,4642|46429|56303|6496|64960,"Wholesale of household, office and shop furniture, carpets and lighting equipment || Wholesale of household, office and shop furniture, carpets and lighting equipment, n.e.c. || Activities of tea shops || Pawnshop operations || Pawnshop operations",0.267685|0.264001|0.136158|0.118965|0.118965,0.267685,retrieval:candidates,REVIEW_CANDIDATES
overture,packing_supply_store,2,7.043741635556808e-05,psic,rev5,,,exact,,,category,packing supply store,,,10101|3530|35300|353|36,"Slaughtering and meat packing || Steam and air conditioning supply || Steam and air conditioning supply || Steam and air conditioning supply || Water Collection, Treatment and Supply",0.282355|0.261721|0.261721|0.261721|0.250868,0.282355,retrieval:candidates,REVIEW_CANDIDATES
overture,behavioral_or_mental_health_clinic,2,7.043741635556808e-05,psic,rev5,,,exact,,,category,behavioral or mental health clinic,,,86|869|8699|86222|86226,Human Health Activities || Other human health activities || Other human health activities n.e.c. || Private pediatric clinic activities || Private dermatology clinic activities,0.280442|0.257552|0.248881|0.248402|0.236127,0.280442,retrieval:candidates,REVIEW_CANDIDATES
overture,pulmonology,2,7.043741635556808e-05,psic,rev5,,,exact,,,category,pulmonology,,,629|6290|62900|72103|77304,Other information technology and computer service activities || Other information technology and computer service activities || Other information technology and computer service activities || Research and experimental development in information technology || Rental and leasing of office and information and communication technology machinery and equipment,0.129361|0.129361|0.129361|0.104281|0.101890,0.129361,retrieval:candidates,REVIEW_CANDIDATES
overture,middle_school,2,7.043741635556808e-05,psic,rev5,,,exact,,,category,middle school,,,85530|8553|22205|4761|47610,"Driving school activities || Driving school activities || Manufacture of office or school supplies made of plastic || Retail sale of books, newspapers, stationery and other office and school supplies || Retail sale of books, newspapers, stationery and other office and school supplies",0.493742|0.493742|0.328291|0.265925|0.265925,0.493742,retrieval:candidates,REVIEW_CANDIDATES
overture,prenatal_and_perinatal_care,2,7.043741635556808e-05,psic,rev5,,,exact,,,category,prenatal and perinatal care,,,87|96902|879|8799|8710,Residential Care Activities || Pet care services || Other residential care activities || Other residential care activities n.e.c. || Residential nursing care activities,0.360796|0.312791|0.308760|0.303307|0.264293,0.360796,retrieval:candidates,REVIEW_CANDIDATES
overture,clothing_company,2,7.043741635556808e-05,psic,rev5,,,exact,,,category,clothing company,,,64953|64952|64951|46412|47711,"Financing company operation || Lending company operation || Credit card company operation || Wholesale of garments, clothing, wearing apparel and clothing accessories || Retail sale of garments, clothing, wearing apparel and clothing accessories",0.409254|0.404266|0.351727|0.321137|0.317871,0.409254,retrieval:candidates,REVIEW_CANDIDATES
overture,cave,2,7.043741635556808e-05,psic,rev5,,,exact,,,category,cave,,,01221|799|7990|79110|7911,Growing of cavendish bananas || Other travel related activities || Other travel related activities || Travel agency activities || Travel agency activities,0.141077|0.024890|0.024890|0.024772|0.024772,0.141077,retrieval:candidates,REVIEW_CANDIDATES
overture,plastic_manufacturer,2,7.043741635556808e-05,psic,rev5,,,exact,,,category,plastic manufacturer,,,31022|22|22203|22204|22208,"Manufacture of plastic furniture || Manufacture of Rubber and Plastic Products || Manufacture of plastic furniture fittings || Manufacture of plastic pipes, tubes and hoses || Manufacture of plastic builder’s ware, including plastic windows, doorscreens, shades and blinds",0.563821|0.468975|0.436266|0.371294|0.359563,0.563821,retrieval:candidates,REVIEW_CANDIDATES
overture,livestock_breeder,2,7.043741635556808e-05,psic,rev5,,,exact,,,category,livestock breeder,,,49434|46207|01442|302|30200,"Freight transport of livestock and poultry by road || Wholesale of livestock, poultry and unprocessed animal products || Raising and breeding of goats || Manufacture of railway locomotives and rolling stock || Manufacture of railway locomotives and rolling stock",0.373073|0.326297|0.091628|0.088134|0.088134,0.373073,retrieval:candidates,REVIEW_CANDIDATES
overture,public_fountain,2,7.043741635556808e-05,psic,rev5,,,exact,,,category,public fountain,,,73300|733|7330|8611|85401,Public relations activities || Public relations activities || Public relations activities || Public hospital activities || Public tertiary education,0.371218|0.371218|0.371218|0.357653|0.335747,0.371218,retrieval:candidates,REVIEW_CANDIDATES
osm,tourism=camp_site,1,3.521870817778404e-05,psic,rev5,,,exact,,,category,camp site tourism,,,4312|43120|431|91220|9122,Site preparation || Site preparation || Demolition and site preparation || Historical site and monument activities || Historical site and monument activities,0.470764|0.470764|0.310759|0.288159|0.288159,0.470764,retrieval:candidates,REVIEW_CANDIDATES
osm,amenity=doctors | healthcare=yes,1,3.521870817778404e-05,psic,rev5,,,exact,,,category,doctors amenity yes healthcare,,,86|869|8699|86999|65401,"Human Health Activities || Other human health activities || Other human health activities n.e.c. || All other human health activities, n.e.c. || Pre-need plan for health",0.140513|0.134286|0.125601|0.113646|0.113479,0.140513,retrieval:candidates,REVIEW_CANDIDATES
osm,amenity=nursing_room,1,3.521870817778404e-05,psic,rev5,,,exact,,,category,nursing room amenity,,,8710|87100|871|25112|02102,"Residential nursing care activities || Residential nursing care activities || Residential nursing care activities || Manufacture of metal doors, windows and their frames, shutters, gates and room partitions for floor attachment, including those made of aluminum || Operation of forest tree nurseries",0.348851|0.348851|0.348851|0.132359|0.066337,0.348851,retrieval:candidates,REVIEW_CANDIDATES
osm,amenity=taxi | public_transport=station,1,3.521870817778404e-05,psic,rev5,,,exact,,,category,taxi amenity station public transport,,,49421|51|50|494|73300,Taxi operations || Air Transport || Water Transport || Other land transport || Public relations activities,0.389970|0.251388|0.245102|0.206543|0.201152,0.389970,retrieval:candidates,REVIEW_CANDIDATES
osm,leisure=indoor_play,1,3.521870817778404e-05,psic,rev5,,,exact,,,category,indoor play leisure,,,93294|32404|29301|22208|73102,"Operation of indoor playground and playhouse for children || Manufacture of role-play toys such as toy kitchen sets, toy cash registers and toy medical kits || Manufacture of motor vehicle electrical equipment such as generators, spark plugs, lamps, power window and door systems || Manufacture of plastic builder’s ware, including plastic windows, doorscreens, shades and blinds || Billboard and outdoor advertising activities",0.317046|0.119427|0.055617|0.053725|0.047783,0.317046,retrieval:candidates,REVIEW_CANDIDATES
osm,shop=fabric,1,3.521870817778404e-05,psic,rev5,,,exact,,,category,fabric shop,,,4642|46429|47511|46411|13991,"Wholesale of household, office and shop furniture, carpets and lighting equipment || Wholesale of household, office and shop furniture, carpets and lighting equipment, n.e.c. || Retail sale of textiles and fabrics || Wholesale of textiles and fabrics || Manufacture of narrow fabrics, laces, tulles and other net fabrics",0.249759|0.246727|0.143125|0.142245|0.138540,0.249759,retrieval:candidates,REVIEW_CANDIDATES
osm,club=golf,1,3.521870817778404e-05,psic,rev5,,,exact,,,category,golf club,,,93120|9312|07221|24201|56301,"Activities of sports clubs || Activities of sports clubs || Gold ore mining || Production and refining of gold || Operation of nightclubs, bars and cocktail lounges",0.153037|0.153037|0.088251|0.070206|0.035344,0.153037,retrieval:candidates,REVIEW_CANDIDATES
osm,amenity=hospital,1,3.521870817778404e-05,psic,rev5,,,exact,,,category,hospital amenity,SUBTREE,861,861|8611|8612|86129|86123,"Hospital activities || Public hospital activities || Private hospital activities || Private hospital activities, n.e.c. || Private maternity hospital activities",0.704814|0.537071|0.535166|0.513971|0.461218,0.704814,retrieval:strong_separated_hit,REVIEW_REQUIRED
osm,office=newspaper,1,3.521870817778404e-05,psic,rev5,,,exact,,,category,newspaper office,,,82|4761|47610|8210|821,"Office Administrative, Office Support and Other Business Support Activities || Retail sale of books, newspapers, stationery and other office and school supplies || Retail sale of books, newspapers, stationery and other office and school supplies || Office administrative and support activities || Office administrative and support activities",0.351886|0.336043|0.336043|0.308842|0.308842,0.351886,retrieval:candidates,REVIEW_CANDIDATES
osm,craft=stonemason,1,3.521870817778404e-05,psic,rev5,,,exact,,,category,stonemason craft,,,33153|23993|30303|3030|303,"Repair and maintenance of aircraft and aircraft engines || Manufacture of marble products, except precut stone and stone furniture || Conversion, modification and overhaul of aircraft and aircraft engines || Manufacture of air and spacecraft and related machinery || Manufacture of air and spacecraft and related machinery",0.117425|0.097922|0.092151|0.088500|0.088500,0.117425,retrieval:candidates,REVIEW_CANDIDATES
osm,amenity=pharmacy | shop=convenience | healthcare=pharmacy,1,3.521870817778404e-05,psic,rev5,,,exact,,,category,pharmacy amenity convenience shop pharmacy healthcare,,,47114|4642|46429|21|46430,"Retail selling in convenience stores || Wholesale of household, office and shop furniture, carpets and lighting equipment || Wholesale of household, office and shop furniture, carpets and lighting equipment, n.e.c. || Manufacture of Basic Pharmaceutical Products and Pharmaceutical Preparations || Wholesale of pharmaceutical and medical goods",0.334127|0.157533|0.155970|0.130622|0.113275,0.334127,retrieval:candidates,REVIEW_CANDIDATES
osm,healthcare=psychotherapist,1,3.521870817778404e-05,psic,rev5,,,exact,,,category,psychotherapist healthcare,,,869|8699|86|86999|65401,"Other human health activities || Other human health activities n.e.c. || Human Health Activities || All other human health activities, n.e.c. || Pre-need plan for health",0.169224|0.158280|0.157990|0.144365|0.128618,0.169224,retrieval:candidates,REVIEW_CANDIDATES
osm,healthcare=speech_therapist,1,3.521870817778404e-05,psic,rev5,,,exact,,,category,speech therapist healthcare,,,869|86|8699|86999|65401,"Other human health activities || Human Health Activities || Other human health activities n.e.c. || All other human health activities, n.e.c. || Pre-need plan for health",0.139585|0.137998|0.130557|0.119080|0.112342,0.139585,retrieval:candidates,REVIEW_CANDIDATES
osm,amenity=parking | public_transport=station,1,3.521870817778404e-05,psic,rev5,,,exact,,,category,parking amenity station public transport,,,52213|51|50|494|73300,Operation of parking lot and facilities || Air Transport || Water Transport || Other land transport || Public relations activities,0.273713|0.247279|0.241280|0.202908|0.198077,0.273713,retrieval:candidates,REVIEW_CANDIDATES
osm,amenity=clinic | healthcare=clinic | emergency=no,1,3.521870817778404e-05,psic,rev5,,,exact,,,category,clinic amenity clinic healthcare no emergency,,,86222|86226|86225|86224|86,Private pediatric clinic activities || Private dermatology clinic activities || Private obstetrics and gynecology clinic activities || Private optometry and ophthalmology clinic activities || Human Health Activities,0.388276|0.371862|0.295580|0.292061|0.089126,0.388276,retrieval:candidates,REVIEW_CANDIDATES
osm,amenity=cafe | shop=tea,1,3.521870817778404e-05,psic,rev5,,,exact,,,category,cafe amenity tea shop,,,56303|01273|10760|1076|4642,"Activities of tea shops || Growing of tea plants || Processing of coffee and tea || Processing of coffee and tea || Wholesale of household, office and shop furniture, carpets and lighting equipment",0.356145|0.267693|0.229730|0.229730|0.193833,0.356145,retrieval:candidates,REVIEW_CANDIDATES
osm,tourism=yes | man_made=advertising,1,3.521870817778404e-05,psic,rev5,,,exact,,,category,yes tourism advertising man made,,,7310|731|73109|203|20300,"Advertising activities || Advertising activities || Advertising activities, n.e.c. || Manufacture of man-made fibres || Manufacture of man-made fibres",0.473006|0.473006|0.444707|0.394537|0.394537,0.473006,retrieval:candidates,REVIEW_CANDIDATES
osm,office=coworking,1,3.521870817778404e-05,psic,rev5,,,exact,,,category,coworking office,,,82|8210|821|82109|22205,"Office Administrative, Office Support and Other Business Support Activities || Office administrative and support activities || Office administrative and support activities || Office administrative and support activities, n.e.c. || Manufacture of office or school supplies made of plastic",0.365185|0.321323|0.321323|0.314692|0.251107,0.365185,retrieval:candidates,REVIEW_CANDIDATES
osm,amenity=veterinary,1,3.521870817778404e-05,psic,rev5,,,exact,,,category,veterinary amenity,,,7500|750|75000|75|32501,"Veterinary activities || Veterinary activities || Veterinary activities || Veterinary activities || Manufacture of medical, surgical, dental, or veterinary furniture",0.722610|0.722610|0.722610|0.722610|0.339816,0.722610,retrieval:candidates,REVIEW_CANDIDATES
osm,shop=fashion,1,3.521870817778404e-05,psic,rev5,,,exact,,,category,fashion shop,SUBTREE,74101,74101|4642|46429|56303|64960,"Fashion design activities || Wholesale of household, office and shop furniture, carpets and lighting equipment || Wholesale of household, office and shop furniture, carpets and lighting equipment, n.e.c. || Activities of tea shops || Pawnshop operations",0.472089|0.184293|0.181757|0.093733|0.083507,0.472089,retrieval:strong_separated_hit,REVIEW_REQUIRED
osm,amenity=studio | office=cable_television,1,3.521870817778404e-05,psic,rev5,,,exact,,,category,studio amenity cable television office,,,61103|82|591|59113|5911,"Operation of cable distribution systems || Office Administrative, Office Support and Other Business Support Activities || Motion picture, video and television program activities || Production of television or video news programs || Motion picture, video and television program production activities",0.241211|0.199555|0.195492|0.190045|0.185082,0.241211,retrieval:candidates,REVIEW_CANDIDATES
osm,shop=second_hand,1,3.521870817778404e-05,psic,rev5,,,exact,,,category,second hand shop,,,4774|47749|47742|47741|4642,"Retail sale of second-hand goods || Retail sale of second-hand goods, n.e.c. || Retail sale of second-hand books || Retail sale of second-hand clothing, footwear and leather articles || Wholesale of household, office and shop furniture, carpets and lighting equipment",0.466128|0.455828|0.444018|0.330351|0.173389,0.466128,retrieval:candidates,REVIEW_CANDIDATES
osm,amenity=pub,1,3.521870817778404e-05,psic,rev5,,,exact,,,category,pub amenity,,,86123|842|841|58210|5821,"Private maternity hospital activities || Provision of services to the community as a whole || Administration of the State and the economic, social and environmental policies of the community || Publishing of video games || Publishing of video games",0.085828|0.082680|0.052261|0.049073|0.049073,0.085828,retrieval:candidates,REVIEW_CANDIDATES
osm,amenity=training,1,3.521870817778404e-05,psic,rev5,,,exact,,,category,training amenity,,,85592|07|0520|05200|052,Non-formal instruction and training service activities || Mining of Metal Ores || Mining of lignite || Mining of lignite || Mining of lignite,0.354374|0.063840|0.062421|0.062421|0.062421,0.354374,retrieval:candidates,REVIEW_CANDIDATES
osm,shop=erotic,1,3.521870817778404e-05,psic,rev5,,,exact,,,category,erotic shop,,,4642|46429|56303|6496|64960,"Wholesale of household, office and shop furniture, carpets and lighting equipment || Wholesale of household, office and shop furniture, carpets and lighting equipment, n.e.c. || Activities of tea shops || Pawnshop operations || Pawnshop operations",0.265096|0.261506|0.132677|0.115923|0.115923,0.265096,retrieval:candidates,REVIEW_CANDIDATES
osm,amenity=cafe | tourism=yes | man_made=charge_point,1,3.521870817778404e-05,psic,rev5,,,exact,,,category,cafe amenity yes tourism charge point man made,,,203|2030|20300|28261|13922,"Manufacture of man-made fibres || Manufacture of man-made fibres || Manufacture of man-made fibres || Manufacture of textile machinery, including machineries for man-made textile fibers or yarns || Manufacture of made-up furnishing articles",0.441438|0.441438|0.441438|0.233946|0.120546,0.441438,retrieval:candidates,REVIEW_CANDIDATES
osm,shop=water_refilling,1,3.521870817778404e-05,psic,rev5,,,exact,,,category,water refilling shop,,,11055|50|4642|46429|502,"Operation of water purifying and refilling station || Water Transport || Wholesale of household, office and shop furniture, carpets and lighting equipment || Wholesale of household, office and shop furniture, carpets and lighting equipment, n.e.c. || Inland water transport",0.399475|0.234519|0.169517|0.167143|0.166836,0.399475,retrieval:candidates,REVIEW_CANDIDATES
osm,amenity=events_venue | tourism=hotel,1,3.521870817778404e-05,psic,rev5,,,exact,,,category,events venue amenity hotel tourism,,,96901|74202|93295|55201|55101,"Activities of organizers for private events, except funeral || Events photography and videography, including for weddings, birthdays and conferences || Operation of audiovisual equipment and special effects associated with the organization of live amusement and recreation events || Operation of tourist inns || Operation of hotels",0.251077|0.197955|0.177403|0.117434|0.108126,0.251077,retrieval:candidates,REVIEW_CANDIDATES
osm,industrial=communication,1,3.521870817778404e-05,psic,rev5,,,exact,,,category,communication industrial,,,2630|26300|263|74103|46791,Manufacture of communication equipment || Manufacture of communication equipment || Manufacture of communication equipment || Industrial design activities || Wholesale of industrial chemical products,0.424501|0.424501|0.424501|0.392897|0.342689,0.424501,retrieval:candidates,REVIEW_CANDIDATES
osm,office=cable_television,1,3.521870817778404e-05,psic,rev5,,,exact,,,category,cable television office,,,61103|591|59113|82|5911,"Operation of cable distribution systems || Motion picture, video and television program activities || Production of television or video news programs || Office Administrative, Office Support and Other Business Support Activities || Motion picture, video and television program production activities",0.264578|0.231989|0.227136|0.225837|0.219764,0.264578,retrieval:candidates,REVIEW_CANDIDATES
osm,amenity=hospital | healthcare=hospital | emergency=no,1,3.521870817778404e-05,psic,rev5,,,exact,,,category,hospital amenity hospital healthcare no emergency,SUBTREE,861,861|8611|8612|86129|86111,"Hospital activities || Public hospital activities || Private hospital activities || Private hospital activities, n.e.c. || Public general hospital activities",0.682004|0.517754|0.516423|0.496872|0.441951,0.682004,retrieval:strong_separated_hit,REVIEW_REQUIRED
osm,shop=houseware,1,3.521870817778404e-05,psic,rev5,,,exact,,,category,houseware shop,,,4642|46429|56303|22202|64960,"Wholesale of household, office and shop furniture, carpets and lighting equipment || Wholesale of household, office and shop furniture, carpets and lighting equipment, n.e.c. || Activities of tea shops || Manufacture of plastic household wares, tableware, kitchenware and hygienic or toilet articles || Pawnshop operations",0.283887|0.279614|0.106296|0.094875|0.092874,0.283887,retrieval:candidates,REVIEW_CANDIDATES
osm,office=government | club=scout,1,3.521870817778404e-05,psic,rev5,,,exact,,,category,government office scout club,,,84113|84112|64121|82|821,"Public administration, local government || Public administration, regional government || Universal banking, including specialized government banking || Office Administrative, Office Support and Other Business Support Activities || Office administrative and support activities",0.348096|0.343235|0.270102|0.236258|0.207811,0.348096,retrieval:candidates,REVIEW_CANDIDATES
osm,amenity=bureau_de_change | shop=pawnbroker,1,3.521870817778404e-05,psic,rev5,,,exact,,,category,bureau de change amenity pawnbroker shop,,,4642|46429|6496|64960|66121,"Wholesale of household, office and shop furniture, carpets and lighting equipment || Wholesale of household, office and shop furniture, carpets and lighting equipment, n.e.c. || Pawnshop operations || Pawnshop operations || Foreign exchange dealing or money changing business operations",0.216000|0.214196|0.112762|0.112762|0.102239,0.216000,retrieval:candidates,REVIEW_CANDIDATES
osm,amenity=Coliseum,1,3.521870817778404e-05,psic,rev5,,,exact,,,category,Coliseum amenity,,,9121|91210|86123|842|91,"Museum and collection activities || Museum and collection activities || Private maternity hospital activities || Provision of services to the community as a whole || Library, Archives, Museum and Other Cultural Activities",0.118936|0.118936|0.061304|0.061287|0.060821,0.118936,retrieval:candidates,REVIEW_CANDIDATES
osm,shop=deli,1,3.521870817778404e-05,psic,rev5,,,exact,,,category,deli shop,,,4642|46429|56303|53202|64960,"Wholesale of household, office and shop furniture, carpets and lighting equipment || Wholesale of household, office and shop furniture, carpets and lighting equipment, n.e.c. || Activities of tea shops || Food delivery activities || Pawnshop operations",0.255775|0.252524|0.120146|0.113079|0.104975,0.255775,retrieval:candidates,REVIEW_CANDIDATES
osm,amenity=fast_food | tourism=yes,1,3.521870817778404e-05,psic,rev5,,,exact,,,category,fast food amenity yes tourism,,,56102|4721|10|56290|5629,"Fast-food restaurants operations, including quick service restaurant || Retail sale of food || Manufacture of Food Products || Other food service activities || Other food service activities",0.319898|0.198588|0.186597|0.178634|0.178634,0.319898,retrieval:candidates,REVIEW_CANDIDATES
osm,man_made=pier,1,3.521870817778404e-05,psic,rev5,,,exact,,,category,pier man made,,,2030|203|20300|28261|22205,"Manufacture of man-made fibres || Manufacture of man-made fibres || Manufacture of man-made fibres || Manufacture of textile machinery, including machineries for man-made textile fibers or yarns || Manufacture of office or school supplies made of plastic",0.476799|0.476799|0.476799|0.253371|0.156173,0.476799,retrieval:candidates,REVIEW_CANDIDATES
osm,leisure=marina,1,3.521870817778404e-05,psic,rev5,,,exact,,,category,marina leisure,,,0311|03119|0321|10202|03219,"Marine fishing || Marine fishing, n.e.c. || Marine aquaculture || Drying of fish and other marine products || Marine aquaculture, n.e.c.",0.133636|0.114177|0.111268|0.096881|0.095143,0.133636,retrieval:candidates,REVIEW_CANDIDATES
osm,amenity=doctors | healthcare=community_health_worker | emergency=no,1,3.521870817778404e-05,psic,rev5,,,exact,,,category,doctors amenity community health worker healthcare no emergency,,,86|869|8699|R|86999,"Human Health Activities || Other human health activities || Other human health activities n.e.c. || Human Health and Social Work Activities || All other human health activities, n.e.c.",0.327257|0.300598|0.291270|0.261870|0.259175,0.327257,retrieval:candidates,REVIEW_CANDIDATES
osm,amenity=pharmacy | shop=chemist | healthcare=pharmacy,1,3.521870817778404e-05,psic,rev5,,,exact,,,category,pharmacy amenity chemist shop pharmacy healthcare,,,4642|46429|21|46107|4643,"Wholesale of household, office and shop furniture, carpets and lighting equipment || Wholesale of household, office and shop furniture, carpets and lighting equipment, n.e.c. || Manufacture of Basic Pharmaceutical Products and Pharmaceutical Preparations || Wholesale on a fee or contract basis, of chemical and pharmaceutical products || Wholesale of pharmaceutical and medical goods",0.213239|0.211536|0.145909|0.127728|0.126531,0.213239,retrieval:candidates,REVIEW_CANDIDATES
osm,amenity=doctors | healthcare=community_health_worker,1,3.521870817778404e-05,psic,rev5,,,exact,,,category,doctors amenity community health worker healthcare,,,86|869|8699|R|86999,"Human Health Activities || Other human health activities || Other human health activities n.e.c. || Human Health and Social Work Activities || All other human health activities, n.e.c.",0.341259|0.314082|0.303881|0.275338|0.270678,0.341259,retrieval:candidates,REVIEW_CANDIDATES
osm,industrial=oil,1,3.521870817778404e-05,psic,rev5,,,exact,,,category,oil industrial,,,74103|46592|46791|33200|332,Industrial design activities || Wholesale of industrial machinery and equipment || Wholesale of industrial chemical products || Installation of industrial machinery and equipment || Installation of industrial machinery and equipment,0.445260|0.388850|0.386264|0.357117|0.357117,0.445260,retrieval:candidates,REVIEW_CANDIDATES
osm,amenity=hospital | emergency=yes,1,3.521870817778404e-05,psic,rev5,,,exact,,,category,hospital amenity yes emergency,SUBTREE,861,861|8611|8612|86129|86111,"Hospital activities || Public hospital activities || Private hospital activities || Private hospital activities, n.e.c. || Public general hospital activities",0.645028|0.486440|0.486042|0.468331|0.416396,0.645028,retrieval:strong_separated_hit,REVIEW_REQUIRED
osm,shop=building_materials,1,3.521870817778404e-05,psic,rev5,,,exact,,,category,building materials shop,,,23920|2392|4752|47529|301,"Manufacture of clay building materials || Manufacture of clay building materials || Retail sale of hardware, building materials, paints and glass || Retail sale of hardware, building materials, paints and glass, n.e.c. || Building of ships and boats",0.580781|0.580781|0.395701|0.386913|0.236671,0.580781,retrieval:candidates,REVIEW_CANDIDATES
osm,healthcare=laboratory | emergency=yes,1,3.521870817778404e-05,psic,rev5,,,exact,,,category,laboratory healthcare yes emergency,,,86991|28195|86|869|8699,"Medical and diagnostic laboratory service activities || Manufacture of fans intended for industrial applications, exhaust hoods for commercial, laboratory or industrial use || Human Health Activities || Other human health activities || Other human health activities n.e.c.",0.397675|0.226844|0.107455|0.102692|0.096051,0.397675,retrieval:candidates,REVIEW_CANDIDATES
osm,man_made=flagpole,1,3.521870817778404e-05,psic,rev5,,,exact,,,category,flagpole man made,,,2030|20300|203|28261|22205,"Manufacture of man-made fibres || Manufacture of man-made fibres || Manufacture of man-made fibres || Manufacture of textile machinery, including machineries for man-made textile fibers or yarns || Manufacture of office or school supplies made of plastic",0.480064|0.480064|0.480064|0.258365|0.159643,0.480064,retrieval:candidates,REVIEW_CANDIDATES
osm,industrial=machine_shop,1,3.521870817778404e-05,psic,rev5,,,exact,,,category,machine shop industrial,,,46592|74103|332|33200|3320,Wholesale of industrial machinery and equipment || Industrial design activities || Installation of industrial machinery and equipment || Installation of industrial machinery and equipment || Installation of industrial machinery and equipment,0.359938|0.343417|0.330002|0.330002|0.330002,0.359938,retrieval:candidates,REVIEW_CANDIDATES
osm,amenity=clinic | emergency=no,1,3.521870817778404e-05,psic,rev5,,,exact,,,category,clinic amenity no emergency,,,86222|86226|86225|86224|6031,Private pediatric clinic activities || Private dermatology clinic activities || Private obstetrics and gynecology clinic activities || Private optometry and ophthalmology clinic activities || News agency activities,0.362186|0.348588|0.276887|0.273972|0.087708,0.362186,retrieval:candidates,REVIEW_CANDIDATES
osm,shop=florist,1,3.521870817778404e-05,psic,rev5,,,exact,,,category,florist shop,,,4642|46429|56303|6496|64960,"Wholesale of household, office and shop furniture, carpets and lighting equipment || Wholesale of household, office and shop furniture, carpets and lighting equipment, n.e.c. || Activities of tea shops || Pawnshop operations || Pawnshop operations",0.248643|0.245652|0.110558|0.096598|0.096598,0.248643,retrieval:candidates,REVIEW_CANDIDATES
osm,healthcare=dialysis,1,3.521870817778404e-05,psic,rev5,,,exact,,,category,dialysis healthcare,SUBTREE,86223,86223|86|869|712|7120,Private dialysis center activities || Human Health Activities || Other human health activities || Technical testing and analysis || Technical testing and analysis,0.481675|0.132515|0.126642|0.124346|0.124346,0.481675,retrieval:strong_separated_hit,REVIEW_REQUIRED
osm,shop=religion,1,3.521870817778404e-05,psic,rev5,,,exact,,,category,religion shop,,,4642|46429|47732|9491|94910,"Wholesale of household, office and shop furniture, carpets and lighting equipment || Wholesale of household, office and shop furniture, carpets and lighting equipment, n.e.c. || Retail sale of religious articles || Activities of religious organizations || Activities of religious organizations",0.244949|0.242092|0.185934|0.172778|0.172778,0.244949,retrieval:candidates,REVIEW_CANDIDATES
osm,leisure=fitness_station,1,3.521870817778404e-05,psic,rev5,,,exact,,,category,fitness station leisure,,,93111|32303|11055|3514|35141,"Operation of fitness centers || Manufacture of gymnasium, fitness center or athletic equipment || Operation of water purifying and refilling station || Operation of charging facilities and stations || Operation of charging stations for electric vehicles",0.425113|0.256652|0.220820|0.081413|0.077350,0.425113,retrieval:candidates,REVIEW_CANDIDATES
osm,amenity=animal_boarding,1,3.521870817778404e-05,psic,rev5,,,exact,,,category,animal boarding amenity,,,014|55901|0162|01629|1080,"Animal production || Operation of dormitories and boarding houses || Support activities for animal production || Support activities for animal production, n.e.c. || Manufacture of prepared animal feeds",0.352114|0.314829|0.243878|0.231803|0.225712,0.352114,retrieval:candidates,REVIEW_CANDIDATES
osm,amenity=casino,1,3.521870817778404e-05,psic,rev5,,,exact,,,category,casino amenity,,,92002|86123|842|24311|841,"Operation of casinos || Private maternity hospital activities || Provision of services to the community as a whole || Casting of iron || Administration of the State and the economic, social and environmental policies of the community",0.191202|0.059460|0.057279|0.036826|0.036205,0.191202,retrieval:candidates,REVIEW_CANDIDATES
osm,amenity=public_building | office=government,1,3.521870817778404e-05,psic,rev5,,,exact,,,category,public building amenity government office,,,84113|84112|64121|301|82,"Public administration, local government || Public administration, regional government || Universal banking, including specialized government banking || Building of ships and boats || Office Administrative, Office Support and Other Business Support Activities",0.409386|0.403406|0.231807|0.196495|0.196139,0.409386,retrieval:candidates,REVIEW_CANDIDATES
osm,amenity=ferry_terminal | public_transport=station,1,3.521870817778404e-05,psic,rev5,,,exact,,,category,ferry terminal amenity station public transport,,,51|50|52211|52212|494,"Air Transport || Water Transport || Operation of terminal facilities such as bus terminals, jeepney terminals and tricycle terminals || Operation of freight terminal facilities for trucking companies || Other land transport",0.215271|0.213077|0.209859|0.189798|0.176699,0.215271,retrieval:candidates,REVIEW_CANDIDATES
osm,club=social,1,3.521870817778404e-05,psic,rev5,,,exact,,,category,social club,,,843|84300|8430|88|R,Compulsory social security activities || Compulsory social security activities || Compulsory social security activities || Social Work Activities Without Accommodation || Human Health and Social Work Activities,0.329674|0.329674|0.329674|0.308815|0.295267,0.329674,retrieval:candidates,REVIEW_CANDIDATES
osm,office=energy_supplier,1,3.521870817778404e-05,psic,rev5,,,exact,,,category,energy supplier office,,,11051|42203|27203|82|22205,"Manufacture of sports and energy drink || Construction of gas and energy pipelines || Manufacture of battery energy storage system || Office Administrative, Office Support and Other Business Support Activities || Manufacture of office or school supplies made of plastic",0.346122|0.307357|0.288657|0.283858|0.251830,0.346122,retrieval:candidates,REVIEW_CANDIDATES
osm,amenity=appliance,1,3.521870817778404e-05,psic,rev5,,,exact,,,category,appliance amenity,,,27902|275|2750|47593|95221,"Manufacture of appliance cords, extension cords and other electrical cords || Manufacture of domestic appliances || Manufacture of domestic appliances || Retail sale of household appliances || Repair and maintenance of household appliances",0.278822|0.187663|0.187663|0.184662|0.177926,0.278822,retrieval:candidates,REVIEW_CANDIDATES
osm,shop=general,1,3.521870817778404e-05,psic,rev5,,,exact,,,category,general shop,,,8531|85319|86111|8121|81210,"General secondary education || General secondary education, n.e.c. || Public general hospital activities || General cleaning of buildings || General cleaning of buildings",0.306292|0.292985|0.274353|0.272200|0.272200,0.306292,retrieval:candidates,REVIEW_CANDIDATES
osm,shop=lottery,1,3.521870817778404e-05,psic,rev5,,,exact,,,category,lottery shop,,,92001|4642|46429|56303|64960,"Sale of lottery tickets || Wholesale of household, office and shop furniture, carpets and lighting equipment || Wholesale of household, office and shop furniture, carpets and lighting equipment, n.e.c. || Activities of tea shops || Pawnshop operations",0.428798|0.184728|0.182176|0.094319|0.082409,0.428798,retrieval:candidates,REVIEW_CANDIDATES
osm,leisure=slipway,1,3.521870817778404e-05,psic,rev5,,,exact,,,category,slipway leisure,,,15202|30129|3012|33151|26514,"Manufacture of sandals and slippers || Manufacture of pleasure and sporting boats, n.e.c. || Building of pleasure and sporting boats || Repair and maintenance of sports and pleasure boats || Manufacture of instruments and apparatus for measuring the flow, level, pressure or other variables of liquids or gases such as pressure gauges",0.134397|0.048932|0.045366|0.042577|0.041622,0.134397,retrieval:candidates,REVIEW_CANDIDATES
osm,amenity=public_building,1,3.521870817778404e-05,psic,rev5,,,exact,,,category,public building amenity,,,301|2392|23920|433|4330,Building of ships and boats || Manufacture of clay building materials || Manufacture of clay building materials || Building completion and finishing || Building completion and finishing,0.298707|0.298254|0.298254|0.284064|0.284064,0.298707,retrieval:candidates,REVIEW_CANDIDATES
osm,man_made=survey_point,1,3.521870817778404e-05,psic,rev5,,,exact,,,category,survey point man made,,,203|2030|20300|28261|71103,"Manufacture of man-made fibres || Manufacture of man-made fibres || Manufacture of man-made fibres || Manufacture of textile machinery, including machineries for man-made textile fibers or yarns || Geodetic surveying activities",0.456168|0.456168|0.456168|0.242043|0.150778,0.456168,retrieval:candidates,REVIEW_CANDIDATES
osm,craft=glaziery,1,3.521870817778404e-05,psic,rev5,,,exact,,,category,glaziery craft,,,33153|303|3030|30303|30309,"Repair and maintenance of aircraft and aircraft engines || Manufacture of air and spacecraft and related machinery || Manufacture of air and spacecraft and related machinery || Conversion, modification and overhaul of aircraft and aircraft engines || Manufacture of air and spacecraft and related machinery, n.e.c.",0.135087|0.115434|0.115434|0.104938|0.100218,0.135087,retrieval:candidates,REVIEW_CANDIDATES
osm,amenity=compressed_air,1,3.521870817778404e-05,psic,rev5,,,exact,,,category,compressed air amenity,,,20114|51|511|5110|512,Manufacture of compressed or liquefied industrial gases || Air Transport || Passenger air transport || Passenger air transport || Freight air transport,0.335248|0.248056|0.182141|0.182141|0.178001,0.335248,retrieval:candidates,REVIEW_CANDIDATES
osm,amenity=doctors | healthcare=doctor;dentist,1,3.521870817778404e-05,psic,rev5,,,exact,,,category,doctors amenity doctor;dentist healthcare,,,86|869|8699|86999|65401,"Human Health Activities || Other human health activities || Other human health activities n.e.c. || All other human health activities, n.e.c. || Pre-need plan for health",0.111826|0.106870|0.099958|0.091171|0.091037,0.111826,retrieval:candidates,REVIEW_CANDIDATES
osm,man_made=silo,1,3.521870817778404e-05,psic,rev5,,,exact,,,category,silo man made,,,2030|203|20300|28261|22205,"Manufacture of man-made fibres || Manufacture of man-made fibres || Manufacture of man-made fibres || Manufacture of textile machinery, including machineries for man-made textile fibers or yarns || Manufacture of office or school supplies made of plastic",0.485595|0.485595|0.485595|0.258201|0.165521,0.485595,retrieval:candidates,REVIEW_CANDIDATES
osm,shop=truck_repair,1,3.521870817778404e-05,psic,rev5,,,exact,,,category,truck repair shop,,,52216|49432|33120|3312|4642,"Truck weighing services operation || Tank truck delivery services operation || Repair and maintenance of machinery || Repair and maintenance of machinery || Wholesale of household, office and shop furniture, carpets and lighting equipment",0.272314|0.239050|0.183841|0.183841|0.181174,0.272314,retrieval:candidates,REVIEW_CANDIDATES
osm,leisure=racetrack,1,3.521870817778404e-05,psic,rev5,,,exact,,,category,racetrack leisure,,,28241|30129|3012|33151|26514,"Manufacture of earth-moving machinery, track laying excavators and off-road dumping trucks || Manufacture of pleasure and sporting boats, n.e.c. || Building of pleasure and sporting boats || Repair and maintenance of sports and pleasure boats || Manufacture of instruments and apparatus for measuring the flow, level, pressure or other variables of liquids or gases such as pressure gauges",0.072269|0.049250|0.045660|0.042853|0.041892,0.072269,retrieval:candidates,REVIEW_CANDIDATES
osm,shop=rental,1,3.521870817778404e-05,psic,rev5,,,exact,,,category,rental shop,,,77|77100|771|7710|4642,"Rental and Leasing Activities || Rental and leasing of motor vehicles || Rental and leasing of motor vehicles || Rental and leasing of motor vehicles || Wholesale of household, office and shop furniture, carpets and lighting equipment",0.290637|0.239901|0.239901|0.239901|0.231110,0.290637,retrieval:candidates,REVIEW_CANDIDATES
osm,shop=convenience | office=telecommunication,1,3.521870817778404e-05,psic,rev5,,,exact,,,category,convenience shop telecommunication office,,,61900|619|6190|47114|6120,Other telecommunication activities || Other telecommunication activities || Other telecommunication activities || Retail selling in convenience stores || Telecommunication reselling activities and intermediation service activities for telecommunication,0.344270|0.344270|0.344270|0.320336|0.306869,0.344270,retrieval:candidates,REVIEW_CANDIDATES
osm,amenity=cafeteria,1,3.521870817778404e-05,psic,rev5,,,exact,,,category,cafeteria amenity,,,56104|56105|75|75000|7500,Operation of cafeterias || Activities of carinderia or eatery || Veterinary activities || Veterinary activities || Veterinary activities,0.240064|0.060691|0.051552|0.051552|0.051552,0.240064,retrieval:candidates,REVIEW_CANDIDATES
osm,man_made=water_well,1,3.521870817778404e-05,psic,rev5,,,exact,,,category,water well man made,,,203|20300|2030|42202|50,"Manufacture of man-made fibres || Manufacture of man-made fibres || Manufacture of man-made fibres || Construction of water main and line, irrigation systems, water well and reservoirs || Water Transport",0.338032|0.338032|0.338032|0.326151|0.214607,0.338032,retrieval:candidates,REVIEW_CANDIDATES
osm,shop=weapons,1,3.521870817778404e-05,psic,rev5,,,exact,,,category,weapons shop,,,2520|25200|252|4642|46429,"Manufacture of weapons and ammunition || Manufacture of weapons and ammunition || Manufacture of weapons and ammunition || Wholesale of household, office and shop furniture, carpets and lighting equipment || Wholesale of household, office and shop furniture, carpets and lighting equipment, n.e.c.",0.393863|0.393863|0.393863|0.190162|0.187607,0.393863,retrieval:candidates,REVIEW_CANDIDATES
osm,amenity=hunting_stand,1,3.521870817778404e-05,psic,rev5,,,exact,,,category,hunting stand amenity,,,01700|017|0170|01|56106,"Hunting, trapping and related service activities || Hunting, trapping and related service activities || Hunting, trapping and related service activities || Crop and Animal Production, Hunting and Related Service Activities || Activities of food stands, kiosks and counters",0.361017|0.361017|0.361017|0.304526|0.081971,0.361017,retrieval:candidates,REVIEW_CANDIDATES
osm,shop=eggs,1,3.521870817778404e-05,psic,rev5,,,exact,,,category,eggs shop,,,47212|46313|4642|46429|56303,"Retail sale of eggs and dairy products || Wholesale of meat, meat products and poultry products, including eggs || Wholesale of household, office and shop furniture, carpets and lighting equipment || Wholesale of household, office and shop furniture, carpets and lighting equipment, n.e.c. || Activities of tea shops",0.312663|0.223291|0.200114|0.197115|0.110840,0.312663,retrieval:candidates,REVIEW_CANDIDATES
osm,amenity=drinking_water | shop=water,1,3.521870817778404e-05,psic,rev5,,,exact,,,category,drinking water amenity water shop,SUBTREE,11054,11054|50|502|5022|50220,Manufacture of bottled drinking water || Water Transport || Inland water transport || Inland freight water transport || Inland freight water transport,0.553411|0.311595|0.222056|0.182721|0.182721,0.553411,retrieval:strong_separated_hit,REVIEW_REQUIRED
osm,shop=printing,1,3.521870817778404e-05,psic,rev5,,,exact,,,category,printing shop,,,1811|18110|181|20225|1812,Printing || Printing || Printing and service activities related to printing || Manufacture of printing ink || Service activities related to printing,0.685147|0.685147|0.424684|0.385670|0.327095,0.685147,retrieval:candidates,REVIEW_CANDIDATES
osm,amenity=vehicle_inspection,1,3.521870817778404e-05,psic,rev5,,,exact,,,category,vehicle inspection amenity,,,95316|49425|4662|46629|4782,"Motor vehicle painting activities || Utility vehicle express operations || Wholesale of motor vehicle parts and accessories || Wholesale of motor vehicle parts and accessories, n.e.c. || Retail sale of motor vehicle parts and accessories",0.320334|0.286881|0.286828|0.280225|0.278598,0.320334,retrieval:candidates,REVIEW_CANDIDATES
osm,amenity=taxi | public_transport=platform,1,3.521870817778404e-05,psic,rev5,,,exact,,,category,taxi amenity platform public transport,,,49421|51|50|59111|494,"Taxi operations || Air Transport || Water Transport || Movie, television-series or streaming platform program production || Other land transport",0.359293|0.232633|0.227657|0.202518|0.189955,0.359293,retrieval:candidates,REVIEW_CANDIDATES
osm,shop=pet_grooming,1,3.521870817778404e-05,psic,rev5,,,exact,,,category,pet grooming shop,,,4776|47761|96902|47762|4642,"Retail sale of pet and pet supplies || Retail sale of pet || Pet care services || Retail sale of pet supplies || Wholesale of household, office and shop furniture, carpets and lighting equipment",0.348671|0.342861|0.292769|0.269723|0.205747,0.348671,retrieval:candidates,REVIEW_CANDIDATES
osm,office=power_utility,1,3.521870817778404e-05,psic,rev5,,,exact,,,category,power utility office,,,422|4220|42209|49425|82,"Construction of utility projects || Construction of utility projects || Construction of utility projects, n.e.c. || Utility vehicle express operations || Office Administrative, Office Support and Other Business Support Activities",0.321941|0.321941|0.311561|0.284597|0.241845,0.321941,retrieval:candidates,REVIEW_CANDIDATES
osm,shop=craft,1,3.521870817778404e-05,psic,rev5,,,exact,,,category,craft shop,,,4642|46429|33153|56303|30303,"Wholesale of household, office and shop furniture, carpets and lighting equipment || Wholesale of household, office and shop furniture, carpets and lighting equipment, n.e.c. || Repair and maintenance of aircraft and aircraft engines || Activities of tea shops || Conversion, modification and overhaul of aircraft and aircraft engines",0.250357|0.247304|0.135994|0.112862|0.105643,0.250357,retrieval:candidates,REVIEW_CANDIDATES
osm,emergency=assembly_point,1,3.521870817778404e-05,psic,rev5,,,exact,,,category,assembly point emergency,,,30911|60310|6031|7911|79110,Manufacture and assembly of two-wheeled motorcycles and mopeds || News agency activities || News agency activities || Travel agency activities || Travel agency activities,0.318793|0.082482|0.082482|0.076523|0.076523,0.318793,retrieval:candidates,REVIEW_CANDIDATES
osm,amenity=taxi,1,3.521870817778404e-05,psic,rev5,,,exact,,,category,taxi amenity,SUBTREE,49421,49421|86123|842|26518|841,"Taxi operations || Private maternity hospital activities || Provision of services to the community as a whole || Manufacture of revolution counters, production counters, taximeters, mileometers, pedometers speed indicators and tachometers and and the like || Administration of the State and the economic, social and environmental policies of the community",0.596725|0.061321|0.059071|0.039642|0.037338,0.596725,retrieval:strong_separated_hit,REVIEW_REQUIRED
osm,amenity=motorcycle_parking,1,3.521870817778404e-05,psic,rev5,,,exact,,,category,motorcycle parking amenity,,,30915|4663|52213|46632|47832,"Manufacture of motorcycle engines, including electric motors for motorcycle || Wholesale of motorcycles, motorcycle parts and accessories || Operation of parking lot and facilities || Wholesale of motorcycle parts and accessories || Retail sale of motorcycle parts and accessories",0.341982|0.318605|0.314509|0.302258|0.295802,0.341982,retrieval:candidates,REVIEW_CANDIDATES
osm,healthcare=dentist,1,3.521870817778404e-05,psic,rev5,,,exact,,,category,dentist healthcare,,,86|869|8699|86999|65401,"Human Health Activities || Other human health activities || Other human health activities n.e.c. || All other human health activities, n.e.c. || Pre-need plan for health",0.166662|0.159275|0.148974|0.135878|0.135678,0.166662,retrieval:candidates,REVIEW_CANDIDATES
osm,office=harbour_master,1,3.521870817778404e-05,psic,rev5,,,exact,,,category,harbour master office,,,82|18203|821|8210|82109,"Office Administrative, Office Support and Other Business Support Activities || Reproduction of software from master copies || Office administrative and support activities || Office administrative and support activities || Office administrative and support activities, n.e.c.",0.269196|0.256565|0.235461|0.235461|0.229324,0.269196,retrieval:candidates,REVIEW_CANDIDATES
osm,office=foundation,1,3.521870817778404e-05,psic,rev5,,,exact,,,category,foundation office,,,82|8210|821|82109|22205,"Office Administrative, Office Support and Other Business Support Activities || Office administrative and support activities || Office administrative and support activities || Office administrative and support activities, n.e.c. || Manufacture of office or school supplies made of plastic",0.395317|0.348466|0.348466|0.340228|0.274048,0.395317,retrieval:candidates,REVIEW_CANDIDATES
osm,craft=printer,1,3.521870817778404e-05,psic,rev5,,,exact,,,category,printer craft,,,1811|18110|33153|181|20225,Printing || Printing || Repair and maintenance of aircraft and aircraft engines || Printing and service activities related to printing || Manufacture of printing ink,0.146175|0.146175|0.139774|0.116337|0.106910,0.146175,retrieval:candidates,REVIEW_CANDIDATES
osm,craft=hvac,1,3.521870817778404e-05,psic,rev5,,,exact,,,category,hvac craft,,,33153|30303|303|3030|30309,"Repair and maintenance of aircraft and aircraft engines || Conversion, modification and overhaul of aircraft and aircraft engines || Manufacture of air and spacecraft and related machinery || Manufacture of air and spacecraft and related machinery || Manufacture of air and spacecraft and related machinery, n.e.c.",0.164220|0.127570|0.123769|0.123769|0.116264,0.164220,retrieval:candidates,REVIEW_CANDIDATES
osm,leisure=miniature_golf,1,3.521870817778404e-05,psic,rev5,,,exact,,,category,miniature golf leisure,,,07221|91420|9142|07|07100,Gold ore mining || Nature reserve activities || Nature reserve activities || Mining of Metal Ores || Mining of iron ores,0.131497|0.067722|0.067722|0.064998|0.061632,0.131497,retrieval:candidates,REVIEW_CANDIDATES
osm,shop=alcohol,1,3.521870817778404e-05,psic,rev5,,,exact,,,category,alcohol shop,,,20112|20111|4642|46429|47221,"Manufacture of other organic alcohol || Manufacture of ethyl alcohol || Wholesale of household, office and shop furniture, carpets and lighting equipment || Wholesale of household, office and shop furniture, carpets and lighting equipment, n.e.c. || Retail sale of alcoholic beverages",0.435152|0.428884|0.188777|0.186191|0.177957,0.435152,retrieval:candidates,REVIEW_CANDIDATES
osm,man_made=water_works,1,3.521870817778404e-05,psic,rev5,,,exact,,,category,water works man made,,,203|20300|2030|50|28261,"Manufacture of man-made fibres || Manufacture of man-made fibres || Manufacture of man-made fibres || Water Transport || Manufacture of textile machinery, including machineries for man-made textile fibers or yarns",0.381022|0.381022|0.381022|0.229308|0.202537,0.381022,retrieval:candidates,REVIEW_CANDIDATES
osm,healthcare=occupational_therapist;physiotherapist,1,3.521870817778404e-05,psic,rev5,,,exact,,,category,occupational therapist;physiotherapist healthcare,,,869|8699|86|86999|65401,"Other human health activities || Other human health activities n.e.c. || Human Health Activities || All other human health activities, n.e.c. || Pre-need plan for health",0.116544|0.109006|0.105013|0.099423|0.085490,0.116544,retrieval:candidates,REVIEW_CANDIDATES
osm,amenity=rescue_station,1,3.521870817778404e-05,psic,rev5,,,exact,,,category,rescue station amenity,,,11055|3514|35141|35149|841,"Operation of water purifying and refilling station || Operation of charging facilities and stations || Operation of charging stations for electric vehicles || Operation of charging facilities and stations, n.e.c. || Administration of the State and the economic, social and environmental policies of the community",0.293262|0.097973|0.093084|0.091630|0.073200,0.293262,retrieval:candidates,REVIEW_CANDIDATES
osm,craft=jeweller,1,3.521870817778404e-05,psic,rev5,,,exact,,,category,jeweller craft,,,3211|3212|32120|321|33153,"Manufacture of jewellery and related articles || Manufacture of imitation jewellery and related articles || Manufacture of imitation jewellery and related articles || Manufacture of jewellery, bijouterie and related articles || Repair and maintenance of aircraft and aircraft engines",0.195985|0.167742|0.167742|0.144710|0.111511,0.195985,retrieval:candidates,REVIEW_CANDIDATES
osm,healthcare=optometrist,1,3.521870817778404e-05,psic,rev5,,,exact,,,category,optometrist healthcare,,,86224|86|869|8699|86999,"Private optometry and ophthalmology clinic activities || Human Health Activities || Other human health activities || Other human health activities n.e.c. || All other human health activities, n.e.c.",0.129701|0.120459|0.115120|0.107675|0.098209,0.129701,retrieval:candidates,REVIEW_CANDIDATES
osm,amenity=clock,1,3.521870817778404e-05,psic,rev5,,,exact,,,category,clock amenity,,,26520|2652|95292|47734|46498,"Manufacture of watches and clocks || Manufacture of watches and clocks || Repair of watches, clocks and their parts || Retail sale of jewelry, watches and clocks || Wholesale of watches, clocks and jewelries",0.130635|0.130635|0.100004|0.097738|0.094861,0.130635,retrieval:candidates,REVIEW_CANDIDATES
osm,man_made=water_tap,1,3.521870817778404e-05,psic,rev5,,,exact,,,category,water tap man made,,,2030|203|20300|50|28261,"Manufacture of man-made fibres || Manufacture of man-made fibres || Manufacture of man-made fibres || Water Transport || Manufacture of textile machinery, including machineries for man-made textile fibers or yarns",0.440530|0.440530|0.440530|0.264764|0.234163,0.440530,retrieval:candidates,REVIEW_CANDIDATES
osm,club=sailing,1,3.521870817778404e-05,psic,rev5,,,exact,,,category,sailing club,,,93120|9312|95340|9534|13996,"Activities of sports clubs || Activities of sports clubs || Motor vehicle and motorcycle washing and detailing activities || Motor vehicle and motorcycle washing and detailing activities || Manufacture of tarpaulins, tents and sails",0.113021|0.113021|0.090523|0.090523|0.074138,0.113021,retrieval:candidates,REVIEW_CANDIDATES
osm,shop=water_sports,1,3.521870817778404e-05,psic,rev5,,,exact,,,category,water sports shop,,,931|50|9319|323|3230,Sports activities || Water Transport || Other sports activities || Manufacture of sports goods || Manufacture of sports goods,0.372336|0.324227|0.311746|0.286786|0.286786,0.372336,retrieval:candidates,REVIEW_CANDIDATES
osm,shop=dessert,1,3.521870817778404e-05,psic,rev5,,,exact,,,category,dessert shop,,,4642|46429|56303|64960|6496,"Wholesale of household, office and shop furniture, carpets and lighting equipment || Wholesale of household, office and shop furniture, carpets and lighting equipment, n.e.c. || Activities of tea shops || Pawnshop operations || Pawnshop operations",0.262597|0.259098|0.129318|0.112989|0.112989,0.262597,retrieval:candidates,REVIEW_CANDIDATES
osm,man_made=obelisk,1,3.521870817778404e-05,psic,rev5,,,exact,,,category,obelisk man made,,,2030|203|20300|28261|22205,"Manufacture of man-made fibres || Manufacture of man-made fibres || Manufacture of man-made fibres || Manufacture of textile machinery, including machineries for man-made textile fibers or yarns || Manufacture of office or school supplies made of plastic",0.476759|0.476759|0.476759|0.253349|0.156130,0.476759,retrieval:candidates,REVIEW_CANDIDATES
osm,shop=outpost,1,3.521870817778404e-05,psic,rev5,,,exact,,,category,outpost shop,,,4642|46429|56303|64960|6496,"Wholesale of household, office and shop furniture, carpets and lighting equipment || Wholesale of household, office and shop furniture, carpets and lighting equipment, n.e.c. || Activities of tea shops || Pawnshop operations || Pawnshop operations",0.259185|0.255810|0.124730|0.108980|0.108980,0.259185,retrieval:candidates,REVIEW_CANDIDATES
osm,shop=tea,1,3.521870817778404e-05,psic,rev5,,,exact,,,category,tea shop,,,56303|01273|1076|10760|4642,"Activities of tea shops || Growing of tea plants || Processing of coffee and tea || Processing of coffee and tea || Wholesale of household, office and shop furniture, carpets and lighting equipment",0.439376|0.308771|0.263790|0.263790|0.216441,0.439376,retrieval:candidates,REVIEW_CANDIDATES
osm,shop=repair,1,3.521870817778404e-05,psic,rev5,,,exact,,,category,repair shop,,,3312|33120|4642|46429|3319,"Repair and maintenance of machinery || Repair and maintenance of machinery || Wholesale of household, office and shop furniture, carpets and lighting equipment || Wholesale of household, office and shop furniture, carpets and lighting equipment, n.e.c. || Repair and maintenance of other equipment",0.236120|0.236120|0.233089|0.229767|0.222281,0.236120,retrieval:candidates,REVIEW_CANDIDATES
osm,amenity=cafe | shop=bakery,1,3.521870817778404e-05,psic,rev5,,,exact,,,category,cafe amenity bakery shop,,,1071|10719|47214|46312|4642,"Manufacture of bakery products || Manufacture of bakery products, n.e.c. || Retail sale of bakery products || Wholesale of sugar, confectionery and bakery products || Wholesale of household, office and shop furniture, carpets and lighting equipment",0.380193|0.361055|0.342666|0.230190|0.189528,0.380193,retrieval:candidates,REVIEW_CANDIDATES
osm,amenity=language_school,1,3.521870817778404e-05,psic,rev5,,,exact,,,category,language school amenity,,,85530|8553|22205|47610|4761,"Driving school activities || Driving school activities || Manufacture of office or school supplies made of plastic || Retail sale of books, newspapers, stationery and other office and school supplies || Retail sale of books, newspapers, stationery and other office and school supplies",0.439560|0.439560|0.288482|0.234157|0.234157,0.439560,retrieval:candidates,REVIEW_CANDIDATES
osm,craft=roofer,1,3.521870817778404e-05,psic,rev5,,,exact,,,category,roofer craft,,,43901|33153|30303|3030|303,"Roofing activities || Repair and maintenance of aircraft and aircraft engines || Conversion, modification and overhaul of aircraft and aircraft engines || Manufacture of air and spacecraft and related machinery || Manufacture of air and spacecraft and related machinery",0.134581|0.130757|0.101575|0.098549|0.098549,0.134581,retrieval:candidates,REVIEW_CANDIDATES
osm,craft=yes,1,3.521870817778404e-05,psic,rev5,,,exact,,,category,yes craft,,,33153|30303|3030|303|30309,"Repair and maintenance of aircraft and aircraft engines || Conversion, modification and overhaul of aircraft and aircraft engines || Manufacture of air and spacecraft and related machinery || Manufacture of air and spacecraft and related machinery || Manufacture of air and spacecraft and related machinery, n.e.c.",0.188642|0.146541|0.141367|0.141367|0.132795,0.188642,retrieval:candidates,REVIEW_CANDIDATES
osm,club=student,1,3.521870817778404e-05,psic,rev5,,,exact,,,category,student club,,,93120|9312|74201|90121|32406,"Activities of sports clubs || Activities of sports clubs || Activities of photo studios such as portrait photography and photograph and film processing || Activities of independent painters || Manufacture of stuffed toys, except dolls",0.118850|0.118850|0.057707|0.041982|0.038718,0.118850,retrieval:candidates,REVIEW_CANDIDATES
osm,shop=art,1,3.521870817778404e-05,psic,rev5,,,exact,,,category,art shop,,,47693|4642|46429|56303|6496,"Retail sale of paintings and art supplies || Wholesale of household, office and shop furniture, carpets and lighting equipment || Wholesale of household, office and shop furniture, carpets and lighting equipment, n.e.c. || Activities of tea shops || Pawnshop operations",0.239662|0.213254|0.209664|0.132668|0.115916,0.239662,retrieval:candidates,REVIEW_CANDIDATES
osm,leisure=recreation_ground,1,3.521870817778404e-05,psic,rev5,,,exact,,,category,recreation ground leisure,,,8551|85510|S|932|9329,"Sports and recreation education || Sports and recreation education || Arts, Sports and Recreation || Amusement and recreation activities || Other amusement and recreation activities",0.346770|0.346770|0.332392|0.329139|0.304027,0.346770,retrieval:candidates,REVIEW_CANDIDATES
osm,amenity=flight_school,1,3.521870817778404e-05,psic,rev5,,,exact,,,category,flight school amenity,,,8553|85530|22205|4761|47610,"Driving school activities || Driving school activities || Manufacture of office or school supplies made of plastic || Retail sale of books, newspapers, stationery and other office and school supplies || Retail sale of books, newspapers, stationery and other office and school supplies",0.422445|0.422445|0.275907|0.224755|0.224755,0.422445,retrieval:candidates,REVIEW_CANDIDATES
osm,man_made=wastewater_plant,1,3.521870817778404e-05,psic,rev5,,,exact,,,category,wastewater plant man made,,,203|2030|20300|0130|013,Manufacture of man-made fibres || Manufacture of man-made fibres || Manufacture of man-made fibres || Plant propagation || Plant propagation,0.402899|0.402899|0.402899|0.296563|0.296563,0.402899,retrieval:candidates,REVIEW_CANDIDATES
osm,amenity=grave_yard,1,3.521870817778404e-05,psic,rev5,,,exact,,,category,grave yard amenity,,,08106|13113|86123|842|90123,Construction sand and gravel quarrying || Manufacture of paper yarn || Private maternity hospital activities || Provision of services to the community as a whole || Activities of independent sculptors and engravers,0.102647|0.067273|0.056272|0.054208|0.052609,0.102647,retrieval:candidates,REVIEW_CANDIDATES
osm,office=administrative,1,3.521870817778404e-05,psic,rev5,,,exact,,,category,administrative office,,,82|8210|821|82109|O,"Office Administrative, Office Support and Other Business Support Activities || Office administrative and support activities || Office administrative and support activities || Office administrative and support activities, n.e.c. || Administrative and Support Service Activities",0.597758|0.588013|0.588013|0.567493|0.422890,0.597758,retrieval:candidates,REVIEW_CANDIDATES
osm,amenity=rescue_station | emergency=disaster_response,1,3.521870817778404e-05,psic,rev5,,,exact,,,category,rescue station amenity disaster response emergency,,,11055|6031|60310|23943|79110,Operation of water purifying and refilling station || News agency activities || News agency activities || Manufacture of plaster || Travel agency activities,0.263446|0.072456|0.072456|0.071889|0.067222,0.263446,retrieval:candidates,REVIEW_CANDIDATES
osm,amenity=coast_guard,1,3.521870817778404e-05,psic,rev5,,,exact,,,category,coast guard amenity,,,501|5012|5011|50129|50119,"Sea and coastal water transport || Sea and coastal freight water transport || Sea and coastal passenger water transport || Sea and coastal freight water transport, n.e.c. || Sea and coastal passenger water transport, n.e.c.",0.102485|0.087844|0.084288|0.080633|0.077856,0.102485,retrieval:candidates,REVIEW_CANDIDATES
osm,shop=bed,1,3.521870817778404e-05,psic,rev5,,,exact,,,category,bed shop,,,4642|46429|13921|56303|6496,"Wholesale of household, office and shop furniture, carpets and lighting equipment || Wholesale of household, office and shop furniture, carpets and lighting equipment, n.e.c. || Manufacture of made-up bed, table and kitchen linen || Activities of tea shops || Pawnshop operations",0.210909|0.207405|0.171899|0.129515|0.113162,0.210909,retrieval:candidates,REVIEW_CANDIDATES
osm,leisure=dog_park,1,3.521870817778404e-05,psic,rev5,,,exact,,,category,dog park leisure,,,93210|9321|5530|55300|553,"Activities of amusement parks and theme parks || Activities of amusement parks and theme parks || Camping grounds, recreational vehicle parks and trailer parks || Camping grounds, recreational vehicle parks and trailer parks || Camping grounds, recreational vehicle parks and trailer parks",0.083882|0.083882|0.066598|0.066598|0.066598,0.083882,retrieval:candidates,REVIEW_CANDIDATES
osm,leisure=nature_reserve,1,3.521870817778404e-05,psic,rev5,,,exact,,,category,nature reserve leisure,,,91420|9142|914|0620|062,Nature reserve activities || Nature reserve activities || Botanical and zoological garden and nature reserve activities || Extraction of natural gas || Extraction of natural gas,0.847831|0.847831|0.476286|0.088464|0.088464,0.847831,retrieval:candidates,REVIEW_CANDIDATES
osm,amenity=coast_guard | office=government,1,3.521870817778404e-05,psic,rev5,,,exact,,,category,coast guard amenity government office,,,84113|84112|64121|82|8210,"Public administration, local government || Public administration, regional government || Universal banking, including specialized government banking || Office Administrative, Office Support and Other Business Support Activities || Office administrative and support activities",0.337074|0.332612|0.259157|0.229874|0.202265,0.337074,retrieval:candidates,REVIEW_CANDIDATES
osm,industrial=energy,1,3.521870817778404e-05,psic,rev5,,,exact,,,category,energy industrial,,,74103|11051|46592|46791|42203,Industrial design activities || Manufacture of sports and energy drink || Wholesale of industrial machinery and equipment || Wholesale of industrial chemical products || Construction of gas and energy pipelines,0.382943|0.346569|0.337778|0.331578|0.310599,0.382943,retrieval:candidates,REVIEW_CANDIDATES
osm,man_made=monitoring_station,1,3.521870817778404e-05,psic,rev5,,,exact,,,category,monitoring station man made,,,203|20300|2030|28261|11055,"Manufacture of man-made fibres || Manufacture of man-made fibres || Manufacture of man-made fibres || Manufacture of textile machinery, including machineries for man-made textile fibers or yarns || Operation of water purifying and refilling station",0.386516|0.386516|0.386516|0.207253|0.197611,0.386516,retrieval:candidates,REVIEW_CANDIDATES
osm,amenity=post_depot,1,3.521870817778404e-05,psic,rev5,,,exact,,,category,post depot amenity,,,18122|0163|01639|8533|85331,"Post-press service activities || Post-harvest crop activities || Post-harvest crop activities, n.e.c. || Post-secondary non-tertiary education || Public post-secondary non-tertiary education",0.300559|0.283516|0.279340|0.245330|0.221391,0.300559,retrieval:candidates,REVIEW_CANDIDATES
osm,emergency=emergency_response,1,3.521870817778404e-05,psic,rev5,,,exact,,,category,emergency response emergency,,,6031|60310|79110|7911|20231,News agency activities || News agency activities || Travel agency activities || Travel agency activities || Manufacture of soap and detergents,0.127005|0.127005|0.117830|0.117830|0.103973,0.127005,retrieval:candidates,REVIEW_CANDIDATES
osm,amenity=research_institute,1,3.521870817778404e-05,psic,rev5,,,exact,,,category,research institute amenity,,,72|73200|732|7320|72103,Scientific Research and Development || Market research and public opinion polling activities || Market research and public opinion polling activities || Market research and public opinion polling activities || Research and experimental development in information technology,0.323912|0.255679|0.255679|0.255679|0.246526,0.323912,retrieval:candidates,REVIEW_CANDIDATES
osm,office=financial,1,3.521870817778404e-05,psic,rev5,,,exact,,,category,financial office,,,64910|6491|L|82|66110,"Financial leasing activities || Financial leasing activities || Financial and Insurance Activities || Office Administrative, Office Support and Other Business Support Activities || Administration of financial markets",0.394931|0.394931|0.351786|0.305182|0.293033,0.394931,retrieval:candidates,REVIEW_CANDIDATES
osm,man_made=beacon,1,3.521870817778404e-05,psic,rev5,,,exact,,,category,beacon man made,,,2030|203|20300|28261|22205,"Manufacture of man-made fibres || Manufacture of man-made fibres || Manufacture of man-made fibres || Manufacture of textile machinery, including machineries for man-made textile fibers or yarns || Manufacture of office or school supplies made of plastic",0.472060|0.472060|0.472060|0.250769|0.151136,0.472060,retrieval:candidates,REVIEW_CANDIDATES
osm,healthcare=blood_donation,1,3.521870817778404e-05,psic,rev5,,,exact,,,category,blood donation healthcare,,,86|869|8699|86999|65401,"Human Health Activities || Other human health activities || Other human health activities n.e.c. || All other human health activities, n.e.c. || Pre-need plan for health",0.155094|0.148220|0.138634|0.126447|0.126261,0.155094,retrieval:candidates,REVIEW_CANDIDATES
osm,amenity=boat_storage,1,3.521870817778404e-05,psic,rev5,,,exact,,,category,boat storage amenity,,,H|5210|521|52109|27203,"Transportation and Storage || Warehousing and storage || Warehousing and storage || Warehousing and storage, n.e.c. || Manufacture of battery energy storage system",0.480327|0.458625|0.458625|0.419834|0.315393,0.480327,retrieval:candidates,REVIEW_CANDIDATES
osm,industrial=scrap_yard,1,3.521870817778404e-05,psic,rev5,,,exact,,,category,scrap yard industrial,,,74103|46592|46791|3320|332,Industrial design activities || Wholesale of industrial machinery and equipment || Wholesale of industrial chemical products || Installation of industrial machinery and equipment || Installation of industrial machinery and equipment,0.374719|0.326754|0.324043|0.300148|0.300148,0.374719,retrieval:candidates,REVIEW_CANDIDATES
osm,amenity=community_centre | club=sport,1,3.521870817778404e-05,psic,rev5,,,exact,,,category,community centre amenity sport club,,,842|841|47811|93120|9312,"Provision of services to the community as a whole || Administration of the State and the economic, social and environmental policies of the community || Retail sale of passenger motor vehicles including sedans, sport utility vehicles and passenger vans || Activities of sports clubs || Activities of sports clubs",0.277602|0.184774|0.147758|0.115464|0.115464,0.277602,retrieval:candidates,REVIEW_CANDIDATES
osm,tourism=religious | leisure=garden,1,3.521870817778404e-05,psic,rev5,,,exact,,,category,religious tourism garden leisure,,,9491|94910|47732|91410|9141,Activities of religious organizations || Activities of religious organizations || Retail sale of religious articles || Botanical and zoological garden activities || Botanical and zoological garden activities,0.390039|0.390039|0.389521|0.246295|0.246295,0.390039,retrieval:candidates,REVIEW_CANDIDATES
osm,man_made=broadcast_station,1,3.521870817778404e-05,psic,rev5,,,exact,,,category,broadcast station man made,,,20300|2030|203|28261|11055,"Manufacture of man-made fibres || Manufacture of man-made fibres || Manufacture of man-made fibres || Manufacture of textile machinery, including machineries for man-made textile fibers or yarns || Operation of water purifying and refilling station",0.379826|0.379826|0.379826|0.201634|0.184585,0.379826,retrieval:candidates,REVIEW_CANDIDATES
osm,industrial=water | man_made=wastewater_plant,1,3.521870817778404e-05,psic,rev5,,,exact,,,category,water industrial wastewater plant man made,,,2030|203|20300|74103|46592,Manufacture of man-made fibres || Manufacture of man-made fibres || Manufacture of man-made fibres || Industrial design activities || Wholesale of industrial machinery and equipment,0.336886|0.336886|0.336886|0.272347|0.241796,0.336886,retrieval:candidates,REVIEW_CANDIDATES
overture,apparel_manufacturer,1,3.521870817778404e-05,psic,rev5,,,exact,,,category,apparel manufacturer,,,14|141|1410|14109|14103,"Manufacture of Wearing Apparel || Manufacture of wearing apparel, except fur apparel || Manufacture of wearing apparel, except fur apparel || Manufacture of wearing apparel, except fur apparel, n.e.c. || Manufacture of traditional apparel",0.554710|0.550011|0.550011|0.497916|0.496668,0.554710,retrieval:candidates,REVIEW_CANDIDATES
overture,drugstore,1,3.521870817778404e-05,psic,rev5,,,exact,,,category,drugstore,,,21001|47721|0128|47191|47114,"Manufacture of drugs, medicines, biological products and medicinal active substances || Retail sale of prescription and over-the-counter drugs and pharmaceutical goods || Growing of spices, aromatic, drug and pharmaceutical crops || Retail selling in department stores || Retail selling in convenience stores",0.088508|0.082678|0.066572|0.061189|0.058170,0.088508,retrieval:candidates,REVIEW_CANDIDATES
overture,latin_american_restaurant,1,3.521870817778404e-05,psic,rev5,,,exact,,,category,latin american restaurant,,,56102|56103|561|5610|56109,"Fast-food restaurants operations, including quick service restaurant || Activities of buffet restaurants || Restaurants and mobile food service activities || Restaurants and mobile food service activities || Restaurants and mobile food service activities, n.e.c.",0.379651|0.191383|0.182716|0.182716|0.172594,0.379651,retrieval:candidates,REVIEW_CANDIDATES
overture,golf_course,1,3.521870817778404e-05,psic,rev5,,,exact,,,category,golf course,,,85610|8561|5320|532|53,Intermediation service activities for courses and tutors || Intermediation service activities for courses and tutors || Courier activities || Courier activities || Postal and Courier Activities,0.144289|0.144289|0.093644|0.093644|0.074594,0.144289,retrieval:candidates,REVIEW_CANDIDATES
overture,castle,1,3.521870817778404e-05,psic,rev5,,,exact,,,category,castle,,,24311|243|24312|2431|2432,Casting of iron || Casting of metals || Casting of steel || Casting of iron and steel || Casting of non-ferrous metals,0.152911|0.148975|0.140781|0.119407|0.095724,0.152911,retrieval:candidates,REVIEW_CANDIDATES
overture,health_food_restaurant,1,3.521870817778404e-05,psic,rev5,,,exact,,,category,health food restaurant,,,56102|86|561|5610|869,"Fast-food restaurants operations, including quick service restaurant || Human Health Activities || Restaurants and mobile food service activities || Restaurants and mobile food service activities || Other human health activities",0.387933|0.310389|0.290719|0.290719|0.285152,0.387933,retrieval:candidates,REVIEW_CANDIDATES
overture,condominium,1,3.521870817778404e-05,psic,rev5,,,exact,,,category,condominium,,,0721|07210|4711|47119|96304,"Mining of uranium and thorium ores || Mining of uranium and thorium ores || Non-specialized retail sale with food, beverages or tobacco predominating || Non-specialized retail sale with food, beverages or tobacco predominating, n.e.c. || Operation of columbarium",0.134822|0.134822|0.057943|0.056234|0.046586,0.134822,retrieval:candidates,REVIEW_CANDIDATES
overture,laboratory,1,3.521870817778404e-05,psic,rev5,,,exact,,,category,laboratory,,,86991|28195|28191|2391|23910,"Medical and diagnostic laboratory service activities || Manufacture of fans intended for industrial applications, exhaust hoods for commercial, laboratory or industrial use || Manufacture of weighing machines, except scientific weighing machines used in laboratories || Manufacture of refractory products || Manufacture of refractory products",0.472035|0.268379|0.131169|0.061874|0.061874,0.472035,retrieval:candidates,REVIEW_CANDIDATES
overture,asian_fusion_restaurant,1,3.521870817778404e-05,psic,rev5,,,exact,,,category,asian fusion restaurant,,,56102|56103|5610|561|56101,"Fast-food restaurants operations, including quick service restaurant || Activities of buffet restaurants || Restaurants and mobile food service activities || Restaurants and mobile food service activities || Full-service restaurants activities",0.374286|0.186645|0.178192|0.178192|0.171284,0.374286,retrieval:candidates,REVIEW_CANDIDATES
overture,spanish_restaurant,1,3.521870817778404e-05,psic,rev5,,,exact,,,category,spanish restaurant,,,56102|56103|561|5610|56109,"Fast-food restaurants operations, including quick service restaurant || Activities of buffet restaurants || Restaurants and mobile food service activities || Restaurants and mobile food service activities || Restaurants and mobile food service activities, n.e.c.",0.399322|0.210373|0.200845|0.200845|0.189719,0.399322,retrieval:candidates,REVIEW_CANDIDATES
overture,cottage,1,3.521870817778404e-05,psic,rev5,,,exact,,,category,cottage,,,01162|01632|37|3700|370,Growing of cotton || Cotton ginning || Sewerage || Sewerage || Sewerage,0.164074|0.139580|0.051366|0.051366|0.051366,0.164074,retrieval:candidates,REVIEW_CANDIDATES
overture,chiropractic,1,3.521870817778404e-05,psic,rev5,,,exact,,,category,chiropractic,,,862|86221|8621|86210|8622,Medical and dental practice activities || Private dental practice activities || Public medical and dental practice activities || Public medical and dental practice activities || Private medical and dental practice activities,0.145306|0.143568|0.135470|0.135470|0.127923,0.145306,retrieval:candidates,REVIEW_CANDIDATES
overture,investing,1,3.521870817778404e-05,psic,rev5,,,exact,,,category,investing,,,80112|801|80|66123|8011,Investigation activities || Investigation and security activities || Investigation and Security Activities || Investment house operation || Investigation and private security activities,0.227698|0.184809|0.184809|0.168683|0.167333,0.227698,retrieval:candidates,REVIEW_CANDIDATES
overture,coworking_space,1,3.521870817778404e-05,psic,rev5,,,exact,,,category,coworking space,,,28222|259|303|3030|28223,Manufacture of other machine-tools for working metal || Manufacture of other fabricated metal products; metalworking service activities || Manufacture of air and spacecraft and related machinery || Manufacture of air and spacecraft and related machinery || Manufacture of other machine-tools for working non-metallic materials,0.117601|0.099096|0.098158|0.098158|0.093732,0.117601,retrieval:candidates,REVIEW_CANDIDATES
overture,dim_sum_restaurant,1,3.521870817778404e-05,psic,rev5,,,exact,,,category,dim sum restaurant,,,56102|56103|561|5610|56109,"Fast-food restaurants operations, including quick service restaurant || Activities of buffet restaurants || Restaurants and mobile food service activities || Restaurants and mobile food service activities || Restaurants and mobile food service activities, n.e.c.",0.408956|0.219257|0.209327|0.209327|0.197731,0.408956,retrieval:candidates,REVIEW_CANDIDATES
overture,drive_in_theater,1,3.521870817778404e-05,psic,rev5,,,exact,,,category,drive in theater,,,03225|03222|03221|03224|47111,Culturing of crabs in freshwater || Culturing of tilapia in freshwater || Culturing of milkfish in freshwater || Culturing of shellfish in freshwater || Retail selling in groceries,0.198085|0.195127|0.195029|0.193664|0.186855,0.198085,retrieval:candidates,REVIEW_CANDIDATES
overture,salad_bar,1,3.521870817778404e-05,psic,rev5,,,exact,,,category,salad bar,,,10306|96212|08911|47217|9621,"Manufacture of perishable prepared foods of fruits and vegetables such as salad, tofu, peeled or cut vegetables || Barber activities || Baryte mining || Retail sale of salt || Hairdressing and barber activities",0.204134|0.064010|0.054527|0.042814|0.040900,0.204134,retrieval:candidates,REVIEW_CANDIDATES
overture,middle_eastern_restaurant,1,3.521870817778404e-05,psic,rev5,,,exact,,,category,middle eastern restaurant,,,56102|56103|5610|561|56109,"Fast-food restaurants operations, including quick service restaurant || Activities of buffet restaurants || Restaurants and mobile food service activities || Restaurants and mobile food service activities || Restaurants and mobile food service activities, n.e.c.",0.385751|0.195585|0.188725|0.188725|0.178271,0.385751,retrieval:candidates,REVIEW_CANDIDATES
overture,bike_rental,1,3.521870817778404e-05,psic,rev5,,,exact,,,category,bike rental,,,77|77100|7710|771|77291,Rental and Leasing Activities || Rental and leasing of motor vehicles || Rental and leasing of motor vehicles || Rental and leasing of motor vehicles || Rental and leasing of wearing apparel,0.406069|0.337103|0.337103|0.337103|0.296327,0.406069,retrieval:candidates,REVIEW_CANDIDATES
overture,theatrical_production,1,3.521870817778404e-05,psic,rev5,,,exact,,,category,theatrical production,,,014|0148|01489|24204|24205,"Animal production || Egg production || Egg production, n.e.c. || Production of copper || Production of nickel",0.436252|0.434135|0.392868|0.350833|0.336827,0.436252,retrieval:candidates,REVIEW_CANDIDATES
overture,music_school,1,3.521870817778404e-05,psic,rev5,,,exact,,,category,music school,,,8553|85530|22205|592|59200,Driving school activities || Driving school activities || Manufacture of office or school supplies made of plastic || Sound recording and music publishing activities || Sound recording and music publishing activities,0.385044|0.385044|0.262629|0.251102|0.251102,0.385044,retrieval:candidates,REVIEW_CANDIDATES
overture,wholesaler,1,3.521870817778404e-05,psic,rev5,,,exact,,,category,wholesaler,,,46317|46|46732|46318|4661,Wholesale of salt || Wholesale Trade || Wholesale of cement || Wholesale of spices || Wholesale of motor vehicles,0.229427|0.220163|0.212107|0.199041|0.191075,0.229427,retrieval:candidates,REVIEW_CANDIDATES
overture,zoo,1,3.521870817778404e-05,psic,rev5,,,exact,,,category,zoo,,,91410|9141|914|31013|96908,Botanical and zoological garden activities || Botanical and zoological garden activities || Botanical and zoological garden and nature reserve activities || Manufacture of bamboo furniture || Tattoo and body piercing artists' activities,0.087053|0.087053|0.074915|0.041355|0.028032,0.087053,retrieval:candidates,REVIEW_CANDIDATES
overture,german_restaurant,1,3.521870817778404e-05,psic,rev5,,,exact,,,category,german restaurant,,,56102|56103|5610|561|56109,"Fast-food restaurants operations, including quick service restaurant || Activities of buffet restaurants || Restaurants and mobile food service activities || Restaurants and mobile food service activities || Restaurants and mobile food service activities, n.e.c.",0.399117|0.210184|0.200664|0.200664|0.189548,0.399117,retrieval:candidates,REVIEW_CANDIDATES
overture,day_spa,1,3.521870817778404e-05,psic,rev5,,,exact,,,category,day spa,,,962|96230|9623|303|3030,"Hairdressing, beauty treatment, day spa and similar activities || Day spa, sauna and steam bath activities || Day spa, sauna and steam bath activities || Manufacture of air and spacecraft and related machinery || Manufacture of air and spacecraft and related machinery",0.444851|0.441434|0.441434|0.034926|0.034926,0.444851,retrieval:candidates,REVIEW_CANDIDATES
overture,laundry_service,1,3.521870817778404e-05,psic,rev5,,,exact,,,category,laundry service,,,27502|T|28263|96|5629,"Manufacture of refrigerators and laundry equipment such as freezers, washing and drying machines || Other Service Activities || Manufacture of commercial washing, laundry, centrifugal clothes driers, dry-cleaning and pressing machines || Personal Service Activities || Other food service activities",0.278975|0.227639|0.226353|0.193624|0.190260,0.278975,retrieval:candidates,REVIEW_CANDIDATES
overture,shoe_repair,1,3.521870817778404e-05,psic,rev5,,,exact,,,category,shoe repair,,,96904|3312|33120|33190|3319,"Shoe shiner, porter, valet car parker and other related activities || Repair and maintenance of machinery || Repair and maintenance of machinery || Repair and maintenance of other equipment || Repair and maintenance of other equipment",0.252340|0.224153|0.224153|0.210867|0.210867,0.252340,retrieval:candidates,REVIEW_CANDIDATES
overture,wine_bar,1,3.521870817778404e-05,psic,rev5,,,exact,,,category,wine bar,SUBTREE,11021,11021|1102|11029|01450|0145,"Fruit wine manufacturing || Manufacture of wines || Manufacture of wines, n.e.c. || Raising of swine and pigs || Raising of swine and pigs",0.461819|0.162690|0.134260|0.090272|0.090272,0.461819,retrieval:strong_separated_hit,REVIEW_REQUIRED
overture,oncology,1,3.521870817778404e-05,psic,rev5,,,exact,,,category,oncology,,,86225|86226|62900|6290|629,Private obstetrics and gynecology clinic activities || Private dermatology clinic activities || Other information technology and computer service activities || Other information technology and computer service activities || Other information technology and computer service activities,0.131419|0.113921|0.110516|0.110516|0.110516,0.131419,retrieval:candidates,REVIEW_CANDIDATES
overture,currency_exchange,1,3.521870817778404e-05,psic,rev5,,,exact,,,category,currency exchange,,,66121|64991|66122|60310|6031,"Foreign exchange dealing or money changing business operations || Crypto or virtual currency trading, on own-account || Crypto or virtual currency trading, on behalf of others || News agency activities || News agency activities",0.278145|0.239473|0.232119|0.054114|0.054114,0.278145,retrieval:candidates,REVIEW_CANDIDATES
overture,blood_and_plasma_donation_center,1,3.521870817778404e-05,psic,rev5,,,exact,,,category,blood and plasma donation center,,,86223|32303|822|8220|82200,"Private dialysis center activities || Manufacture of gymnasium, fitness center or athletic equipment || Activities of call centers || Activities of call centers || Activities of call centers",0.354649|0.249918|0.133860|0.133860|0.133860,0.354649,retrieval:candidates,REVIEW_CANDIDATES
overture,waterfall,1,3.521870817778404e-05,psic,rev5,,,exact,,,category,waterfall,,,50|502|08931|1105|501,Water Transport || Inland water transport || Table salt production by evaporation of sea water or other saline waters || Manufacture of soft drinks; production of mineral waters and other bottled waters || Sea and coastal water transport,0.128909|0.097759|0.088595|0.085661|0.085000,0.128909,retrieval:candidates,REVIEW_CANDIDATES
overture,race_track,1,3.521870817778404e-05,psic,rev5,,,exact,,,category,race track,,,28241|28211|0893|0892|08920,"Manufacture of earth-moving machinery, track laying excavators and off-road dumping trucks || Manufacture of farm tractors || Extraction of salt || Extraction of peat || Extraction of peat",0.225143|0.073798|0.043616|0.041172|0.041172,0.225143,retrieval:candidates,REVIEW_CANDIDATES
overture,structural_engineer,1,3.521870817778404e-05,psic,rev5,,,exact,,,category,structural engineer,,,2511|25119|23951|251|42,"Manufacture of structural metal products || Manufacture of structural metal products, n.e.c. || Manufacture of structural concrete products || Manufacture of structural metal products, tanks, reservoirs and steam generators || Civil Engineering",0.466019|0.448793|0.398125|0.268867|0.170242,0.466019,retrieval:candidates,REVIEW_CANDIDATES
overture,makeup_artist,1,3.521870817778404e-05,psic,rev5,,,exact,,,category,makeup artist,,,96908|90202|20224|1420|142,"Tattoo and body piercing artists' activities || Activities of performing artists, such as actors, dancers, conductors and vloggers || Manufacture of prepared pigments and other coloring matter of a kind used in the manufacture of paints or by artists or other painters || Manufacture of articles of fur || Manufacture of articles of fur",0.095184|0.072643|0.069162|0.065744|0.065744,0.095184,retrieval:candidates,REVIEW_CANDIDATES
overture,military_site,1,3.521870817778404e-05,psic,rev5,,,exact,,,category,military site,,,3040|304|30400|4312|43120,Manufacture of military fighting vehicles || Manufacture of military fighting vehicles || Manufacture of military fighting vehicles || Site preparation || Site preparation,0.388602|0.388602|0.388602|0.368133|0.368133,0.388602,retrieval:candidates,REVIEW_CANDIDATES
overture,pet_sitting,1,3.521870817778404e-05,psic,rev5,,,exact,,,category,pet sitting,,,4776|47761|96902|47762|22203,Retail sale of pet and pet supplies || Retail sale of pet || Pet care services || Retail sale of pet supplies || Manufacture of plastic furniture fittings,0.485679|0.478315|0.408021|0.377437|0.104351,0.485679,retrieval:candidates,REVIEW_CANDIDATES
overture,haunted_house,1,3.521870817778404e-05,psic,rev5,,,exact,,,category,haunted house,,,66123|464|4649|475|U,Investment house operation || Wholesale of household goods || Wholesale of other household goods || Retail sale of other household equipment || Activities of Households as Employers; Undifferentiated Goods- and Services-Producing Activities of Households for own use,0.413728|0.082896|0.079468|0.077522|0.075480,0.413728,retrieval:candidates,REVIEW_CANDIDATES
overture,aquarium,1,3.521870817778404e-05,psic,rev5,,,exact,,,category,aquarium,,,96304|0721|07210|032|0321,Operation of columbarium || Mining of uranium and thorium ores || Mining of uranium and thorium ores || Aquaculture || Marine aquaculture,0.153115|0.117992|0.117992|0.115766|0.105728,0.153115,retrieval:candidates,REVIEW_CANDIDATES
overture,media_service,1,3.521870817778404e-05,psic,rev5,,,exact,,,category,media service,,,73103|182|1820|T|2680,Media representation activities || Reproduction of recorded media || Reproduction of recorded media || Other Service Activities || Manufacture of magnetic and optical media,0.326095|0.314644|0.314644|0.306531|0.284538,0.326095,retrieval:candidates,REVIEW_CANDIDATES
overture,pool_cleaning,1,3.521870817778404e-05,psic,rev5,,,exact,,,category,pool cleaning,,,812|8129|81299|20232|81210,"Cleaning activities || Other cleaning activities || Other cleaning activities, n.e.c. || Manufacture of other cleaning products || General cleaning of buildings",0.500566|0.432457|0.398417|0.375209|0.317124,0.500566,retrieval:candidates,REVIEW_CANDIDATES
overture,vehicle_shipping,1,3.521870817778404e-05,psic,rev5,,,exact,,,category,vehicle shipping,,,95316|4662|46629|4782|47829,"Motor vehicle painting activities || Wholesale of motor vehicle parts and accessories || Wholesale of motor vehicle parts and accessories, n.e.c. || Retail sale of motor vehicle parts and accessories || Retail sale of motor vehicle parts and accessories, n.e.c.",0.325399|0.288612|0.281894|0.280387|0.273616,0.325399,retrieval:candidates,REVIEW_CANDIDATES
overture,auto_customization,1,3.521870817778404e-05,psic,rev5,,,exact,,,category,auto customization,,,1441|14410|13997|47403|52332,Custom tailoring || Custom tailoring || Manufacture of automotive trimmings and custom upholstery || Retail sale of non-customized software on physical media || Activities of customs brokers,0.130744|0.130744|0.127181|0.126699|0.125490,0.130744,retrieval:candidates,REVIEW_CANDIDATES
overture,sculpture_statue,1,3.521870817778404e-05,psic,rev5,,,exact,,,category,sculpture statue,,,90123|16293|3514|35141|35149,"Activities of independent sculptors and engravers || Manufacture of wooden household utensils and kitchenware, statuettes, ornaments and other products made by wood carving || Operation of charging facilities and stations || Operation of charging stations for electric vehicles || Operation of charging facilities and stations, n.e.c.",0.122548|0.071748|0.039504|0.037533|0.036947,0.122548,retrieval:candidates,REVIEW_CANDIDATES
overture,costume_store,1,3.521870817778404e-05,psic,rev5,,,exact,,,category,costume store,,,52103|47191|47114|47113|47115,"Operation of cold storages, refrigerated warehouses or cool stores || Retail selling in department stores || Retail selling in convenience stores || Retail selling in sari-sari stores || Retail selling in pasalubong stores or centers",0.101305|0.100551|0.098283|0.089734|0.083568,0.101305,retrieval:candidates,REVIEW_CANDIDATES
overture,archery_range,1,3.521870817778404e-05,psic,rev5,,,exact,,,category,archery range,,,91120|9112|46315|911|10620,"Archive activities || Archive activities || Wholesale of fishery products || Library and archive activities || Manufacture of starches and starch products, including corn oil",0.089165|0.089165|0.073538|0.068139|0.066307,0.089165,retrieval:candidates,REVIEW_CANDIDATES
overture,dog_trainer,1,3.521870817778404e-05,psic,rev5,,,exact,,,category,dog trainer,,,85592|01496|16230|1623|29202,Non-formal instruction and training service activities || Raising and breeding of cats and dogs || Manufacture of wooden containers || Manufacture of wooden containers || Manufacture of trailers and semi-trailers,0.080023|0.064502|0.061160|0.061160|0.056707,0.080023,retrieval:candidates,REVIEW_CANDIDATES
overture,dog_park,1,3.521870817778404e-05,psic,rev5,,,exact,,,category,dog park,,,9321|93210|55300|553|5530,"Activities of amusement parks and theme parks || Activities of amusement parks and theme parks || Camping grounds, recreational vehicle parks and trailer parks || Camping grounds, recreational vehicle parks and trailer parks || Camping grounds, recreational vehicle parks and trailer parks",0.097872|0.097872|0.077705|0.077705|0.077705,0.097872,retrieval:candidates,REVIEW_CANDIDATES
overture,pet_breeder,1,3.521870817778404e-05,psic,rev5,,,exact,,,category,pet breeder,,,4776|47761|96902|47762|01442,Retail sale of pet and pet supplies || Retail sale of pet || Pet care services || Retail sale of pet supplies || Raising and breeding of goats,0.486303|0.478910|0.408540|0.377878|0.136207,0.486303,retrieval:candidates,REVIEW_CANDIDATES
overture,countertop_installation,1,3.521870817778404e-05,psic,rev5,,,exact,,,category,countertop installation,,,4321|43219|43221|43290|4329,"Electrical installation || Electrical installation, n.e.c. || Plumbing installation || Other construction installation || Other construction installation",0.532562|0.504765|0.494937|0.493407|0.493407,0.532562,retrieval:candidates,REVIEW_CANDIDATES
overture,atv_rental_tour,1,3.521870817778404e-05,psic,rev5,,,exact,,,category,atv rental tour,,,79120|7912|77|791|7710,Tour operator activities || Tour operator activities || Rental and Leasing Activities || Travel agency and tour operator activities || Rental and leasing of motor vehicles,0.424301|0.424301|0.294049|0.287112|0.242912,0.424301,retrieval:candidates,REVIEW_CANDIDATES
overture,oil_change_station,1,3.521870817778404e-05,psic,rev5,,,exact,,,category,oil change station,,,11055|10401|10404|10402|10620,"Operation of water purifying and refilling station || Manufacture of virgin coconut oil || Manufacture of fish oil and other marine animal oils || Production of crude vegetable oil, cake and meals, other than virgin coconut oil || Manufacture of starches and starch products, including corn oil",0.237042|0.178487|0.164592|0.164367|0.155630,0.237042,retrieval:candidates,REVIEW_CANDIDATES
overture,gift_shop,1,3.521870817778404e-05,psic,rev5,,,exact,,,category,gift shop,,,47192|4642|46429|56303|64960,"Retail sale of gift and novelty goods || Wholesale of household, office and shop furniture, carpets and lighting equipment || Wholesale of household, office and shop furniture, carpets and lighting equipment, n.e.c. || Activities of tea shops || Pawnshop operations",0.312801|0.193115|0.190258|0.105594|0.092260,0.312801,retrieval:candidates,REVIEW_CANDIDATES
overture,persian_restaurant,1,3.521870817778404e-05,psic,rev5,,,exact,,,category,persian restaurant,,,56102|56103|5610|561|56109,"Fast-food restaurants operations, including quick service restaurant || Activities of buffet restaurants || Restaurants and mobile food service activities || Restaurants and mobile food service activities || Restaurants and mobile food service activities, n.e.c.",0.401402|0.210754|0.201209|0.201209|0.190063,0.401402,retrieval:candidates,REVIEW_CANDIDATES
overture,driving_range,1,3.521870817778404e-05,psic,rev5,,,exact,,,category,driving range,,,8553|85530|2814|28140|93191,"Driving school activities || Driving school activities || Manufacture of bearings, gears, gearing and driving elements || Manufacture of bearings, gears, gearing and driving elements || Scuba diving and freediving activities",0.501031|0.501031|0.293059|0.293059|0.080693,0.501031,retrieval:candidates,REVIEW_CANDIDATES
overture,science_museum,1,3.521870817778404e-05,psic,rev5,,,exact,,,category,science museum,,,91210|9121|91|912|72104,"Museum and collection activities || Museum and collection activities || Library, Archives, Museum and Other Cultural Activities || Museum, collection, historical site and monument activities || Research and experimental development in other natural sciences",0.455695|0.455695|0.306153|0.268223|0.098120,0.455695,retrieval:candidates,REVIEW_CANDIDATES
overture,bus_tour,1,3.521870817778404e-05,psic,rev5,,,exact,,,category,bus tour,,,7912|79120|791|79|49201,"Tour operator activities || Tour operator activities || Travel agency and tour operator activities || Travel Agency, Tour Operator, and Other Travel Related Activities || Inter-regional bus transport operation",0.415203|0.415203|0.281630|0.214759|0.213050,0.415203,retrieval:candidates,REVIEW_CANDIDATES
overture,medical_spa,1,3.521870817778404e-05,psic,rev5,,,exact,,,category,medical spa,,,32505|862|4643|46430|86210,Manufacture of medical thermometers and other medical and diagnostic instruments || Medical and dental practice activities || Wholesale of pharmaceutical and medical goods || Wholesale of pharmaceutical and medical goods || Public medical and dental practice activities,0.272505|0.267698|0.246169|0.246169|0.238735,0.272505,retrieval:candidates,REVIEW_CANDIDATES
overture,boat_rental_and_training,1,3.521870817778404e-05,psic,rev5,,,exact,,,category,boat rental and training,,,85592|77|7710|77100|771,Non-formal instruction and training service activities || Rental and Leasing Activities || Rental and leasing of motor vehicles || Rental and leasing of motor vehicles || Rental and leasing of motor vehicles,0.385710|0.324779|0.269826|0.269826|0.269826,0.385710,retrieval:candidates,REVIEW_CANDIDATES
overture,appliance_manufacturer,1,3.521870817778404e-05,psic,rev5,,,exact,,,category,appliance manufacturer,,,27902|2750|275|27509|47593,"Manufacture of appliance cords, extension cords and other electrical cords || Manufacture of domestic appliances || Manufacture of domestic appliances || Manufacture of domestic appliances, n.e.c. || Retail sale of household appliances",0.328330|0.266657|0.266657|0.245471|0.211042,0.328330,retrieval:candidates,REVIEW_CANDIDATES
overture,computer_hardware_company,1,3.521870817778404e-05,psic,rev5,,,exact,,,category,computer hardware company,,,64953|64952|64951|62200|622,Financing company operation || Lending company operation || Credit card company operation || Computer consultancy and computer facilities management activities || Computer consultancy and computer facilities management activities,0.351597|0.347497|0.310227|0.276182|0.276182,0.351597,retrieval:candidates,REVIEW_CANDIDATES
overture,boot_camp,1,3.521870817778404e-05,psic,rev5,,,exact,,,category,boot camp,,,55300|5530|553|01430|0143,"Camping grounds, recreational vehicle parks and trailer parks || Camping grounds, recreational vehicle parks and trailer parks || Camping grounds, recreational vehicle parks and trailer parks || Raising of camels and camelids || Raising of camels and camelids",0.072844|0.072844|0.072844|0.069087|0.069087,0.072844,retrieval:candidates,REVIEW_CANDIDATES
overture,pop_up_store,1,3.521870817778404e-05,psic,rev5,,,exact,,,category,pop up store,,,13922|47513|1392|13929|46413,"Manufacture of made-up furnishing articles || Retail sale of made-up textile goods || Manufacture of made-up textile articles, except apparel || Manufacture of made-up textile articles, except apparel, n.e.c. || Wholesale of made-up textile goods, except wearing apparel",0.219906|0.218830|0.192322|0.191335|0.173679,0.219906,retrieval:candidates,REVIEW_CANDIDATES
overture,recreational_vehicle_dealer,1,3.521870817778404e-05,psic,rev5,,,exact,,,category,recreational vehicle dealer,,,55300|5530|553|476|4769,"Camping grounds, recreational vehicle parks and trailer parks || Camping grounds, recreational vehicle parks and trailer parks || Camping grounds, recreational vehicle parks and trailer parks || Retail sale of cultural and recreational goods || Retail sale of cultural and recreational goods n.e.c.",0.411683|0.411683|0.411683|0.277539|0.270039,0.411683,retrieval:candidates,REVIEW_CANDIDATES
overture,muslim_place_of_worship,1,3.521870817778404e-05,psic,rev5,,,exact,,,category,muslim place of worship,,,94|949|94990|9499|7810,Activities of Membership Organizations || Activities of other membership organizations || Activities of other membership organizations n.e.c. || Activities of other membership organizations n.e.c. || Activities of employment placement agencies,0.147377|0.143009|0.139755|0.139755|0.126784,0.147377,retrieval:candidates,REVIEW_CANDIDATES
overture,writing_service,1,3.521870817778404e-05,psic,rev5,,,exact,,,category,writing service,,,T|96|56290|5629|09,Other Service Activities || Personal Service Activities || Other food service activities || Other food service activities || Mining Support Service Activities,0.412962|0.359961|0.344715|0.344715|0.308444,0.412962,retrieval:candidates,REVIEW_CANDIDATES
overture,distillery,1,3.521870817778404e-05,psic,rev5,,,exact,,,category,distillery,,,1101|11019|3211|20296|3212,"Distilling, rectifying and blending of spirits || Distilling, rectifying and blending of spirits, n.e.c. || Manufacture of jewellery and related articles || Manufacture of essential oil and concentrates, natural aromatic product extracts, resinoids, aromatic distilled waters and odoriferous product mixtures used in perfumes or food || Manufacture of imitation jewellery and related articles",0.114738|0.110678|0.085238|0.074861|0.072955,0.114738,retrieval:candidates,REVIEW_CANDIDATES
overture,carpet_store,1,3.521870817778404e-05,psic,rev5,,,exact,,,category,carpet store,,,13930|1393|43303|47530|4753,"Manufacture of carpets and rugs || Manufacture of carpets and rugs || Carpentry activities || Retail sale of carpets, rugs, wall and floor coverings || Retail sale of carpets, rugs, wall and floor coverings",0.172201|0.172201|0.129206|0.106107|0.106107,0.172201,retrieval:candidates,REVIEW_CANDIDATES
overture,truck_rental_service,1,3.521870817778404e-05,psic,rev5,,,exact,,,category,truck rental service,,,52216|49432|77|T|771,Truck weighing services operation || Tank truck delivery services operation || Rental and Leasing Activities || Other Service Activities || Rental and leasing of motor vehicles,0.368507|0.325025|0.258163|0.228231|0.213401,0.368507,retrieval:candidates,REVIEW_CANDIDATES
overture,psychology,1,3.521870817778404e-05,psic,rev5,,,exact,,,category,psychology,,,86226|6290|629|62900|86225,Private dermatology clinic activities || Other information technology and computer service activities || Other information technology and computer service activities || Other information technology and computer service activities || Private obstetrics and gynecology clinic activities,0.137471|0.133363|0.133363|0.133363|0.110413,0.137471,retrieval:candidates,REVIEW_CANDIDATES
overture,plastics_company,1,3.521870817778404e-05,psic,rev5,,,exact,,,category,plastics company,,,222|2220|64953|64952|22209,"Manufacture of plastics products || Manufacture of plastics products || Financing company operation || Lending company operation || Manufacture of plastics products, n.e.c.",0.412724|0.412724|0.398491|0.393704|0.390110,0.412724,retrieval:candidates,REVIEW_CANDIDATES
overture,guest_house,1,3.521870817778404e-05,psic,rev5,,,exact,,,category,guest house,,,66123|464|4649|475|46499,"Investment house operation || Wholesale of household goods || Wholesale of other household goods || Retail sale of other household equipment || Wholesale of other household goods, n.e.c.",0.436585|0.093057|0.089209|0.087024|0.081077,0.436585,retrieval:candidates,REVIEW_CANDIDATES
overture,audiology,1,3.521870817778404e-05,psic,rev5,,,exact,,,category,audiology,,,86226|6290|629|62900|60100,Private dermatology clinic activities || Other information technology and computer service activities || Other information technology and computer service activities || Other information technology and computer service activities || Radio broadcasting and audio distribution activities,0.092269|0.089511|0.089511|0.089511|0.088889,0.092269,retrieval:candidates,REVIEW_CANDIDATES
overture,teeth_whitening,1,3.521870817778404e-05,psic,rev5,,,exact,,,category,teeth whitening,,,32503|71101|0520|05200|052,"Manufacture of artificial teeth, including dental cement || Architectural consulting activities || Mining of lignite || Mining of lignite || Mining of lignite",0.331379|0.041125|0.039986|0.039986|0.039986,0.331379,retrieval:candidates,REVIEW_CANDIDATES
overture,skate_store,1,3.521870817778404e-05,psic,rev5,,,exact,,,category,skate store,,,30912|52103|47191|47114|47113,"Manufacture of personal transporters, such as electric skateboards and kick scooters || Operation of cold storages, refrigerated warehouses or cool stores || Retail selling in department stores || Retail selling in convenience stores || Retail selling in sari-sari stores",0.101129|0.081312|0.081299|0.077288|0.072553,0.101129,retrieval:candidates,REVIEW_CANDIDATES
overture,abuse_and_addiction_treatment_center,1,3.521870817778404e-05,psic,rev5,,,exact,,,category,abuse and addiction treatment center,,,382|360|3600|36|86223,"Waste treatment and disposal || Water collection, treatment and supply || Water collection, treatment and supply || Water Collection, Treatment and Supply || Private dialysis center activities",0.252046|0.248371|0.248371|0.248371|0.243264,0.252046,retrieval:candidates,REVIEW_CANDIDATES
overture,waxing,1,3.521870817778404e-05,psic,rev5,,,exact,,,category,waxing,,,20233|49421|96100|9610|961,Manufacture of waxes and polishing products || Taxi operations || Washing and cleaning of textile and fur products || Washing and cleaning of textile and fur products || Washing and cleaning of textile and fur products,0.102518|0.053835|0.023405|0.023405|0.023405,0.102518,retrieval:candidates,REVIEW_CANDIDATES
overture,trophy_store,1,3.521870817778404e-05,psic,rev5,,,exact,,,category,trophy store,,,47191|52103|47114|47113|0125,"Retail selling in department stores || Operation of cold storages, refrigerated warehouses or cool stores || Retail selling in convenience stores || Retail selling in sari-sari stores || Growing of other tropical and subtropical fruits",0.083768|0.081613|0.079636|0.074757|0.070811,0.083768,retrieval:candidates,REVIEW_CANDIDATES
overture,airport_terminal,1,3.521870817778404e-05,psic,rev5,,,exact,,,category,airport terminal,,,49427|52211|52212|51|01622,"Operation of airport shuttles || Operation of terminal facilities such as bus terminals, jeepney terminals and tricycle terminals || Operation of freight terminal facilities for trucking companies || Air Transport || Egg-hatching, sex determination and other poultry service activities",0.364921|0.282406|0.250366|0.074279|0.066119,0.364921,retrieval:candidates,REVIEW_CANDIDATES
overture,lingerie_store,1,3.521870817778404e-05,psic,rev5,,,exact,,,category,lingerie store,,,47191|47114|52103|47113|47115,"Retail selling in department stores || Retail selling in convenience stores || Operation of cold storages, refrigerated warehouses or cool stores || Retail selling in sari-sari stores || Retail selling in pasalubong stores or centers",0.096115|0.091373|0.086453|0.085775|0.079881,0.096115,retrieval:candidates,REVIEW_CANDIDATES
overture,urology,1,3.521870817778404e-05,psic,rev5,,,exact,,,category,urology,,,86226|62900|6290|629|86225,Private dermatology clinic activities || Other information technology and computer service activities || Other information technology and computer service activities || Other information technology and computer service activities || Private obstetrics and gynecology clinic activities,0.118577|0.115033|0.115033|0.115033|0.095237,0.118577,retrieval:candidates,REVIEW_CANDIDATES
overture,glass_manufacturer,1,3.521870817778404e-05,psic,rev5,,,exact,,,category,glass manufacturer,,,231|2310|23109|23103|23101,"Manufacture of glass and glass products || Manufacture of glass and glass products || Manufacture of glass and glass products, n.e.c. || Manufacture of glass fibers, including glass wool || Manufacture of flat glass, including float glass",0.696055|0.696055|0.670931|0.538426|0.513298,0.696055,retrieval:candidates,REVIEW_CANDIDATES
overture,graphic_designer,1,3.521870817778404e-05,psic,rev5,,,exact,,,category,graphic designer,SUBTREE,74104,74104|7420|742|74209|74102,"Graphic design activities || Photographic activities || Photographic activities || Photographic activities, n.e.c. || Interior design activities",0.662442|0.167713|0.167713|0.153120|0.134275,0.662442,retrieval:strong_separated_hit,REVIEW_REQUIRED
overture,reproductive_perinatal_and_womens_care,1,3.521870817778404e-05,psic,rev5,,,exact,,,category,reproductive perinatal and womens care,,,87|879|8799|96902|8710,Residential Care Activities || Other residential care activities || Other residential care activities n.e.c. || Pet care services || Residential nursing care activities,0.348991|0.297496|0.292794|0.290730|0.255060,0.348991,retrieval:candidates,REVIEW_CANDIDATES
overture,business_consulting,1,3.521870817778404e-05,psic,rev5,,,exact,,,category,business consulting,,,74996|71101|74993|52291|74995,Halal consulting activities || Architectural consulting activities || Environmental consulting activities || Logistics consulting activities || Food safety consulting activities,0.401626|0.381101|0.379108|0.378967|0.362575,0.401626,retrieval:candidates,REVIEW_CANDIDATES
overture,motorcycle_rental_service,1,3.521870817778404e-05,psic,rev5,,,exact,,,category,motorcycle rental service,,,30915|4663|46632|47832|9534,"Manufacture of motorcycle engines, including electric motors for motorcycle || Wholesale of motorcycles, motorcycle parts and accessories || Wholesale of motorcycle parts and accessories || Retail sale of motorcycle parts and accessories || Motor vehicle and motorcycle washing and detailing activities",0.393854|0.358861|0.334391|0.329142|0.290686,0.393854,retrieval:candidates,REVIEW_CANDIDATES
overture,gay_bar,1,3.521870817778404e-05,psic,rev5,,,exact,,,category,gay bar,,,96212|08911|9621|26192|96211,"Barber activities || Baryte mining || Hairdressing and barber activities || Manufacture of bare printed circuit boards || Hairdressing activities, other than barber activities",0.113542|0.096721|0.072549|0.064624|0.061009,0.113542,retrieval:candidates,REVIEW_CANDIDATES
overture,neurology,1,3.521870817778404e-05,psic,rev5,,,exact,,,category,neurology,,,86226|62900|6290|629|86225,Private dermatology clinic activities || Other information technology and computer service activities || Other information technology and computer service activities || Other information technology and computer service activities || Private obstetrics and gynecology clinic activities,0.121318|0.117693|0.117693|0.117693|0.097439,0.121318,retrieval:candidates,REVIEW_CANDIDATES
overture,notary_public,1,3.521870817778404e-05,psic,rev5,,,exact,,,category,notary public,,,7330|73300|733|8611|85401,Public relations activities || Public relations activities || Public relations activities || Public hospital activities || Public tertiary education,0.399237|0.399237|0.399237|0.382096|0.379622,0.399237,retrieval:candidates,REVIEW_CANDIDATES
overture,ambulance_or_ems_service,1,3.521870817778404e-05,psic,rev5,,,exact,,,category,ambulance or ems service,,,T|96|5629|56290|81300,Other Service Activities || Personal Service Activities || Other food service activities || Other food service activities || Landscape service activities,0.302032|0.261840|0.252189|0.252189|0.231090,0.302032,retrieval:candidates,REVIEW_CANDIDATES
overture,malaysian_restaurant,1,3.521870817778404e-05,psic,rev5,,,exact,,,category,malaysian restaurant,,,56102|56103|5610|561|56109,"Fast-food restaurants operations, including quick service restaurant || Activities of buffet restaurants || Restaurants and mobile food service activities || Restaurants and mobile food service activities || Restaurants and mobile food service activities, n.e.c.",0.386090|0.198170|0.189195|0.189195|0.178715,0.386090,retrieval:candidates,REVIEW_CANDIDATES
overture,tennis_court,1,3.521870817778404e-05,psic,rev5,,,exact,,,category,tennis court,,,93112|532|5320|53|84117,"Operation of courts for basketball, volleyball, badminton, tennis and pickleball || Courier activities || Courier activities || Postal and Courier Activities || Administration of constitutional bodies and oversight functions, excluding courts",0.296606|0.076833|0.076833|0.061203|0.059733,0.296606,retrieval:candidates,REVIEW_CANDIDATES
overture,buddhist_place_of_worship,1,3.521870817778404e-05,psic,rev5,,,exact,,,category,buddhist place of worship,,,94|949|94990|9499|7810,Activities of Membership Organizations || Activities of other membership organizations || Activities of other membership organizations n.e.c. || Activities of other membership organizations n.e.c. || Activities of employment placement agencies,0.142321|0.138081|0.135018|0.135018|0.122117,0.142321,retrieval:candidates,REVIEW_CANDIDATES
overture,psychic_advising,1,3.521870817778404e-05,psic,rev5,,,exact,,,category,psychic advising,,,7310|731|73109|73101|01463,"Advertising activities || Advertising activities || Advertising activities, n.e.c. || Activities of advertising agency, except billboard and outdoor advertising activities || Raising of native chickens",0.143534|0.143534|0.129062|0.102741|0.100261,0.143534,retrieval:candidates,REVIEW_CANDIDATES
overture,hiking_trail,1,3.521870817778404e-05,psic,rev5,,,exact,,,category,hiking trail,,,29202|29|4912|49120|47813,"Manufacture of trailers and semi-trailers || Manufacture of Motor Vehicles, Trailers and Semi-Trailers || Freight rail transport || Freight rail transport || Retail sale of commercial vehicles for freight transportation including trucks, trailers and semi-trailers",0.125957|0.112056|0.105367|0.105367|0.098666,0.125957,retrieval:candidates,REVIEW_CANDIDATES
overture,department_of_motor_vehicles,1,3.521870817778404e-05,psic,rev5,,,exact,,,category,department of motor vehicles,,,2910|291|4661|46619|4781,"Manufacture of motor vehicles || Manufacture of motor vehicles || Wholesale of motor vehicles || Wholesale of motor vehicles, n.e.c. || Retail sale of motor vehicles",0.655834|0.655834|0.601037|0.568555|0.560102,0.655834,retrieval:candidates,REVIEW_CANDIDATES
overture,prosthodontics,1,3.521870817778404e-05,psic,rev5,,,exact,,,category,prosthodontics,,,222|2220|32506|22209|52291,"Manufacture of plastics products || Manufacture of plastics products || Manufacture of orthopedic appliances and prosthetic devices, including crutches, surgical belts and trusses, splints and other artificial body parts || Manufacture of plastics products, n.e.c. || Logistics consulting activities",0.087619|0.087619|0.082923|0.078221|0.056154,0.087619,retrieval:candidates,REVIEW_CANDIDATES
overture,media_news_website,1,3.521870817778404e-05,psic,rev5,,,exact,,,category,media news website,,,60310|6031|73103|603|1820,News agency activities || News agency activities || Media representation activities || News agency and other content distribution activities || Reproduction of recorded media,0.345304|0.345304|0.230396|0.223108|0.220764,0.345304,retrieval:candidates,REVIEW_CANDIDATES
overture,real_estate_law,1,3.521870817778404e-05,psic,rev5,,,exact,,,category,real estate law,,,68|M|6821|68210|682,Real Estate Activities || Real Estate Activities || Intermediation service activities for real estate || Intermediation service activities for real estate || Real estate activities on a fee or contract basis,0.853765|0.853765|0.621096|0.621096|0.507554,0.853765,retrieval:candidates,REVIEW_CANDIDATES
overture,telecommunications_service,1,3.521870817778404e-05,psic,rev5,,,exact,,,category,telecommunications service,SUBTREE,61,61|4652|46529|612|6120,"Telecommunications || Wholesale of electronic and telecommunications equipment and parts || Wholesale of electronic and telecommunications equipment and parts, n.e.c. || Telecommunication reselling activities and intermediation service activities for telecommunication || Telecommunication reselling activities and intermediation service activities for telecommunication",0.887405|0.409990|0.396701|0.351802|0.351802,0.887405,retrieval:strong_separated_hit,REVIEW_REQUIRED
overture,automotive_storage_facility,1,3.521870817778404e-05,psic,rev5,,,exact,,,category,automotive storage facility,,,473|47300|4730|H|521,Retail sale of automotive fuel || Retail sale of automotive fuel || Retail sale of automotive fuel || Transportation and Storage || Warehousing and storage,0.405073|0.405073|0.405073|0.343141|0.327249,0.405073,retrieval:candidates,REVIEW_CANDIDATES
overture,radiology,1,3.521870817778404e-05,psic,rev5,,,exact,,,category,radiology,,,26511|6010|60100|601|86226,"Manufacture of radar apparatus, radio navigational aid apparatus and radio remote control apparatus || Radio broadcasting and audio distribution activities || Radio broadcasting and audio distribution activities || Radio broadcasting and audio distribution activities || Private dermatology clinic activities",0.095880|0.094793|0.094793|0.094793|0.090691,0.095880,retrieval:candidates,REVIEW_CANDIDATES
overture,laser_hair_removal,1,3.521870817778404e-05,psic,rev5,,,exact,,,category,laser hair removal,,,46736|47526|20223|9621|96211,"Wholesale of paints, varnishes and lacquers and related coating and paint-removal products || Retail sale of paints, varnishes and lacquers and related coating and paint-removal products || Manufacture of paint removers, thinners and brush cleaners || Hairdressing and barber activities || Hairdressing activities, other than barber activities",0.265286|0.263791|0.072310|0.060473|0.051810,0.265286,retrieval:candidates,REVIEW_CANDIDATES
overture,tanning_salon,1,3.521870817778404e-05,psic,rev5,,,exact,,,category,tanning salon,,,15110|1511|151|13111|10201,"Tanning and dressing of leather; dressing and dyeing of fur || Tanning and dressing of leather; dressing and dyeing of fur || Tanning, dyeing, dressing of leather and fur; manufacture of luggage, handbags, saddlery and harness || Spinning || Preserving of fish and other marine products by canning or packing",0.289956|0.289956|0.226432|0.095787|0.087403,0.289956,retrieval:candidates,REVIEW_CANDIDATES
overture,neuropathology,1,3.521870817778404e-05,psic,rev5,,,exact,,,category,neuropathology,,,86226|629|62900|6290|86225,Private dermatology clinic activities || Other information technology and computer service activities || Other information technology and computer service activities || Other information technology and computer service activities || Private obstetrics and gynecology clinic activities,0.109753|0.106473|0.106473|0.106473|0.088150,0.109753,retrieval:candidates,REVIEW_CANDIDATES
overture,betting_center,1,3.521870817778404e-05,psic,rev5,,,exact,,,category,betting center,,,92|9200|920|92009|86223,"Gambling and Betting Activities || Gambling and betting activities || Gambling and betting activities || Gambling and betting activities, n.e.c. || Private dialysis center activities",0.368609|0.368609|0.368609|0.354073|0.305341,0.368609,retrieval:candidates,REVIEW_CANDIDATES
overture,credit_and_debt_counseling,1,3.521870817778404e-05,psic,rev5,,,exact,,,category,credit and debt counseling,,,64959|64133|6495|64951|82910,"Other credit granting, n.e.c. || Activities of credit cooperatives || Other credit granting activities || Credit card company operation || Activities of collection agencies and credit bureaus",0.438118|0.421647|0.416777|0.374061|0.323270,0.438118,retrieval:candidates,REVIEW_CANDIDATES
overture,cardiology,1,3.521870817778404e-05,psic,rev5,,,exact,,,category,cardiology,,,86226|6290|629|62900|46527,Private dermatology clinic activities || Other information technology and computer service activities || Other information technology and computer service activities || Other information technology and computer service activities || Wholesale of smart cards or chip cards,0.092709|0.089938|0.089938|0.089938|0.082509,0.092709,retrieval:candidates,REVIEW_CANDIDATES
overture,soul_food,1,3.521870817778404e-05,psic,rev5,,,exact,,,category,soul food,,,4721|10|5629|56290|107,Retail sale of food || Manufacture of Food Products || Other food service activities || Other food service activities || Manufacture of other food products,0.439537|0.413697|0.393156|0.393156|0.378446,0.439537,retrieval:candidates,REVIEW_CANDIDATES
overture,newspaper_and_magazines_store,1,3.521870817778404e-05,psic,rev5,,,exact,,,category,newspaper and magazines store,SUBTREE,46496,46496|58120|5812|4761|47610,"Wholesale of stationery, books, magazines and newspapers || Publishing of newspapers || Publishing of newspapers || Retail sale of books, newspapers, stationery and other office and school supplies || Retail sale of books, newspapers, stationery and other office and school supplies",0.469955|0.165890|0.165890|0.121139|0.121139,0.469955,retrieval:strong_separated_hit,REVIEW_REQUIRED
overture,game_publisher,1,3.521870817778404e-05,psic,rev5,,,exact,,,category,game publisher,,,01464|6211|62110|5821|58210,"Raising of game fowl || Development of video games, video game software, and video game software tools || Development of video games, video game software, and video game software tools || Publishing of video games || Publishing of video games",0.375840|0.317858|0.317858|0.205341|0.205341,0.375840,retrieval:candidates,REVIEW_CANDIDATES
overture,weight_loss_center,1,3.521870817778404e-05,psic,rev5,,,exact,,,category,weight loss center,,,86223|32303|822|82200|8220,"Private dialysis center activities || Manufacture of gymnasium, fitness center or athletic equipment || Activities of call centers || Activities of call centers || Activities of call centers",0.359125|0.257288|0.132296|0.132296|0.132296,0.359125,retrieval:candidates,REVIEW_CANDIDATES
overture,european_restaurant,1,3.521870817778404e-05,psic,rev5,,,exact,,,category,european restaurant,,,56102|56103|5610|561|56109,"Fast-food restaurants operations, including quick service restaurant || Activities of buffet restaurants || Restaurants and mobile food service activities || Restaurants and mobile food service activities || Restaurants and mobile food service activities, n.e.c.",0.398308|0.207306|0.197917|0.197917|0.186953,0.398308,retrieval:candidates,REVIEW_CANDIDATES
overture,jewelry_and_watches_manufacturer,1,3.521870817778404e-05,psic,rev5,,,exact,,,category,jewelry and watches manufacturer,,,32119|47734|2652|26520|32113,"Manufacture of jewelry and related articles, n.e.c. || Retail sale of jewelry, watches and clocks || Manufacture of watches and clocks || Manufacture of watches and clocks || Manufacture of other jewelry and jewelry parts made of precious metals, precious and semi-precious stones and other related materials",0.521006|0.487023|0.357780|0.357780|0.337886,0.521006,retrieval:candidates,REVIEW_CANDIDATES
overture,asian_grocery_store,1,3.521870817778404e-05,psic,rev5,,,exact,,,category,asian grocery store,,,47111|47191|52103|47114|47113,"Retail selling in groceries || Retail selling in department stores || Operation of cold storages, refrigerated warehouses or cool stores || Retail selling in convenience stores || Retail selling in sari-sari stores",0.152855|0.075949|0.073994|0.072202|0.067778,0.152855,retrieval:candidates,REVIEW_CANDIDATES
overture,motorcycle_manufacturer,1,3.521870817778404e-05,psic,rev5,,,exact,,,category,motorcycle manufacturer,,,30915|4663|46632|47832|95340,"Manufacture of motorcycle engines, including electric motors for motorcycle || Wholesale of motorcycles, motorcycle parts and accessories || Wholesale of motorcycle parts and accessories || Retail sale of motorcycle parts and accessories || Motor vehicle and motorcycle washing and detailing activities",0.546642|0.463433|0.438090|0.427740|0.376667,0.546642,retrieval:candidates,REVIEW_CANDIDATES
overture,slovakian_restaurant,1,3.521870817778404e-05,psic,rev5,,,exact,,,category,slovakian restaurant,,,56102|56103|561|5610|56109,"Fast-food restaurants operations, including quick service restaurant || Activities of buffet restaurants || Restaurants and mobile food service activities || Restaurants and mobile food service activities || Restaurants and mobile food service activities, n.e.c.",0.399269|0.210324|0.200798|0.200798|0.189675,0.399269,retrieval:candidates,REVIEW_CANDIDATES
overture,mattress_store,1,3.521870817778404e-05,psic,rev5,,,exact,,,category,mattress store,SUBTREE,31021,31021|47191|52103|47114|47113,"Manufacture of manufacture of mattresses and of mattress supports || Retail selling in department stores || Operation of cold storages, refrigerated warehouses or cool stores || Retail selling in convenience stores || Retail selling in sari-sari stores",0.473600|0.072010|0.069320|0.068457|0.064263,0.473600,retrieval:strong_separated_hit,REVIEW_REQUIRED
overture,halfway_house,1,3.521870817778404e-05,psic,rev5,,,exact,,,category,halfway house,,,66123|464|4649|475|46499,"Investment house operation || Wholesale of household goods || Wholesale of other household goods || Retail sale of other household equipment || Wholesale of other household goods, n.e.c.",0.415907|0.084413|0.080923|0.078941|0.073547,0.415907,retrieval:candidates,REVIEW_CANDIDATES
overture,pilates_studio,1,3.521870817778404e-05,psic,rev5,,,exact,,,category,pilates studio,,,74201|601|60100|6010|99001,Activities of photo studios such as portrait photography and photograph and film processing || Radio broadcasting and audio distribution activities || Radio broadcasting and audio distribution activities || Radio broadcasting and audio distribution activities || Activities of foreign embassies and consulates,0.087395|0.070760|0.070760|0.070760|0.057648,0.087395,retrieval:candidates,REVIEW_CANDIDATES
overture,towing_service,1,3.521870817778404e-05,psic,rev5,,,exact,,,category,towing service,,,50123|52215|T|5629|56290,Towing and pushing services operation || Towing and roadside assistance services operation || Other Service Activities || Other food service activities || Other food service activities,0.437996|0.353712|0.269493|0.225450|0.225450,0.437996,retrieval:candidates,REVIEW_CANDIDATES
overture,it_consultant,1,3.521870817778404e-05,psic,rev5,,,exact,,,category,it consultant,,,70200|7020|702|62|70,"Business and other management consultancy activities || Business and other management consultancy activities || Business and other management consultancy activities || Computer Programming, Consultancy and Related Activities || Activities of Head Offices; Management Consultancy Activities",0.179434|0.179434|0.179434|0.162144|0.157547,0.179434,retrieval:candidates,REVIEW_CANDIDATES
overture,art_restoration_service,1,3.521870817778404e-05,psic,rev5,,,exact,,,category,art restoration service,,,913|91300|9130|47693|T,"Conservation, restoration and other support activities for cultural || Conservation, restoration and other support activities for cultural || Conservation, restoration and other support activities for cultural || Retail sale of paintings and art supplies || Other Service Activities",0.303603|0.303603|0.303603|0.211879|0.201593,0.303603,retrieval:candidates,REVIEW_CANDIDATES
overture,janitorial_service,1,3.521870817778404e-05,psic,rev5,,,exact,,,category,janitorial service,,,T|96|5629|56290|85593,Other Service Activities || Personal Service Activities || Other food service activities || Other food service activities || Academic tutorial service activities,0.377702|0.336409|0.315069|0.315069|0.303881,0.377702,retrieval:candidates,REVIEW_CANDIDATES
overture,lumber_store,1,3.521870817778404e-05,psic,rev5,,,exact,,,category,lumber store,,,46731|47523|16102|16101|47191,Wholesale of lumber || Retail sale of lumber || Manufacture of worked lumber || Manufacture of rough lumber || Retail selling in department stores,0.614583|0.582564|0.490640|0.485187|0.080221,0.614583,retrieval:candidates,REVIEW_CANDIDATES
overture,life_coach,1,3.521870817778404e-05,psic,rev5,,,exact,,,category,life coach,,,6511|65110|65120|6512|65201,Life insurance || Life insurance || Non-life insurance || Non-life insurance || Reinsurance for life insurance,0.551331|0.551331|0.393470|0.393470|0.351384,0.551331,retrieval:candidates,REVIEW_CANDIDATES
overture,cemetery,1,3.521870817778404e-05,psic,rev5,,,exact,,,category,cemetery,,,96303|23941|46732|2394|2395,"Operation of cemetery || Manufacture of cement || Wholesale of cement || Manufacture of cement, lime and plaster || Manufacture of articles of concrete, cement and plaster",0.707967|0.129964|0.113351|0.077542|0.071170,0.707967,retrieval:candidates,REVIEW_CANDIDATES
overture,wildlife_sanctuary,1,3.521870817778404e-05,psic,rev5,,,exact,,,category,wildlife sanctuary,,,65110|6511|65120|6512|65201,Life insurance || Life insurance || Non-life insurance || Non-life insurance || Reinsurance for life insurance,0.118980|0.118980|0.097063|0.097063|0.079186,0.118980,retrieval:candidates,REVIEW_CANDIDATES
overture,carpenter,1,3.521870817778404e-05,psic,rev5,,,exact,,,category,carpenter,,,43303|1622|16229|13930|1393,"Carpentry activities || Manufacture of builders' carpentry and joinery || Manufacture of builders' carpentry and joinery, n.e.c. || Manufacture of carpets and rugs || Manufacture of carpets and rugs",0.247722|0.154427|0.146662|0.125879|0.125879,0.247722,retrieval:candidates,REVIEW_CANDIDATES
overture,radio_station,1,3.521870817778404e-05,psic,rev5,,,exact,,,category,radio station,,,601|6010|60100|26511|11055,"Radio broadcasting and audio distribution activities || Radio broadcasting and audio distribution activities || Radio broadcasting and audio distribution activities || Manufacture of radar apparatus, radio navigational aid apparatus and radio remote control apparatus || Operation of water purifying and refilling station",0.300526|0.300526|0.300526|0.275823|0.245517,0.300526,retrieval:candidates,REVIEW_CANDIDATES
overture,texmex_restaurant,1,3.521870817778404e-05,psic,rev5,,,exact,,,category,texmex restaurant,,,56102|56103|561|5610|56109,"Fast-food restaurants operations, including quick service restaurant || Activities of buffet restaurants || Restaurants and mobile food service activities || Restaurants and mobile food service activities || Restaurants and mobile food service activities, n.e.c.",0.420127|0.229559|0.219162|0.219162|0.207022,0.420127,retrieval:candidates,REVIEW_CANDIDATES
overture,b2b_mining,1,3.521870817778404e-05,psic,rev5,,,exact,,,category,b2b mining,,,B|07|089|08912|08913,Mining and Quarrying || Mining of Metal Ores || Mining and quarrying n.e.c. || Guano mining || Pyrite mining,0.460183|0.450419|0.443587|0.443525|0.439072,0.460183,retrieval:candidates,REVIEW_CANDIDATES
