psgc_code,name,province,reference_psgc,match_method,match_score,geoboundaries_name,geoboundaries_id
0102801000,Adams,Ilocos Norte,0102801000,psgc_2023,0.9350774013670445,Adams,30758251B18474549888444
0102802000,Bacarra,Ilocos Norte,0102802000,psgc_2023,0.8997390038038648,Bacarra,30758251B49214356355193
0102803000,Badoc,Ilocos Norte,0102803000,psgc_2023,0.8009900470020341,Badoc,30758251B31971506880534
0102804000,Bangui,Ilocos Norte,0102804000,psgc_2023,0.9219994927719142,Bangui,30758251B93501675208475
0102805000,City of Batac,Ilocos Norte,0102805000,psgc_2023,0.8818624367165051,City of Batac,30758251B15119904313284
0102806000,Burgos,Ilocos Norte,0102806000,psgc_2023,0.9320633970484065,Burgos,30758251B71350051012392
0102807000,Carasi,Ilocos Norte,0102807000,psgc_2023,0.9120721669099101,Carasi,30758251B21012772444668
0102808000,Currimao,Ilocos Norte,0102808000,psgc_2023,0.6215280960435001,Currimao,30758251B25146130050891
0102809000,Dingras,Ilocos Norte,0102809000,psgc_2023,0.8865572814956106,Dingras,30758251B52269325260495
0102810000,Dumalneg,Ilocos Norte,0102810000,psgc_2023,0.77418994394552,Dumalneg,30758251B34921997573635
0102811000,Banna,Ilocos Norte,0102811000,psgc_2023,0.856760676619917,Banna,30758251B16212654341581
0102812000,City of Laoag,Ilocos Norte,0102812000,psgc_2023,0.83821037180554,Laoag City,30758251B72838386588139
0102813000,Marcos,Ilocos Norte,0102813000,psgc_2023,0.8855752133825449,Marcos,30758251B92654029938439
0102814000,Nueva Era,Ilocos Norte,0102814000,psgc_2023,0.9315227575203414,Nueva Era,30758251B81029869492051
0102815000,Pagudpud,Ilocos Norte,0102815000,psgc_2023,0.8656069651748162,Pagudpud,30758251B61370537104024
0102816000,Paoay,Ilocos Norte,0102816000,psgc_2023,0.8406890367459559,Paoay,30758251B25110952192125
0102817000,Pasuquin,Ilocos Norte,0102817000,psgc_2023,0.9308664857217249,Pasuquin,30758251B90243887174140
0102818000,Piddig,Ilocos Norte,0102818000,psgc_2023,0.8959951326864837,Piddig,30758251B11502828535213
0102819000,Pinili,Ilocos Norte,0102819000,psgc_2023,0.7721471504027992,Pinili,30758251B26496758793693
0102820000,San Nicolas,Ilocos Norte,0102820000,psgc_2023,0.8960680269505519,San Nicolas,30758251B22278088652196
0102821000,Sarrat,Ilocos Norte,0102821000,psgc_2023,0.846639524933896,Sarrat,30758251B82772093165971
0102822000,Solsona,Ilocos Norte,0102822000,psgc_2023,0.8660113718610949,Solsona,30758251B20065822888258
0102823000,Vintar,Ilocos Norte,0102823000,psgc_2023,0.9635382465240647,Vintar,30758251B43967243138313
0102901000,Alilem,Ilocos Sur,0102901000,psgc_2023,0.9072674656229522,Alilem,30758251B64135628542106
0102902000,Banayoyo,Ilocos Sur,0102902000,psgc_2023,0.7210545483559833,Banayoyo,30758251B72662209315304
0102903000,Bantay,Ilocos Sur,0102903000,psgc_2023,0.8761734063009651,Bantay,30758251B89028394199039
0102904000,Burgos,Ilocos Sur,0102904000,psgc_2023,0.9008260982397176,Burgos,30758251B35633474040270
0102905000,Cabugao,Ilocos Sur,0102905000,psgc_2023,0.9590916400549785,Cabugao,30758251B86667520668841
0102906000,City of Candon,Ilocos Sur,0102906000,psgc_2023,0.8240404799562427,City of Candon,30758251B9776220250356
0102907000,Caoayan,Ilocos Sur,0102907000,psgc_2023,0.7244329019800169,Caoayan,30758251B94372236669127
0102908000,Cervantes,Ilocos Sur,0102908000,psgc_2023,0.9647529736420459,Cervantes,30758251B37414079527614
0102909000,Galimuyod,Ilocos Sur,0102909000,psgc_2023,0.761117911768648,Galimuyod,30758251B74693062950388
0102910000,Gregorio del Pilar,Ilocos Sur,0102910000,psgc_2023,0.8912488735999112,Gregorio del Pilar,30758251B56010971079591
0102911000,Lidlidda,Ilocos Sur,0102911000,psgc_2023,0.7591349097434192,Lidlidda,30758251B93741779273567
0102912000,Magsingal,Ilocos Sur,0102912000,psgc_2023,0.9110183597993193,Magsingal,30758251B48026148837928
0102913000,Nagbukel,Ilocos Sur,0102913000,psgc_2023,0.8138255110989684,Nagbukel,30758251B8709094769418
0102914000,Narvacan,Ilocos Sur,0102914000,psgc_2023,0.9027691477660869,Narvacan,30758251B65708530039691
0102915000,Quirino,Ilocos Sur,0102915000,psgc_2023,0.9550001430171436,Quirino,30758251B76256934940324
0102916000,Salcedo,Ilocos Sur,0102916000,psgc_2023,0.8647645505199627,Salcedo,30758251B7667419388736
0102917000,San Emilio,Ilocos Sur,0102917000,psgc_2023,0.911867764304916,San Emilio,30758251B68036145563068
0102918000,San Esteban,Ilocos Sur,0102918000,psgc_2023,0.7548749588692424,San Esteban,30758251B46730936238037
0102919000,San Ildefonso,Ilocos Sur,0102919000,psgc_2023,0.6323306073432426,San Ildefonso,30758251B66443331789119
0102920000,San Juan,Ilocos Sur,0102920000,psgc_2023,0.8612470327759219,San Juan,30758251B22872212000715
0102921000,San Vicente,Ilocos Sur,0102921000,psgc_2023,0.8363720195034151,San Vicente,30758251B3589086876715
0102922000,Santa,Ilocos Sur,0102922000,psgc_2023,0.7839947564149852,Santa,30758251B7974842779568
0102923000,Santa Catalina,Ilocos Sur,0102923000,psgc_2023,0.8345751491721756,Santa Catalina,30758251B16983791159508
0102924000,Santa Cruz,Ilocos Sur,0102924000,psgc_2023,0.9286830334841062,Santa Cruz,30758251B48306075925177
0102925000,Santa Lucia,Ilocos Sur,0102925000,psgc_2023,0.8672026523139581,Santa Lucia,30758251B50348981469821
0102926000,Santa Maria,Ilocos Sur,0102926000,psgc_2023,0.8691435249045655,Santa Maria,30758251B81485398953116
0102927000,Santiago,Ilocos Sur,0102927000,psgc_2023,0.8538469301973229,Santiago,30758251B25270762862446
0102928000,Santo Domingo,Ilocos Sur,0102928000,psgc_2023,0.8900520268133788,Santo Domingo,30758251B23074202147270
0102929000,Sigay,Ilocos Sur,0102929000,psgc_2023,0.9497405631615957,Sigay,30758251B41796700485463
0102930000,Sinait,Ilocos Sur,0102930000,psgc_2023,0.9167203552997186,Sinait,30758251B31766600360488
0102931000,Sugpon,Ilocos Sur,0102931000,psgc_2023,0.6537510869510241,Sugpon,30758251B59811260952399
0102932000,Suyo,Ilocos Sur,0102932000,psgc_2023,0.971035325644571,Suyo,30758251B93318593456282
0102933000,Tagudin,Ilocos Sur,0102933000,psgc_2023,0.8720598090089938,Tagudin,30758251B59352820583653
0102934000,City of Vigan,Ilocos Sur,0102934000,psgc_2023,0.7651739350602959,City of Vigan,30758251B76648161873125
0103301000,Agoo,La Union,0103301000,psgc_2023,0.9181530520201635,Agoo,30758251B44987687400589
0103302000,Aringay,La Union,0103302000,psgc_2023,0.9110527757748017,Aringay,30758251B96546251931007
0103303000,Bacnotan,La Union,0103303000,psgc_2023,0.9157886369153556,Bacnotan,30758251B79119480748241
0103304000,Bagulin,La Union,0103304000,psgc_2023,0.9218065854121194,Bagulin,30758251B85285313745351
0103305000,Balaoan,La Union,0103305000,psgc_2023,0.8453163549680849,Balaoan,30758251B45278202455383
0103306000,Bangar,La Union,0103306000,psgc_2023,0.8273781053894267,Bangar,30758251B10509197504559
0103307000,Bauang,La Union,0103307000,psgc_2023,0.9291898630471733,Bauang,30758251B39876538190612
0103308000,Burgos,La Union,0103308000,psgc_2023,0.8340819611913044,Burgos,30758251B56891504947345
0103309000,Caba,La Union,0103309000,psgc_2023,0.954489251488034,Caba,30758251B6644033388737
0103310000,Luna,La Union,0103310000,psgc_2023,0.8769145822758201,Luna,30758251B16717842706250
0103311000,Naguilian,La Union,0103311000,psgc_2023,0.9325358084166586,Naguilian,30758251B47724455039703
0103312000,Pugo,La Union,0103312000,psgc_2023,0.8929090591660591,Pugo,30758251B7939243888170
0103313000,Rosario,La Union,0103313000,psgc_2023,0.9388995569149398,Rosario,30758251B6500282829815
0103314000,City of San Fernando,La Union,0103314000,psgc_2023,0.9099987455537378,City of San Fernando,30758251B73043571821095
0103315000,San Gabriel,La Union,0103315000,psgc_2023,0.932655115956016,San Gabriel,30758251B9999882220346
0103316000,San Juan,La Union,0103316000,psgc_2023,0.8804348170467972,San Juan,30758251B15811216691174
0103317000,Santo Tomas,La Union,0103317000,psgc_2023,0.9010918054161463,Santo Tomas,30758251B23413436311315
0103318000,Santol,La Union,0103318000,psgc_2023,0.9158891430910716,Santol,30758251B51477832736818
0103319000,Sudipen,La Union,0103319000,psgc_2023,0.8892299490604514,Sudipen,30758251B50085603864193
0103320000,Tubao,La Union,0103320000,psgc_2023,0.8881441335686868,Tubao,30758251B29046135341619
0105501000,Agno,Pangasinan,0105501000,psgc_2023,0.9219275468723234,Agno,30758251B32569169377099
0105502000,Aguilar,Pangasinan,0105502000,psgc_2023,0.9433615327116389,Aguilar,30758251B6449590233962
0105503000,City of Alaminos,Pangasinan,0105503000,psgc_2023,0.8838493320784464,City of Alaminos,30758251B86620041002858
0105504000,Alcala,Pangasinan,0105504000,psgc_2023,0.8961714881707536,Alcala,30758251B69557506682239
0105505000,Anda,Pangasinan,0105505000,psgc_2023,0.831800258927918,Anda,30758251B91588425521961
0105506000,Asingan,Pangasinan,0105506000,psgc_2023,0.9311444141292863,Asingan,30758251B38099467848426
0105507000,Balungao,Pangasinan,0105507000,psgc_2023,0.8964423171651658,Balungao,30758251B80051382357318
0105508000,Bani,Pangasinan,0105508000,psgc_2023,0.9363133986870729,Bani,30758251B65332849657156
0105509000,Basista,Pangasinan,0105509000,psgc_2023,0.8851191655782684,Basista,30758251B73737472539821
0105510000,Bautista,Pangasinan,0105510000,psgc_2023,0.8668817664147669,Bautista,30758251B57565423435068
0105511000,Bayambang,Pangasinan,0105511000,psgc_2023,0.9258229716426524,Bayambang,30758251B52675843458221
0105512000,Binalonan,Pangasinan,0105512000,psgc_2023,0.9232689489810548,Binalonan,30758251B33945574118971
0105513000,Binmaley,Pangasinan,0105513000,psgc_2023,0.9407543143184907,Binmaley,30758251B32963538286638
0105514000,Bolinao,Pangasinan,0105514000,psgc_2023,0.9412100289180684,Bolinao,30758251B13808046660484
0105515000,Bugallon,Pangasinan,0105515000,psgc_2023,0.928251897515441,Bugallon,30758251B34847802693751
0105516000,Burgos,Pangasinan,0105516000,psgc_2023,0.9399604890360117,Burgos,30758251B63101931380870
0105517000,Calasiao,Pangasinan,0105517000,psgc_2023,0.8808271380566488,Calasiao,30758251B89445927723831
0105518000,City of Dagupan,Pangasinan,0105518000,psgc_2023,0.8285869589629125,Dagupan City,30758251B56612448144443
0105519000,Dasol,Pangasinan,0105519000,psgc_2023,0.9388433857807019,Dasol,30758251B21762929298212
0105520000,Infanta,Pangasinan,0105520000,psgc_2023,0.9311037972954412,Infanta,30758251B79710996393461
0105521000,Labrador,Pangasinan,0105521000,psgc_2023,0.9438456099724379,Labrador,30758251B3139099704884
0105522000,Lingayen,Pangasinan,0105522000,psgc_2023,0.8367871964823423,Lingayen,30758251B53919355677172
0105523000,Mabini,Pangasinan,0105523000,psgc_2023,0.9599494171350389,Mabini,30758251B17069015122962
0105524000,Malasiqui,Pangasinan,0105524000,psgc_2023,0.9375481127255177,Malasiqui,30758251B61747456024255
0105525000,Manaoag,Pangasinan,0105525000,psgc_2023,0.8671026643300781,Manaoag,30758251B26137399272056
0105526000,Mangaldan,Pangasinan,0105526000,psgc_2023,0.8949555370856497,Mangaldan,30758251B9198007825029
0105527000,Mangatarem,Pangasinan,0105527000,psgc_2023,0.964116634595181,Mangatarem,30758251B89325271734359
0105528000,Mapandan,Pangasinan,0105528000,psgc_2023,0.8857694084851929,Mapandan,30758251B77092864318867
0105529000,Natividad,Pangasinan,0105529000,psgc_2023,0.9523141451296095,Natividad,30758251B92137156068706
0105530000,Pozorrubio,Pangasinan,0105530000,psgc_2023,0.9377770105183743,Pozorrubio,30758251B62104294817864
0105531000,Rosales,Pangasinan,0105531000,psgc_2023,0.9290260328882007,Rosales,30758251B40151767762503
0105532000,City of San Carlos,Pangasinan,0105532000,psgc_2023,0.8515530202160556,San Carlos City,30758251B59743133476894
0105533000,San Fabian,Pangasinan,0105533000,psgc_2023,0.9034939196175809,San Fabian,30758251B29498113350047
0105534000,San Jacinto,Pangasinan,0105534000,psgc_2023,0.8767239948458362,San Jacinto,30758251B64973235851330
0105535000,San Manuel,Pangasinan,0105535000,psgc_2023,0.9501853838137528,San Manuel,30758251B7008952403937
0105536000,San Nicolas,Pangasinan,0105536000,psgc_2023,0.9748336761836132,San Nicolas,30758251B87828725798091
0105537000,San Quintin,Pangasinan,0105537000,psgc_2023,0.9042604917063654,San Quintin,30758251B3543778984064
0105538000,Santa Barbara,Pangasinan,0105538000,psgc_2023,0.9020703746460028,Santa Barbara,30758251B59559004486187
0105539000,Santa Maria,Pangasinan,0105539000,psgc_2023,0.8788773436023,Santa Maria,30758251B42080069624714
0105540000,Santo Tomas,Pangasinan,0105540000,psgc_2023,0.8285383166434507,Santo Tomas,30758251B13733933289542
0105541000,Sison,Pangasinan,0105541000,psgc_2023,0.9501741896565472,Sison,30758251B50482796535590
0105542000,Sual,Pangasinan,0105542000,psgc_2023,0.8742544927584495,Sual,30758251B22367435141107
0105543000,Tayug,Pangasinan,0105543000,psgc_2023,0.8522406779210685,Tayug,30758251B80378729545073
0105544000,Umingan,Pangasinan,0105544000,psgc_2023,0.9462282908756352,Umingan,30758251B58003851100875
0105545000,Urbiztondo,Pangasinan,0105545000,psgc_2023,0.8580598872174361,Urbiztondo,30758251B10992261066615
0105546000,City of Urdaneta,Pangasinan,0105546000,psgc_2023,0.9348629223546799,City of Urdaneta,30758251B48393463479416
0105547000,Villasis,Pangasinan,0105547000,psgc_2023,0.9216067830239025,Villasis,30758251B82671579098228
0105548000,Laoac,Pangasinan,0105548000,psgc_2023,0.8681199627460205,Laoac,30758251B62067131413205
0200901000,Basco,Batanes,0200901000,psgc_2023,0.9719884737961096,Basco,30758251B45522051354426
0200902000,Itbayat,Batanes,0200902000,psgc_2023,0.9473196656557684,Itbayat,30758251B11360025127524
0200903000,Ivana,Batanes,0200903000,psgc_2023,0.9535159443110881,Ivana,30758251B76768461289658
0200904000,Mahatao,Batanes,0200904000,psgc_2023,0.9545589642360268,Mahatao,30758251B69383770374215
0200905000,Sabtang,Batanes,0200905000,psgc_2023,0.944537947245788,Sabtang,30758251B59177504805395
0200906000,Uyugan,Batanes,0200906000,psgc_2023,0.9683050228232879,Uyugan,30758251B6116437750205
0201501000,Abulug,Cagayan,0201501000,psgc_2023,0.9437308867926858,Abulug,30758251B36710233170574
0201502000,Alcala,Cagayan,0201502000,psgc_2023,0.9680148199193367,Alcala,30758251B10617727048702
0201503000,Allacapan,Cagayan,0201503000,psgc_2023,0.9806024534386357,Allacapan,30758251B86595368402227
0201504000,Amulung,Cagayan,0201504000,psgc_2023,0.9507680110382634,Amulung,30758251B10377684558144
0201505000,Aparri,Cagayan,0201505000,psgc_2023,0.9308448624854302,Aparri,30758251B87752241622108
0201506000,Baggao,Cagayan,0201506000,psgc_2023,0.9861139369782883,Baggao,30758251B17539135337219
0201507000,Ballesteros,Cagayan,0201507000,psgc_2023,0.9565405522989334,Ballesteros,30758251B49973431010235
0201508000,Buguey,Cagayan,0201508000,psgc_2023,0.930091390324274,Buguey,30758251B28234662478026
0201509000,Calayan,Cagayan,0201509000,psgc_2023,0.926737072059513,Calayan,30758251B50105091710963
0201510000,Camalaniugan,Cagayan,0201510000,psgc_2023,0.9223969698151706,Camalaniugan,30758251B52901607273477
0201511000,Claveria,Cagayan,0201511000,psgc_2023,0.9074766822990838,Claveria,30758251B2770524616489
0201512000,Enrile,Cagayan,0201512000,psgc_2023,0.9414597115221779,Enrile,30758251B30056946994693
0201513000,Gattaran,Cagayan,0201513000,psgc_2023,0.9810159697619224,Gattaran,30758251B93060635103686
0201514000,Gonzaga,Cagayan,0201514000,psgc_2023,0.9803819552165169,Gonzaga,30758251B98012473462325
0201515000,Iguig,Cagayan,0201515000,psgc_2023,0.9223851179112814,Iguig,30758251B88140585742756
0201516000,Lal-Lo,Cagayan,0201516000,psgc_2023,0.9849874808419649,Lal-Lo,30758251B85734212591616
0201517000,Lasam,Cagayan,0201517000,psgc_2023,0.9687748031845628,Lasam,30758251B73427064919579
0201518000,Pamplona,Cagayan,0201518000,psgc_2023,0.9700904074563431,Pamplona,30758251B95967075879397
0201519000,Peñablanca,Cagayan,0201519000,psgc_2023,0.9915225215900756,Peñablanca,30758251B24835314311291
0201520000,Piat,Cagayan,0201520000,psgc_2023,0.9419723355706784,Piat,30758251B70490734398893
0201521000,Rizal,Cagayan,0201521000,psgc_2023,0.9724748523777618,Rizal,30758251B45096657077891
0201522000,Sanchez Mira,Cagayan,0201522000,psgc_2023,0.956790375582201,Sanchez-Mira,30758251B62706464581778
0201523000,Santa Ana,Cagayan,0201523000,psgc_2023,0.9534715477057003,Santa Ana,30758251B2806913705882
0201524000,Santa Praxedes,Cagayan,0201524000,psgc_2023,0.9214791675934559,Santa Praxedes,30758251B96523663514621
0201525000,Santa Teresita,Cagayan,0201525000,psgc_2023,0.9651079135807796,Santa Teresita,30758251B86029010724112
0201526000,Santo Niño,Cagayan,0201526000,psgc_2023,0.9757946194992392,Santo Niño,30758251B40207314243633
0201527000,Solana,Cagayan,0201527000,psgc_2023,0.9494586185228189,Solana,30758251B34223591098012
0201528000,Tuao,Cagayan,0201528000,psgc_2023,0.9431575837292014,Tuao,30758251B28856028744619
0201529000,Tuguegarao City,Cagayan,0201529000,psgc_2023,0.9390912294227057,Tuguegarao City,30758251B86340482939237
0203101000,Alicia,Isabela,0203101000,psgc_2023,0.9105488826468193,Alicia,30758251B60271002272881
0203102000,Angadanan,Isabela,0203102000,psgc_2023,0.9125719100489417,Angadanan,30758251B27132260441991
0203103000,Aurora,Isabela,0203103000,psgc_2023,0.8227567559487637,Aurora,30758251B51443667838341
0203104000,Benito Soliven,Isabela,0203104000,psgc_2023,0.8633046563606658,Benito Soliven,30758251B26223191466543
0203105000,Burgos,Isabela,0203105000,psgc_2023,0.8453633064302466,Burgos,30758251B93529403516197
0203106000,Cabagan,Isabela,0203106000,psgc_2023,0.8721553683098067,Cabagan,30758251B50421545545985
0203107000,Cabatuan,Isabela,0203107000,psgc_2023,0.7892333104058825,Cabatuan,30758251B5044075759859
0203108000,City of Cauayan,Isabela,0203108000,psgc_2023,0.924502016383903,City of Cauayan,30758251B60223499645568
0203109000,Cordon,Isabela,0203109000,psgc_2023,0.8905939576646857,Cordon,30758251B63397111137342
0203110000,Dinapigue,Isabela,0203110000,psgc_2023,0.9718201734317325,Dinapigue,30758251B31743185560611
0203111000,Divilacan,Isabela,0203111000,psgc_2023,0.9191468408444176,Divilacan,30758251B81826872650546
0203112000,Echague,Isabela,0203112000,psgc_2023,0.932180175232968,Echague,30758251B53772032763488
0203113000,Gamu,Isabela,0203113000,psgc_2023,0.9247241164255271,Gamu,30758251B3499179815070
0203114000,City of Ilagan,Isabela,0203114000,psgc_2023,0.9157876529752387,Ilagan City,30758251B40091866614257
0203115000,Jones,Isabela,0203115000,psgc_2023,0.9397103107369523,Jones,30758251B4586276697259
0203116000,Luna,Isabela,0203116000,psgc_2023,0.8070025327837878,Luna,30758251B75291685490703
0203117000,Maconacon,Isabela,0203117000,psgc_2023,0.9506884613338709,Maconacon,30758251B92607820299430
0203118000,Delfin Albano,Isabela,0203118000,psgc_2023,0.9370241354952351,Delfin Albano,30758251B20818666994539
0203119000,Mallig,Isabela,0203119000,psgc_2023,0.9330651791155685,Mallig,30758251B62291195909479
0203120000,Naguilian,Isabela,0203120000,psgc_2023,0.8822504486913355,Naguilian,30758251B29614901400511
0203121000,Palanan,Isabela,0203121000,psgc_2023,0.9321962597286044,Palanan,30758251B42816846115964
0203122000,Quezon,Isabela,0203122000,psgc_2023,0.932432391494349,Quezon,30758251B61919458942758
0203123000,Quirino,Isabela,0203123000,psgc_2023,0.8886039909168497,Quirino,30758251B90473540234186
0203124000,Ramon,Isabela,0203124000,psgc_2023,0.9008627779911591,Ramon,30758251B59808098475352
0203125000,Reina Mercedes,Isabela,0203125000,psgc_2023,0.8349675078493235,Reina Mercedes,30758251B79932991691017
0203126000,Roxas,Isabela,0203126000,psgc_2023,0.8951147389170654,Roxas,30758251B43997150317842
0203127000,San Agustin,Isabela,0203127000,psgc_2023,0.9316885545294605,San Agustin,30758251B75696282088707
0203128000,San Guillermo,Isabela,0203128000,psgc_2023,0.9249871987181112,San Guillermo,30758251B48222146671596
0203129000,San Isidro,Isabela,0203129000,psgc_2023,0.8465282169200414,San Isidro,30758251B62946220983570
0203130000,San Manuel,Isabela,0203130000,psgc_2023,0.8518193453532397,San Manuel,30758251B36577910172008
0203131000,San Mariano,Isabela,0203131000,psgc_2023,0.9705666047921722,San Mariano,30758251B27665954981210
0203132000,San Mateo,Isabela,0203132000,psgc_2023,0.8517915036161392,San Mateo,30758251B54536081891976
0203133000,San Pablo,Isabela,0203133000,psgc_2023,0.9542189005642377,San Pablo,30758251B64058966445953
0203134000,Santa Maria,Isabela,0203134000,psgc_2023,0.8806989698993269,Santa Maria,30758251B83702648087854
0203135000,City of Santiago,Isabela,0203135000,psgc_2023,0.882915174351513,City of Santiago,30758251B59985488099372
0203136000,Santo Tomas,Isabela,0203136000,psgc_2023,0.7668601756593137,Santo Tomas,30758251B99361767942703
0203137000,Tumauini,Isabela,0203137000,psgc_2023,0.9620676752071122,Tumauini,30758251B25937724211133
0205001000,Ambaguio,Nueva Vizcaya,0205001000,psgc_2023,0.8103641249140068,Ambaguio,30758251B68049243059466
0205002000,Aritao,Nueva Vizcaya,0205002000,psgc_2023,0.847273750593418,Aritao,30758251B32564665181621
0205003000,Bagabag,Nueva Vizcaya,0205003000,psgc_2023,0.859054644487766,Bagabag,30758251B74159720492186
0205004000,Bambang,Nueva Vizcaya,0205004000,psgc_2023,0.8554677773935261,Bambang,30758251B54478604625017
0205005000,Bayombong,Nueva Vizcaya,0205005000,psgc_2023,0.8514350137762645,Bayombong,30758251B92407416311106
0205006000,Diadi,Nueva Vizcaya,0205006000,psgc_2023,0.23868508777885933,Diadi,30758251B56267666888598
0205007000,Dupax del Norte,Nueva Vizcaya,0205007000,psgc_2023,0.6229104640456907,Dupax del Norte,30758251B61086740814455
0205008000,Dupax del Sur,Nueva Vizcaya,0205008000,psgc_2023,0.6303514609077328,Dupax del Sur,30758251B45953975988302
0205009000,Kasibu,Nueva Vizcaya,0205009000,psgc_2023,0.7874951515108009,Kasibu,30758251B8018524244624
0205010000,Kayapa,Nueva Vizcaya,0205010000,psgc_2023,0.7716741446439377,Kayapa,30758251B81196974084886
0205011000,Quezon,Nueva Vizcaya,0205011000,psgc_2023,0.7858488518264937,Quezon,30758251B12322451453842
0205012000,Santa Fe,Nueva Vizcaya,0205012000,psgc_2023,0.7730867286328091,Santa Fe,30758251B84438327849244
0205013000,Solano,Nueva Vizcaya,0205013000,psgc_2023,0.737973597323281,Solano,30758251B33940729335702
0205014000,Villaverde,Nueva Vizcaya,0205014000,psgc_2023,0.763553216316529,Villaverde,30758251B74337145174086
0205015000,Alfonso Castaneda,Nueva Vizcaya,0205015000,psgc_2023,0.8851718230607226,Alfonso Castaneda,30758251B24689590094484
0205701000,Aglipay,Quirino,0205701000,psgc_2023,0.7911585354356812,Aglipay,30758251B83245264708562
0205702000,Cabarroguis,Quirino,0205702000,psgc_2023,0.7343763028130831,Cabarroguis,30758251B72889341046868
0205703000,Diffun,Quirino,0205703000,psgc_2023,0.6242501180339658,Diffun,30758251B78593014826051
0205704000,Maddela,Quirino,0205704000,psgc_2023,0.5596949599884228,Maddela,30758251B21617081206800
0205705000,Saguday,Quirino,0205705000,psgc_2023,0.7543361921102945,Saguday,30758251B76917628973328
0205706000,Nagtipunan,Quirino,0205706000,psgc_2023,0.8903957253152109,Nagtipunan,30758251B72907275700967
0300801000,Abucay,Bataan,0300801000,psgc_2023,0.9276920771326916,Abucay,30758251B46343582936162
0300802000,Bagac,Bataan,0300802000,psgc_2023,0.9550611771563268,Bagac,30758251B72127248939453
0300803000,City of Balanga,Bataan,0300803000,psgc_2023,0.9240070035938596,City of Balanga,30758251B46674947380799
0300804000,Dinalupihan,Bataan,0300804000,psgc_2023,0.8898649271844454,Dinalupihan,30758251B87193060903149
0300805000,Hermosa,Bataan,0300805000,psgc_2023,0.9063499623692552,Hermosa,30758251B15732618156338
0300806000,Limay,Bataan,0300806000,psgc_2023,0.9364402632297284,Limay,30758251B34995051512109
0300807000,Mariveles,Bataan,0300807000,psgc_2023,0.9414452863698963,Mariveles,30758251B81885646660603
0300808000,Morong,Bataan,0300808000,psgc_2023,0.9518282640526543,Morong,30758251B50173683620188
0300809000,Orani,Bataan,0300809000,psgc_2023,0.8729906566889738,Orani,30758251B4793511613736
0300810000,Orion,Bataan,0300810000,psgc_2023,0.9210898803047786,Orion,30758251B25905682576781
0300811000,Pilar,Bataan,0300811000,psgc_2023,0.8642022007747556,Pilar,30758251B7851333843517
0300812000,Samal,Bataan,0300812000,psgc_2023,0.8790843564891537,Samal,30758251B26373043106772
0301401000,Angat,Bulacan,0301401000,psgc_2023,0.7435784510860497,Angat,30758251B11674695503139
0301402000,Balagtas,Bulacan,0301402000,psgc_2023,0.7684078854934184,Balagtas,30758251B61200223936905
0301403000,City of Baliwag,Bulacan,0301403000,psgc_2023,0.7578889926260558,Baliuag,30758251B80677147871069
0301404000,Bocaue,Bulacan,0301404000,psgc_2023,0.7867324384439248,Bocaue,30758251B34406453293214
0301405000,Bulacan,Bulacan,0301405000,psgc_2023,0.8974201459380879,Bulacan,30758251B88033392671893
0301406000,Bustos,Bulacan,0301406000,psgc_2023,0.7966683350800814,Bustos,30758251B3009870248876
0301407000,Calumpit,Bulacan,0301407000,psgc_2023,0.7577073493412406,Calumpit,30758251B47768966638997
0301408000,Guiguinto,Bulacan,0301408000,psgc_2023,0.8422278619720792,Guiguinto,30758251B84945919751232
0301409000,Hagonoy,Bulacan,0301409000,psgc_2023,0.8774692351439295,Hagonoy,30758251B93181595327102
0301410000,City of Malolos,Bulacan,0301410000,psgc_2023,0.8610722688536385,City of Malolos,30758251B20138524188329
0301411000,Marilao,Bulacan,0301411000,psgc_2023,0.8326057102192844,Marilao,30758251B11566455240441
0301412000,City of Meycauayan,Bulacan,0301412000,psgc_2023,0.7091156249437898,City of Meycauayan,30758251B3506482067844
0301413000,Norzagaray,Bulacan,0301413000,psgc_2023,0.9272832797357697,Norzagaray,30758251B28396415682182
0301414000,Obando,Bulacan,0301414000,psgc_2023,0.45364553906253974,Obando,30758251B34403699619291
0301415000,Pandi,Bulacan,0301415000,psgc_2023,0.7837186089163072,Pandi,30758251B75610884117479
0301416000,Paombong,Bulacan,0301416000,psgc_2023,0.8706230391701905,Paombong,30758251B84355932760435
0301417000,Plaridel,Bulacan,0301417000,psgc_2023,0.8146200145872597,Plaridel,30758251B39966399473469
0301418000,Pulilan,Bulacan,0301418000,psgc_2023,0.8783775167008273,Pulilan,30758251B69399459557735
0301419000,San Ildefonso,Bulacan,0301419000,psgc_2023,0.9050619945546585,San Ildefonso,30758251B21292953325397
0301420000,City of San Jose Del Monte,Bulacan,0301420000,psgc_2023,0.8856489700603306,City of San Jose del Monte,30758251B35007836972970
0301421000,San Miguel,Bulacan,0301421000,psgc_2023,0.934480834573304,San Miguel,30758251B36193121708082
0301422000,San Rafael,Bulacan,0301422000,psgc_2023,0.8583669292831172,San Rafael,30758251B96236511516175
0301423000,Santa Maria,Bulacan,0301423000,psgc_2023,0.8777569987822433,Santa Maria,30758251B94770277751528
0301424000,Doña Remedios Trinidad,Bulacan,0301424000,psgc_2023,0.9707325429535211,Doña Remedios Trinidad,30758251B33129254568465
0304901000,Aliaga,Nueva Ecija,0304901000,psgc_2023,0.9173028597813742,Aliaga,30758251B61766389161582
0304902000,Bongabon,Nueva Ecija,0304902000,psgc_2023,0.9577117389337866,Bongabon,30758251B28322914429669
0304903000,City of Cabanatuan,Nueva Ecija,0304903000,psgc_2023,0.8941815900908029,Cabanatuan City,30758251B91013858320846
0304904000,Cabiao,Nueva Ecija,0304904000,psgc_2023,0.8412321190494305,Cabiao,30758251B91835064861119
0304905000,Carranglan,Nueva Ecija,0304905000,psgc_2023,0.9791991456210133,Carranglan,30758251B38781000635983
0304906000,Cuyapo,Nueva Ecija,0304906000,psgc_2023,0.9498443651046269,Cuyapo,30758251B13758453625631
0304907000,Gabaldon,Nueva Ecija,0304907000,psgc_2023,0.9815697927665488,Gabaldon,30758251B70332273238946
0304908000,City of Gapan,Nueva Ecija,0304908000,psgc_2023,0.9413738180757032,City of Gapan,30758251B81121957716854
0304909000,General Mamerto Natividad,Nueva Ecija,0304909000,psgc_2023,0.8980908973741111,General Mamerto Natividad,30758251B30324290994984
0304910000,General Tinio,Nueva Ecija,0304910000,psgc_2023,0.9742238839340864,General Tinio,30758251B90197047513791
0304911000,Guimba,Nueva Ecija,0304911000,psgc_2023,0.9157052714825644,Guimba,30758251B97926428018221
0304912000,Jaen,Nueva Ecija,0304912000,psgc_2023,0.9024399330750803,Jaen,30758251B14595359840210
0304913000,Laur,Nueva Ecija,0304913000,psgc_2023,0.9315230668328808,Laur,30758251B54864589401761
0304914000,Licab,Nueva Ecija,0304914000,psgc_2023,0.9166034088626492,Licab,30758251B80146072363536
0304915000,Llanera,Nueva Ecija,0304915000,psgc_2023,0.8144928496676805,Llanera,30758251B85040378394096
0304916000,Lupao,Nueva Ecija,0304916000,psgc_2023,0.9156252440769218,Lupao,30758251B11609391630231
0304917000,Science City of Muñoz,Nueva Ecija,0304917000,psgc_2023,0.8150878566627457,Science City of Muñoz,30758251B8950221539698
0304918000,Nampicuan,Nueva Ecija,0304918000,psgc_2023,0.9208807161538852,Nampicuan,30758251B757279670105
0304919000,City of Palayan,Nueva Ecija,0304919000,psgc_2023,0.8217196843795329,Palayan City,30758251B19643083893991
0304920000,Pantabangan,Nueva Ecija,0304920000,psgc_2023,0.9136590724017948,Pantabangan,30758251B73416019883102
0304921000,Peñaranda,Nueva Ecija,0304921000,psgc_2023,0.8191106025839388,Peñaranda,30758251B17193566856457
0304922000,Quezon,Nueva Ecija,0304922000,psgc_2023,0.8966618438781364,Quezon,30758251B11811297949808
0304923000,Rizal,Nueva Ecija,0304923000,psgc_2023,0.8772749663476378,Rizal,30758251B98228073754255
0304924000,San Antonio,Nueva Ecija,0304924000,psgc_2023,0.8961443016590982,San Antonio,30758251B18161009725227
0304925000,San Isidro,Nueva Ecija,0304925000,psgc_2023,0.8922947057493754,San Isidro,30758251B57487055116428
0304926000,San Jose City,Nueva Ecija,0304926000,psgc_2023,0.8963625727692679,San Jose City,30758251B74441854533051
0304927000,San Leonardo,Nueva Ecija,0304927000,psgc_2023,0.8317906086673682,San Leonardo,30758251B34551572627583
0304928000,Santa Rosa,Nueva Ecija,0304928000,psgc_2023,0.8760963572006457,Santa Rosa,30758251B64711769669344
0304929000,Santo Domingo,Nueva Ecija,0304929000,psgc_2023,0.8306220560774673,Santo Domingo,30758251B71644316886233
0304930000,Talavera,Nueva Ecija,0304930000,psgc_2023,0.7914025701879425,Talavera,30758251B41581765009138
0304931000,Talugtug,Nueva Ecija,0304931000,psgc_2023,0.9104073610175007,Talugtug,30758251B85167098173999
0304932000,Zaragoza,Nueva Ecija,0304932000,psgc_2023,0.9242898795059799,Zaragoza,30758251B15421903274742
0305402000,Apalit,Pampanga,0305402000,psgc_2023,0.8947503942461108,Apalit,30758251B27786389641785
0305403000,Arayat,Pampanga,0305403000,psgc_2023,0.8736202088793107,Arayat,30758251B65285968216492
0305404000,Bacolor,Pampanga,0305404000,psgc_2023,0.8031930314958642,Bacolor,30758251B55823807082743
0305405000,Candaba,Pampanga,0305405000,psgc_2023,0.8361062043139408,Candaba,30758251B67025420220537
0305406000,Floridablanca,Pampanga,0305406000,psgc_2023,0.8630279914996782,Floridablanca,30758251B62487244382534
0305407000,Guagua,Pampanga,0305407000,psgc_2023,0.6894705283599001,Guagua,30758251B51430418029688
0305408000,Lubao,Pampanga,0305408000,psgc_2023,0.9030894507587164,Lubao,30758251B85700326948768
0305409000,Mabalacat City,Pampanga,0305409000,psgc_2023,0.8786604692249675,Mabalacat City,30758251B7981212511946
0305410000,Macabebe,Pampanga,0305410000,psgc_2023,0.749321979450809,Macabebe,30758251B25010155253639
0305411000,Magalang,Pampanga,0305411000,psgc_2023,0.8262052082048138,Magalang,30758251B60440366228098
0305412000,Masantol,Pampanga,0305412000,psgc_2023,0.8253285241827336,Masantol,30758251B7856900683747
0305413000,Mexico,Pampanga,0305413000,psgc_2023,0.8867266643080306,Mexico,30758251B60921017943813
0305414000,Minalin,Pampanga,0305414000,psgc_2023,0.6777429754293773,Minalin,30758251B70394947759752
0305415000,Porac,Pampanga,0305415000,psgc_2023,0.9081186532311891,Porac,30758251B84258699520401
0305416000,City of San Fernando,Pampanga,0305416000,psgc_2023,0.8896389183458733,City of San Fernando,30758251B76914785362033
0305417000,San Luis,Pampanga,0305417000,psgc_2023,0.7170212406725057,San Luis,30758251B39089965274487
0305418000,San Simon,Pampanga,0305418000,psgc_2023,0.818338900046016,San Simon,30758251B91508590625378
0305419000,Santa Ana,Pampanga,0305419000,psgc_2023,0.9008728318489626,Santa Ana,30758251B20191703245220
0305420000,Santa Rita,Pampanga,0305420000,psgc_2023,0.6336026629748102,Santa Rita,30758251B30766672962304
0305421000,Sto. Tomas,Pampanga,0305421000,psgc_2023,0.4980532544753765,Santo Tomas,30758251B57632773357139
0305422000,Sasmuan,Pampanga,0305422000,psgc_2023,0.742681352774637,Sasmuan,30758251B19069500410191
0306901000,Anao,Tarlac,0306901000,psgc_2023,0.8809405601768467,Anao,30758251B97244135669664
0306902000,Bamban,Tarlac,0306902000,psgc_2023,0.9333589980825148,Bamban,30758251B57034914401732
0306903000,Camiling,Tarlac,0306903000,psgc_2023,0.8352397577005763,Camiling,30758251B23459833682053
0306904000,Capas,Tarlac,0306904000,psgc_2023,0.9577533508132556,Capas,30758251B1710226943062
0306905000,Concepcion,Tarlac,0306905000,psgc_2023,0.9162461620479211,Concepcion,30758251B96121562186522
0306906000,Gerona,Tarlac,0306906000,psgc_2023,0.873680293544614,Gerona,30758251B71774891580031
0306907000,La Paz,Tarlac,0306907000,psgc_2023,0.8968748470715677,La Paz,30758251B69162702482749
0306908000,Mayantoc,Tarlac,0306908000,psgc_2023,0.9227206706108193,Mayantoc,30758251B27820731210135
0306909000,Moncada,Tarlac,0306909000,psgc_2023,0.8743315739685802,Moncada,30758251B50379489571525
0306910000,Paniqui,Tarlac,0306910000,psgc_2023,0.824347242261166,Paniqui,30758251B69585850409571
0306911000,Pura,Tarlac,0306911000,psgc_2023,0.8203044796945658,Pura,30758251B36664202091084
0306912000,Ramos,Tarlac,0306912000,psgc_2023,0.8733393682111762,Ramos,30758251B37101241671575
0306913000,San Clemente,Tarlac,0306913000,psgc_2023,0.6385361710365502,San Clemente,30758251B85209892464019
0306914000,San Manuel,Tarlac,0306914000,psgc_2023,0.41300742831488185,San Manuel,30758251B40197742842529
0306915000,Santa Ignacia,Tarlac,0306915000,psgc_2023,0.8728867014501851,Santa Ignacia,30758251B1064490572832
0306916000,City of Tarlac,Tarlac,0306916000,psgc_2023,0.9142771940766107,City of Tarlac,30758251B41951653344210
0306917000,Victoria,Tarlac,0306917000,psgc_2023,0.8626019008836515,Victoria,30758251B28872871222208
0306918000,San Jose,Tarlac,0306918000,psgc_2023,0.9598799194158469,San Jose,30758251B86793831645374
0307101000,Botolan,Zambales,0307101000,psgc_2023,0.9813184833697947,Botolan,30758251B29617351777930
0307102000,Cabangan,Zambales,0307102000,psgc_2023,0.9592141633790491,Cabangan,30758251B86660970091013
0307103000,Candelaria,Zambales,0307103000,psgc_2023,0.963424819730242,Candelaria,30758251B19895305686626
0307104000,Castillejos,Zambales,0307104000,psgc_2023,0.9401044060545196,Castillejos,30758251B55463127923623
0307105000,Iba,Zambales,0307105000,psgc_2023,0.9315037765165554,Iba,30758251B62062623216979
0307106000,Masinloc,Zambales,0307106000,psgc_2023,0.9220450848502506,Masinloc,30758251B39623995446640
0307108000,Palauig,Zambales,0307108000,psgc_2023,0.938463773801798,Palauig,30758251B57141645891791
0307109000,San Antonio,Zambales,0307109000,psgc_2023,0.8797379877918969,San Antonio,30758251B44301326667503
0307110000,San Felipe,Zambales,0307110000,psgc_2023,0.9209473587910592,San Felipe,30758251B59257355730786
0307111000,San Marcelino,Zambales,0307111000,psgc_2023,0.9571256343705337,San Marcelino,30758251B2790468349785
0307112000,San Narciso,Zambales,0307112000,psgc_2023,0.9045566649681753,San Narciso,30758251B59328560779443
0307113000,Santa Cruz,Zambales,0307113000,psgc_2023,0.9408899738677314,Santa Cruz,30758251B81450613900201
0307114000,Subic,Zambales,0307114000,psgc_2023,0.9158179300982133,Subic,30758251B42276045150270
0307701000,Baler,Aurora,0307701000,psgc_2023,0.9402337584074847,Baler,30758251B90201741515096
0307702000,Casiguran,Aurora,0307702000,psgc_2023,0.961752864337889,Casiguran,30758251B87187135187970
0307703000,Dilasag,Aurora,0307703000,psgc_2023,0.9832145037546633,Dilasag,30758251B50259762505671
0307704000,Dinalungan,Aurora,0307704000,psgc_2023,0.9855259765063742,Dinalungan,30758251B88004943266135
0307705000,Dingalan,Aurora,0307705000,psgc_2023,0.9615809487945932,Dingalan,30758251B91173779963117
0307706000,Dipaculao,Aurora,0307706000,psgc_2023,0.979696906413095,Dipaculao,30758251B11219690177973
0307707000,Maria Aurora,Aurora,0307707000,psgc_2023,0.9834123352526274,Maria Aurora,30758251B2954727825602
0307708000,San Luis,Aurora,0307708000,psgc_2023,0.9824934658426185,San Luis,30758251B29730451964766
0330100000,City of Angeles,,,exact_name_fallback,1.0,Angeles City,30758251B17687282333707
0331400000,City of Olongapo,,,exact_name_fallback,1.0,Olongapo City,30758251B1579745133837
0401001000,Agoncillo,Batangas,0401001000,psgc_2023,0.896799725423854,Agoncillo,30758251B30231322331435
0401002000,Alitagtag,Batangas,0401002000,psgc_2023,0.8722299782189857,Alitagtag,30758251B37438092207200
0401003000,Balayan,Batangas,0401003000,psgc_2023,0.9359322758812839,Balayan,30758251B27285986197002
0401004000,Balete,Batangas,0401004000,psgc_2023,0.8343946267254012,Balete,30758251B9712922067328
0401005000,Batangas City,Batangas,0401005000,psgc_2023,0.9484307398392381,Batangas City,30758251B42170064226471
0401006000,Bauan,Batangas,0401006000,psgc_2023,0.8955801579492226,Bauan,30758251B51291858387925
0401007000,City of Calaca,Batangas,0401007000,psgc_2023,0.9172048808887353,Calaca,30758251B68856681488998
0401008000,Calatagan,Batangas,0401008000,psgc_2023,0.9210319040567061,Calatagan,30758251B80871387182551
0401009000,Cuenca,Batangas,0401009000,psgc_2023,0.8901571631131228,Cuenca,30758251B33118282824163
0401010000,Ibaan,Batangas,0401010000,psgc_2023,0.9217739317254339,Ibaan,30758251B8254101193317
0401011000,Laurel,Batangas,0401011000,psgc_2023,0.9363843279449743,Laurel,30758251B77759274087167
0401012000,Lemery,Batangas,0401012000,psgc_2023,0.9436981124910564,Lemery,30758251B5665377491734
0401013000,Lian,Batangas,0401013000,psgc_2023,0.9004823405160575,Lian,30758251B81633231484096
0401014000,City of Lipa,Batangas,0401014000,psgc_2023,0.8927122825949301,Lipa City,30758251B54075680975044
0401015000,Lobo,Batangas,0401015000,psgc_2023,0.9487334902275454,Lobo,30758251B32727086192084
0401016000,Mabini,Batangas,0401016000,psgc_2023,0.9287616047842182,Mabini,30758251B64129218321366
0401017000,Malvar,Batangas,0401017000,psgc_2023,0.8996021234813876,Malvar,30758251B86715159474326
0401018000,Mataasnakahoy,Batangas,0401018000,psgc_2023,0.8371045322332864,Mataasnakahoy,30758251B55651779812419
0401019000,Nasugbu,Batangas,0401019000,psgc_2023,0.9282700415593692,Nasugbu,30758251B8927375136038
0401020000,Padre Garcia,Batangas,0401020000,psgc_2023,0.9072186409351989,Padre Garcia,30758251B75041728100669
0401021000,Rosario,Batangas,0401021000,psgc_2023,0.9572245090610134,Rosario,30758251B26885487370879
0401022000,San Jose,Batangas,0401022000,psgc_2023,0.8984305693044647,San Jose,30758251B22922317245242
0401023000,San Juan,Batangas,0401023000,psgc_2023,0.9598632367536231,San Juan,30758251B36989213936618
0401024000,San Luis,Batangas,0401024000,psgc_2023,0.8978962663103631,San Luis,30758251B60634471978235
0401025000,San Nicolas,Batangas,0401025000,psgc_2023,0.840829423715058,San Nicolas,30758251B83345334824937
0401026000,San Pascual,Batangas,0401026000,psgc_2023,0.8842051277325595,San Pascual,30758251B99992201046216
0401027000,Santa Teresita,Batangas,0401027000,psgc_2023,0.8390086038645911,Santa Teresita,30758251B65020041021646
0401028000,City of Sto. Tomas,Batangas,0401028000,psgc_2023,0.8820239116653418,Santo Tomas,30758251B29832257254847
0401029000,Taal,Batangas,0401029000,psgc_2023,0.901317636568914,Taal,30758251B11016781940262
0401030000,Talisay,Batangas,0401030000,psgc_2023,0.8739523794484289,Talisay,30758251B80500535312528
0401031000,City of Tanauan,Batangas,0401031000,psgc_2023,0.946827218171745,City of Tanauan,30758251B62709822601123
0401032000,Taysan,Batangas,0401032000,psgc_2023,0.9055554391663513,Taysan,30758251B32633454457385
0401033000,Tingloy,Batangas,0401033000,psgc_2023,0.860750086655393,Tingloy,30758251B31190272548393
0401034000,Tuy,Batangas,0401034000,psgc_2023,0.9306007466363789,Tuy,30758251B67063088197244
0402101000,Alfonso,Cavite,0402101000,psgc_2023,0.8834929603528564,Alfonso,30758251B26020772303451
0402102000,Amadeo,Cavite,0402102000,psgc_2023,0.9313157314872449,Amadeo,30758251B72252115450997
0402103000,City of Bacoor,Cavite,0402103000,psgc_2023,0.8389684680066584,Bacoor City,30758251B21872245709611
0402104000,City of Carmona,Cavite,0402104000,psgc_2023,0.8237007398507162,Carmona,30758251B42806803343696
0402105000,City of Cavite,Cavite,0402105000,psgc_2023,0.38251683848289475,Cavite City,30758251B13765165414384
0402106000,City of Dasmariñas,Cavite,0402106000,psgc_2023,0.9455635987663733,City of Dasmariñas,30758251B92956518503760
0402107000,General Emilio Aguinaldo,Cavite,0402107000,psgc_2023,0.9293380346878519,General Emilio Aguinaldo,30758251B7170785123118
0402108000,City of General Trias,Cavite,0402108000,psgc_2023,0.8966698899720613,City of General Trias,30758251B92766896635284
0402109000,City of Imus,Cavite,0402109000,psgc_2023,0.8730900739718781,Imus City,30758251B96342431093437
0402110000,Indang,Cavite,0402110000,psgc_2023,0.9443694411476362,Indang,30758251B89143958154434
0402111000,Kawit,Cavite,0402111000,psgc_2023,0.7915988035592845,Kawit,30758251B10181127311894
0402112000,Magallanes,Cavite,0402112000,psgc_2023,0.9001824573128526,Magallanes,30758251B48484598892391
0402113000,Maragondon,Cavite,0402113000,psgc_2023,0.9464138839230316,Maragondon,30758251B1630286055776
0402114000,Mendez,Cavite,0402114000,psgc_2023,0.9065814478488462,Mendez,30758251B56327904281600
0402115000,Naic,Cavite,0402115000,psgc_2023,0.9251598384478384,Naic,30758251B11802167700274
0402116000,Noveleta,Cavite,0402116000,psgc_2023,0.8900983429788869,Noveleta,30758251B26560222225231
0402117000,Rosario,Cavite,0402117000,psgc_2023,0.7020369007090347,Rosario,30758251B22134644718406
0402118000,Silang,Cavite,0402118000,psgc_2023,0.9373208744109753,Silang,30758251B65416136656933
0402119000,City of Tagaytay,Cavite,0402119000,psgc_2023,0.8649542411028586,Tagaytay City,30758251B41438074837585
0402120000,Tanza,Cavite,0402120000,psgc_2023,0.9273576551755975,Tanza,30758251B17999592905510
0402121000,Ternate,Cavite,0402121000,psgc_2023,0.892291023518777,Ternate,30758251B92987425451541
0402122000,City of Trece Martires,Cavite,0402122000,psgc_2023,0.792928709458731,Trece Martires City,30758251B97625371583583
0402123000,Gen. Mariano Alvarez,Cavite,0402123000,psgc_2023,0.7069617605690083,Gen. Mariano Alvarez,30758251B6653564464331
0403401000,Alaminos,Laguna,0403401000,psgc_2023,0.7330638484057551,Alaminos,30758251B86762521234938
0403402000,Bay,Laguna,0403402000,psgc_2023,0.778938371121714,Bay,30758251B641829746077
0403403000,City of Biñan,Laguna,0403403000,psgc_2023,0.6159315334992264,City of Biñan,30758251B16723889149596
0403404000,City of Cabuyao,Laguna,0403404000,psgc_2023,0.6487907691000891,Cabuyao City,30758251B33555947912261
0403405000,City of Calamba,Laguna,0403405000,psgc_2023,0.8903475091111348,City of Calamba,30758251B25562993690796
0403406000,Calauan,Laguna,0403406000,psgc_2023,0.7777794766371516,Calauan,30758251B84649155212336
0403407000,Cavinti,Laguna,0403407000,psgc_2023,0.8898525686578382,Cavinti,30758251B82709121735753
0403408000,Famy,Laguna,0403408000,psgc_2023,0.6631388722470739,Famy,30758251B75261766623391
0403409000,Kalayaan,Laguna,0403409000,psgc_2023,0.8864178921122663,Kalayaan,30758251B7830805264743
0403410000,Liliw,Laguna,0403410000,psgc_2023,0.7397481771899103,Liliw,30758251B58026034412685
0403411000,Los Baños,Laguna,0403411000,psgc_2023,0.81869863311706,Los Baños,30758251B45670091737840
0403412000,Luisiana,Laguna,0403412000,psgc_2023,0.7756507212827242,Luisiana,30758251B80791162648573
0403413000,Lumban,Laguna,0403413000,psgc_2023,0.6881603903917877,Lumban,30758251B19502788585364
0403414000,Mabitac,Laguna,0403414000,psgc_2023,0.8227646774015173,Mabitac,30758251B40270166730947
0403415000,Magdalena,Laguna,0403415000,psgc_2023,0.7371024162205341,Magdalena,30758251B37787171987907
0403416000,Majayjay,Laguna,0403416000,psgc_2023,0.8424848524073283,Majayjay,30758251B95762646893125
0403417000,Nagcarlan,Laguna,0403417000,psgc_2023,0.809740126570632,Nagcarlan,30758251B18586490451466
0403418000,Paete,Laguna,0403418000,psgc_2023,0.9438569684640495,Paete,30758251B55553660747763
0403419000,Pagsanjan,Laguna,0403419000,psgc_2023,0.7338966533502748,Pagsanjan,30758251B62240018312192
0403420000,Pakil,Laguna,0403420000,psgc_2023,0.5515313978827537,Pakil,30758251B26528649252550
0403421000,Pangil,Laguna,0403421000,psgc_2023,0.7516189279310398,Pangil,30758251B63928376402493
0403422000,Pila,Laguna,0403422000,psgc_2023,0.8463997621275784,Pila,30758251B49530658943400
0403423000,Rizal,Laguna,0403423000,psgc_2023,0.6937239482436698,Rizal,30758251B93953059217751
0403424000,City of San Pablo,Laguna,0403424000,psgc_2023,0.8276351963511075,San Pablo City,30758251B96921420214384
0403425000,City of San Pedro,Laguna,,exact_name_fallback,1.0,City of San Pedro,30758251B17311985979646
0403426000,Santa Cruz,Laguna,0403426000,psgc_2023,0.8294644426153764,Santa Cruz,30758251B85886628165841
0403427000,Santa Maria,Laguna,0403427000,psgc_2023,0.7993151577645149,Santa Maria,30758251B60359964634827
0403428000,City of Santa Rosa,Laguna,0403428000,psgc_2023,0.8412012713140539,City of Santa Rosa,30758251B88250453342652
0403429000,Siniloan,Laguna,0403429000,psgc_2023,0.6854048256358258,Siniloan,30758251B87471395485830
0403430000,Victoria,Laguna,0403430000,psgc_2023,0.8070504252663102,Victoria,30758251B60553088936825
0405601000,Agdangan,Quezon,0405601000,psgc_2023,0.9327157106162419,Agdangan,30758251B21979375590034
0405602000,Alabat,Quezon,0405602000,psgc_2023,0.9153512471351305,Alabat,30758251B17731917702935
0405603000,Atimonan,Quezon,0405603000,psgc_2023,0.9559556441142293,Atimonan,30758251B55496023241087
0405605000,Buenavista,Quezon,0405605000,psgc_2023,0.9624414622096399,Buenavista,30758251B56825818240160
0405606000,Burdeos,Quezon,0405606000,psgc_2023,0.815021599973778,Burdeos,30758251B95926954005559
0405607000,Calauag,Quezon,0405607000,psgc_2023,0.9189015204487315,Calauag,30758251B23417388477170
0405608000,Candelaria,Quezon,0405608000,psgc_2023,0.9522947272713647,Candelaria,30758251B8297430856104
0405610000,Catanauan,Quezon,0405610000,psgc_2023,0.9606023185500652,Catanauan,30758251B26905221956095
0405615000,Dolores,Quezon,0405615000,psgc_2023,0.9460061026584539,Dolores,30758251B18917837863618
0405616000,General Luna,Quezon,0405616000,psgc_2023,0.9428126867419778,General Luna,30758251B37823444097828
0405617000,General Nakar,Quezon,0405617000,psgc_2023,0.9841983965489585,General Nakar,30758251B80195971051308
0405618000,Guinayangan,Quezon,0405618000,psgc_2023,0.958450713810908,Guinayangan,30758251B18842789953948
0405619000,Gumaca,Quezon,0405619000,psgc_2023,0.9342289339662692,Gumaca,30758251B73056824701687
0405620000,Infanta,Quezon,0405620000,psgc_2023,0.9428571525111658,Infanta,30758251B63604482475035
0405621000,Jomalig,Quezon,0405621000,psgc_2023,0.9357966095185742,Jomalig,30758251B10642262444602
0405622000,Lopez,Quezon,0405622000,psgc_2023,0.9743254273637494,Lopez,30758251B20509029806435
0405623000,Lucban,Quezon,0405623000,psgc_2023,0.9465912591705166,Lucban,30758251B44778470140505
0405625000,Macalelon,Quezon,0405625000,psgc_2023,0.9475053745700538,Macalelon,30758251B15464702074966
0405627000,Mauban,Quezon,0405627000,psgc_2023,0.959210914782412,Mauban,30758251B43842848901261
0405628000,Mulanay,Quezon,0405628000,psgc_2023,0.9721877857337595,Mulanay,30758251B87111150812734
0405629000,Padre Burgos,Quezon,0405629000,psgc_2023,0.8630656898927059,Padre Burgos,30758251B51252146080167
0405630000,Pagbilao,Quezon,0405630000,psgc_2023,0.9389520484919875,Pagbilao,30758251B2518509658018
0405631000,Panukulan,Quezon,0405631000,psgc_2023,0.819589674609626,Panukulan,30758251B73840124509325
0405632000,Patnanungan,Quezon,0405632000,psgc_2023,0.8671502923690995,Patnanungan,30758251B27789677173568
0405633000,Perez,Quezon,0405633000,psgc_2023,0.9403645510790877,Perez,30758251B86160385363219
0405634000,Pitogo,Quezon,0405634000,psgc_2023,0.9020810245775923,Pitogo,30758251B36558005022993
0405635000,Plaridel,Quezon,0405635000,psgc_2023,0.8646254281104828,Plaridel,30758251B71605506872700
0405636000,Polillo,Quezon,0405636000,psgc_2023,0.9459928478726649,Polillo,30758251B72190087571376
0405637000,Quezon,Quezon,0405637000,psgc_2023,0.9416629790729445,Quezon,30758251B89004108151749
0405638000,Real,Quezon,0405638000,psgc_2023,0.972680026334297,Real,30758251B78685665231141
0405639000,Sampaloc,Quezon,0405639000,psgc_2023,0.9461495474747046,Sampaloc,30758251B60406679280817
0405640000,San Andres,Quezon,0405640000,psgc_2023,0.9398451015041429,San Andres,30758251B69966193362953
0405641000,San Antonio,Quezon,0405641000,psgc_2023,0.904731809622485,San Antonio,30758251B10052680344935
0405642000,San Francisco,Quezon,0405642000,psgc_2023,0.9687992740554913,San Francisco,30758251B48560847084049
0405644000,San Narciso,Quezon,0405644000,psgc_2023,0.9321223917272103,San Narciso,30758251B81535360880656
0405645000,Sariaya,Quezon,0405645000,psgc_2023,0.9683849911793267,Sariaya,30758251B55152096669132
0405646000,Tagkawayan,Quezon,0405646000,psgc_2023,0.9801877633788822,Tagkawayan,30758251B29801061309945
0405647000,City of Tayabas,Quezon,0405647000,psgc_2023,0.9572247920523704,City of Tayabas,30758251B70245066805584
0405648000,Tiaong,Quezon,0405648000,psgc_2023,0.947903729554279,Tiaong,30758251B22989008298037
0405649000,Unisan,Quezon,0405649000,psgc_2023,0.9444117054928052,Unisan,30758251B81181163877224
0405801000,Angono,Rizal,0405801000,psgc_2023,0.7954074058881966,Angono,30758251B89453678850457
0405802000,City of Antipolo,Rizal,0405802000,psgc_2023,0.8298728997141727,City of Antipolo,30758251B52260851794711
0405803000,Baras,Rizal,0405803000,psgc_2023,0.6506946069979223,Baras,30758251B49056939189974
0405804000,Binangonan,Rizal,0405804000,psgc_2023,0.6915587299957923,Binangonan,30758251B30954744476099
0405805000,Cainta,Rizal,0405805000,psgc_2023,0.5899930816505453,Cainta,30758251B76506512725367
0405806000,Cardona,Rizal,0405806000,psgc_2023,0.3895405853460014,Cardona,30758251B57572048623065
0405807000,Jala-Jala,Rizal,,exact_name_fallback,1.0,Jala-Jala,30758251B16311826266125
0405808000,Rodriguez,Rizal,0405808000,psgc_2023,0.868529599443318,Rodriguez,30758251B28604379202623
0405809000,Morong,Rizal,0405809000,psgc_2023,0.8109117092649769,Morong,30758251B549341994031
0405810000,Pililla,Rizal,0405810000,psgc_2023,0.7646153230790458,Pililla,30758251B3557386785722
0405811000,San Mateo,Rizal,0405811000,psgc_2023,0.6818059475048988,San Mateo,30758251B86089983795598
0405812000,Tanay,Rizal,0405812000,psgc_2023,0.8709458339041701,Tanay,30758251B99469843476303
0405813000,Taytay,Rizal,0405813000,psgc_2023,0.7269058009188892,Taytay,30758251B47474969400955
0405814000,Teresa,Rizal,0405814000,psgc_2023,0.7103124791044871,Teresa,30758251B5946986755811
0431200000,City of Lucena,,,exact_name_fallback,1.0,Lucena City,30758251B97555965649214
0500501000,Bacacay,Albay,0500501000,psgc_2023,0.8637308226204293,Bacacay,30758251B91787985073572
0500502000,Camalig,Albay,0500502000,psgc_2023,0.9583541825142278,Camalig,30758251B49910210330724
0500503000,Daraga,Albay,0500503000,psgc_2023,0.9332843137322886,Daraga,30758251B85710407391035
0500504000,Guinobatan,Albay,0500504000,psgc_2023,0.9680148896867606,Guinobatan,30758251B92622239064783
0500505000,Jovellar,Albay,0500505000,psgc_2023,0.9466068080719641,Jovellar,30758251B38370299499479
0500506000,City of Legazpi,Albay,0500506000,psgc_2023,0.8838209118931702,Legazpi City,30758251B45508344321255
0500507000,Libon,Albay,0500507000,psgc_2023,0.955368285212793,Libon,30758251B33812388660229
0500508000,City of Ligao,Albay,0500508000,psgc_2023,0.9535064105168725,City of Ligao,30758251B54991272307692
0500509000,Malilipot,Albay,0500509000,psgc_2023,0.8847235278951449,Malilipot,30758251B40560232053392
0500510000,Malinao,Albay,0500510000,psgc_2023,0.9705166358540321,Malinao,30758251B79961363157368
0500511000,Manito,Albay,0500511000,psgc_2023,0.946088817928149,Manito,30758251B52587531996198
0500512000,Oas,Albay,0500512000,psgc_2023,0.957410050293281,Oas,30758251B22907415261768
0500513000,Pio Duran,Albay,0500513000,psgc_2023,0.958209275037305,Pio Duran,30758251B7916733720670
0500514000,Polangui,Albay,0500514000,psgc_2023,0.9511316918261503,Polangui,30758251B28395288618687
0500515000,Rapu-Rapu,Albay,0500515000,psgc_2023,0.8873677766743322,Rapu-Rapu,30758251B43953309192552
0500516000,Santo Domingo,Albay,0500516000,psgc_2023,0.9377396918792485,Santo Domingo,30758251B82534297587726
0500517000,City of Tabaco,Albay,0500517000,psgc_2023,0.9309113032979415,City of Tabaco,30758251B75861383716628
0500518000,Tiwi,Albay,0500518000,psgc_2023,0.9758559096462361,Tiwi,30758251B71671176044973
0501601000,Basud,Camarines Norte,0501601000,psgc_2023,0.9775142647238024,Basud,30758251B50616374221449
0501602000,Capalonga,Camarines Norte,0501602000,psgc_2023,0.9632820104567401,Capalonga,30758251B37893084976776
0501603000,Daet,Camarines Norte,0501603000,psgc_2023,0.9502969548642957,Daet,30758251B92813581823724
0501604000,San Lorenzo Ruiz,Camarines Norte,0501604000,psgc_2023,0.9620673756002943,San Lorenzo Ruiz,30758251B16172470654133
0501605000,Jose Panganiban,Camarines Norte,0501605000,psgc_2023,0.955523885193603,Jose Panganiban,30758251B31746504022332
0501606000,Labo,Camarines Norte,0501606000,psgc_2023,0.9925426071596029,Labo,30758251B4129960077068
0501607000,Mercedes,Camarines Norte,0501607000,psgc_2023,0.8902291096585562,Mercedes,30758251B91233781588772
0501608000,Paracale,Camarines Norte,0501608000,psgc_2023,0.9517866549061141,Paracale,30758251B75235300602273
0501609000,San Vicente,Camarines Norte,0501609000,psgc_2023,0.9652205725793379,San Vicente,30758251B44254062576901
0501610000,Santa Elena,Camarines Norte,0501610000,psgc_2023,0.9645055804916122,Santa Elena,30758251B78465254525498
0501611000,Talisay,Camarines Norte,0501611000,psgc_2023,0.9366617723867031,Talisay,30758251B44537978372454
0501612000,Vinzons,Camarines Norte,0501612000,psgc_2023,0.8485540487027597,Vinzons,30758251B3136042153209
0501701000,Baao,Camarines Sur,0501701000,psgc_2023,0.9610956735883222,Baao,30758251B83742421641730
0501702000,Balatan,Camarines Sur,0501702000,psgc_2023,0.9504157125027737,Balatan,30758251B20087067633208
0501703000,Bato,Camarines Sur,0501703000,psgc_2023,0.936931239878972,Bato,30758251B25061359196597
0501704000,Bombon,Camarines Sur,0501704000,psgc_2023,0.9264786932531605,Bombon,30758251B14591039015578
0501705000,Buhi,Camarines Sur,0501705000,psgc_2023,0.9792282501372648,Buhi,30758251B40011294763010
0501706000,Bula,Camarines Sur,0501706000,psgc_2023,0.9490319032207188,Bula,30758251B33307504465511
0501707000,Cabusao,Camarines Sur,0501707000,psgc_2023,0.9339789115428003,Cabusao,30758251B48434085268731
0501708000,Calabanga,Camarines Sur,0501708000,psgc_2023,0.9688541961115135,Calabanga,30758251B85876225109747
0501709000,Camaligan,Camarines Sur,0501709000,psgc_2023,0.8526559338425852,Camaligan,30758251B44874081828887
0501710000,Canaman,Camarines Sur,0501710000,psgc_2023,0.9162623768486009,Canaman,30758251B59508339277809
0501711000,Caramoan,Camarines Sur,0501711000,psgc_2023,0.9307675336915427,Caramoan,30758251B12412533731052
0501712000,Del Gallego,Camarines Sur,0501712000,psgc_2023,0.9872947563316437,Del Gallego,30758251B11399000509804
0501713000,Gainza,Camarines Sur,0501713000,psgc_2023,0.9006556887110677,Gainza,30758251B63624521547352
0501714000,Garchitorena,Camarines Sur,0501714000,psgc_2023,0.9046980039028624,Garchitorena,30758251B40937413002129
0501715000,Goa,Camarines Sur,0501715000,psgc_2023,0.96662646802247,Goa,30758251B64069082540255
0501716000,City of Iriga,Camarines Sur,0501716000,psgc_2023,0.919168979279368,Iriga City,30758251B92034423804037
0501717000,Lagonoy,Camarines Sur,0501717000,psgc_2023,0.9720799954704389,Lagonoy,30758251B60102557901251
0501718000,Libmanan,Camarines Sur,0501718000,psgc_2023,0.9785458845476515,Libmanan,30758251B7660717026766
0501719000,Lupi,Camarines Sur,0501719000,psgc_2023,0.9597710610671869,Lupi,30758251B13192443251748
0501720000,Magarao,Camarines Sur,0501720000,psgc_2023,0.9238001943811399,Magarao,30758251B22935570216565
0501721000,Milaor,Camarines Sur,0501721000,psgc_2023,0.9358487089084163,Milaor,30758251B47632906140247
0501722000,Minalabac,Camarines Sur,0501722000,psgc_2023,0.9723861653268344,Minalabac,30758251B9994709288668
0501723000,Nabua,Camarines Sur,0501723000,psgc_2023,0.972728965184767,Nabua,30758251B88883641582403
0501724000,City of Naga,Camarines Sur,0501724000,psgc_2023,0.9007463410481127,Naga City,30758251B67238532990437
0501725000,Ocampo,Camarines Sur,0501725000,psgc_2023,0.9662610852422697,Ocampo,30758251B20065579392201
0501726000,Pamplona,Camarines Sur,0501726000,psgc_2023,0.9363698589351024,Pamplona,30758251B58646010264693
0501727000,Pasacao,Camarines Sur,0501727000,psgc_2023,0.9707303745784126,Pasacao,30758251B74500883185148
0501728000,Pili,Camarines Sur,0501728000,psgc_2023,0.9577572919706465,Pili,30758251B53297443650612
0501729000,Presentacion,Camarines Sur,0501729000,psgc_2023,0.9676698147648909,Presentacion,30758251B19946568365659
0501730000,Ragay,Camarines Sur,0501730000,psgc_2023,0.9780431097254995,Ragay,30758251B23999947934104
0501731000,Sagñay,Camarines Sur,0501731000,psgc_2023,0.9348563105869453,Sagñay,30758251B59561254174499
0501732000,San Fernando,Camarines Sur,0501732000,psgc_2023,0.9712243369050054,San Fernando,30758251B90301857682432
0501733000,San Jose,Camarines Sur,0501733000,psgc_2023,0.9268628010973536,San Jose,30758251B67944670665540
0501734000,Sipocot,Camarines Sur,0501734000,psgc_2023,0.9731852591124215,Sipocot,30758251B70291415391467
0501735000,Siruma,Camarines Sur,0501735000,psgc_2023,0.8682460533801525,Siruma,30758251B38539874694447
0501736000,Tigaon,Camarines Sur,0501736000,psgc_2023,0.9660104851079027,Tigaon,30758251B83863346028510
0501737000,Tinambac,Camarines Sur,0501737000,psgc_2023,0.9527263597088348,Tinambac,30758251B38953781960130
0502001000,Bagamanoc,Catanduanes,0502001000,psgc_2023,0.9534359176111838,Bagamanoc,30758251B59142853450865
0502002000,Baras,Catanduanes,0502002000,psgc_2023,0.9581683389882322,Baras,30758251B70953932532311
0502003000,Bato,Catanduanes,0502003000,psgc_2023,0.9453071448069688,Bato,30758251B781054791526
0502004000,Caramoran,Catanduanes,0502004000,psgc_2023,0.9853031745674049,Caramoran,30758251B83263319405118
0502005000,Gigmoto,Catanduanes,0502005000,psgc_2023,0.9688946627948823,Gigmoto,30758251B49692104133170
0502006000,Pandan,Catanduanes,0502006000,psgc_2023,0.9699191002284944,Pandan,30758251B58304777640417
0502007000,Panganiban,Catanduanes,0502007000,psgc_2023,0.9417565747355761,Panganiban,30758251B52035813830347
0502008000,San Andres,Catanduanes,0502008000,psgc_2023,0.9777711543925094,San Andres,30758251B65152519595273
0502009000,San Miguel,Catanduanes,0502009000,psgc_2023,0.9980086675453217,San Miguel,30758251B81030660303746
0502010000,Viga,Catanduanes,0502010000,psgc_2023,0.9798941375544423,Viga,30758251B12930649127475
0502011000,Virac,Catanduanes,0502011000,psgc_2023,0.9805472171918965,Virac,30758251B19106004120834
0504101000,Aroroy,Masbate,0504101000,psgc_2023,0.9587444716471523,Aroroy,30758251B32987971976921
0504102000,Baleno,Masbate,0504102000,psgc_2023,0.9878270971300065,Baleno,30758251B93962495881517
0504103000,Balud,Masbate,0504103000,psgc_2023,0.96909871352177,Balud,30758251B44740133494602
0504104000,Batuan,Masbate,0504104000,psgc_2023,0.9428112681874196,Batuan,30758251B92443363095578
0504105000,Cataingan,Masbate,0504105000,psgc_2023,0.961246053518926,Cataingan,30758251B24487715352346
0504106000,Cawayan,Masbate,0504106000,psgc_2023,0.9662181179113726,Cawayan,30758251B52497406200368
0504107000,Claveria,Masbate,0504107000,psgc_2023,0.9510395753011469,Claveria,30758251B14663924862074
0504108000,Dimasalang,Masbate,0504108000,psgc_2023,0.9492333959830678,Dimasalang,30758251B45759569755783
0504109000,Esperanza,Masbate,0504109000,psgc_2023,0.965865359811382,Esperanza,30758251B37424940024390
0504110000,Mandaon,Masbate,0504110000,psgc_2023,0.9633106860437394,Mandaon,30758251B39585013953692
0504111000,City of Masbate,Masbate,0504111000,psgc_2023,0.9708554691677468,City of Masbate,30758251B12655386269107
0504112000,Milagros,Masbate,0504112000,psgc_2023,0.9848752169775684,Milagros,30758251B25438008820372
0504113000,Mobo,Masbate,0504113000,psgc_2023,0.978664502026803,Mobo,30758251B81886103418295
0504114000,Monreal,Masbate,0504114000,psgc_2023,0.9291746006102624,Monreal,30758251B42419582255323
0504115000,Palanas,Masbate,0504115000,psgc_2023,0.9764137592913625,Palanas,30758251B93799151609782
0504116000,Pio V. Corpus,Masbate,0504116000,psgc_2023,0.9012650850209553,Pio V. Corpuz,30758251B13738867600145
0504117000,Placer,Masbate,0504117000,psgc_2023,0.967460169197365,Placer,30758251B35943258709305
0504118000,San Fernando,Masbate,0504118000,psgc_2023,0.9618384168230029,San Fernando,30758251B6927182606556
0504119000,San Jacinto,Masbate,0504119000,psgc_2023,0.9627531494516588,San Jacinto,30758251B27565231296261
0504120000,San Pascual,Masbate,0504120000,psgc_2023,0.9414204564090537,San Pascual,30758251B17362038496048
0504121000,Uson,Masbate,0504121000,psgc_2023,0.9750721004058656,Uson,30758251B48205364184496
0506202000,Barcelona,Sorsogon,0506202000,psgc_2023,0.9656384112929913,Barcelona,30758251B63978156729606
0506203000,Bulan,Sorsogon,0506203000,psgc_2023,0.9770221729795613,Bulan,30758251B83470150439749
0506204000,Bulusan,Sorsogon,0506204000,psgc_2023,0.975783424718723,Bulusan,30758251B89540499101387
0506205000,Casiguran,Sorsogon,0506205000,psgc_2023,0.9710585361544635,Casiguran,30758251B58212609685015
0506206000,Castilla,Sorsogon,0506206000,psgc_2023,0.9639813721781401,Castilla,30758251B41591816430114
0506207000,Donsol,Sorsogon,0506207000,psgc_2023,0.9710354893533517,Donsol,30758251B78827955884904
0506208000,Gubat,Sorsogon,0506208000,psgc_2023,0.9597929489283079,Gubat,30758251B1476462816000
0506209000,Irosin,Sorsogon,0506209000,psgc_2023,0.9927319012332168,Irosin,30758251B81086391606543
0506210000,Juban,Sorsogon,0506210000,psgc_2023,0.961013129900468,Juban,30758251B25814545213885
0506211000,Magallanes,Sorsogon,0506211000,psgc_2023,0.9525212164135274,Magallanes,30758251B24930162212883
0506212000,Matnog,Sorsogon,0506212000,psgc_2023,0.9508416174756821,Matnog,30758251B19439306687504
0506213000,Pilar,Sorsogon,0506213000,psgc_2023,0.9356859405382081,Pilar,30758251B95177734597058
0506214000,Prieto Diaz,Sorsogon,0506214000,psgc_2023,0.9663141753067082,Prieto Diaz,30758251B55319475412309
0506215000,Santa Magdalena,Sorsogon,0506215000,psgc_2023,0.9651481138713347,Santa Magdalena,30758251B27542334536223
0506216000,City of Sorsogon,Sorsogon,0506216000,psgc_2023,0.9753771413424598,City of Sorsogon,30758251B39347385950217
0600401000,Altavas,Aklan,0600401000,psgc_2023,0.9401969409633921,Altavas,30758251B63045742301299
0600402000,Balete,Aklan,0600402000,psgc_2023,0.9485568960699814,Balete,30758251B65847128080579
0600403000,Banga,Aklan,0600403000,psgc_2023,0.9383733311382222,Banga,30758251B13243335131370
0600404000,Batan,Aklan,0600404000,psgc_2023,0.8596715727566457,Batan,30758251B47608215220004
0600405000,Buruanga,Aklan,0600405000,psgc_2023,0.9241068009705015,Buruanga,30758251B13328482909488
0600406000,Ibajay,Aklan,0600406000,psgc_2023,0.9614618301019693,Ibajay,30758251B24388448757946
0600407000,Kalibo,Aklan,0600407000,psgc_2023,0.8993921507591272,Kalibo,30758251B59047348388505
0600408000,Lezo,Aklan,0600408000,psgc_2023,0.9346161435309833,Lezo,30758251B65043803539703
0600409000,Libacao,Aklan,0600409000,psgc_2023,0.9696648905405993,Libacao,30758251B40401951871819
0600410000,Madalag,Aklan,0600410000,psgc_2023,0.9758351001859236,Madalag,30758251B43949907765478
0600411000,Makato,Aklan,0600411000,psgc_2023,0.9516846367251794,Makato,30758251B47000748246298
0600412000,Malay,Aklan,0600412000,psgc_2023,0.888857572015494,Malay,30758251B40609813959698
0600413000,Malinao,Aklan,0600413000,psgc_2023,0.9755016123565922,Malinao,30758251B87685774313166
0600414000,Nabas,Aklan,0600414000,psgc_2023,0.9605489506023048,Nabas,30758251B57634921708927
0600415000,New Washington,Aklan,0600415000,psgc_2023,0.7334833236816187,New Washington,30758251B16145813320152
0600416000,Numancia,Aklan,0600416000,psgc_2023,0.8715498338569498,Numancia,30758251B41299657560178
0600417000,Tangalan,Aklan,0600417000,psgc_2023,0.9592056926998278,Tangalan,30758251B5891263412683
0600601000,Anini-Y,Antique,0600601000,psgc_2023,0.8813840268763113,Anini-Y,30758251B72119489508294
0600602000,Barbaza,Antique,0600602000,psgc_2023,0.9344947009588707,Barbaza,30758251B35716315044862
0600603000,Belison,Antique,0600603000,psgc_2023,0.8724570575246026,Belison,30758251B95727921667713
0600604000,Bugasong,Antique,0600604000,psgc_2023,0.9345436795676625,Bugasong,30758251B63515771273363
0600605000,Caluya,Antique,0600605000,psgc_2023,0.8207120307659006,Caluya,30758251B59599997471541
0600606000,Culasi,Antique,0600606000,psgc_2023,0.9215319684770956,Culasi,30758251B61510423680067
0600607000,Tobias Fornier,Antique,0600607000,psgc_2023,0.9540083351161696,Tobias Fornier,30758251B60238532439568
0600608000,Hamtic,Antique,0600608000,psgc_2023,0.940793592539007,Hamtic,30758251B48084626937916
0600609000,Laua-An,Antique,0600609000,psgc_2023,0.9424552825997792,Laua-An,30758251B48931450014214
0600610000,Libertad,Antique,0600610000,psgc_2023,0.911820373597695,Libertad,30758251B12253581703793
0600611000,Pandan,Antique,0600611000,psgc_2023,0.9336517908082502,Pandan,30758251B18892424376423
0600612000,Patnongon,Antique,0600612000,psgc_2023,0.9719929946144596,Patnongon,30758251B28453023290173
0600613000,San Jose,Antique,0600613000,psgc_2023,0.8452343133592799,San Jose,30758251B24707776184289
0600614000,San Remigio,Antique,0600614000,psgc_2023,0.9628144747361358,San Remigio,30758251B95078134984075
0600615000,Sebaste,Antique,0600615000,psgc_2023,0.9270164435022543,Sebaste,30758251B38683261038928
0600616000,Sibalom,Antique,0600616000,psgc_2023,0.9660232635116422,Sibalom,30758251B79303700374754
0600617000,Tibiao,Antique,0600617000,psgc_2023,0.9076102233863463,Tibiao,30758251B64985719107577
0600618000,Valderrama,Antique,0600618000,psgc_2023,0.9646927300612399,Valderrama,30758251B81631950154646
0601901000,Cuartero,Capiz,0601901000,psgc_2023,0.8734267990559734,Cuartero,30758251B48393981905237
0601902000,Dao,Capiz,0601902000,psgc_2023,0.9238043245659121,Dao,30758251B53973025344764
0601903000,Dumalag,Capiz,0601903000,psgc_2023,0.8890499557600735,Dumalag,30758251B32411004469798
0601904000,Dumarao,Capiz,0601904000,psgc_2023,0.9100684433190042,Dumarao,30758251B32548313034997
0601905000,Ivisan,Capiz,0601905000,psgc_2023,0.8033133999920827,Ivisan,30758251B67878342697954
0601906000,Jamindan,Capiz,0601906000,psgc_2023,0.924997914954471,Jamindan,30758251B33781149829441
0601907000,Ma-Ayon,Capiz,0601907000,psgc_2023,0.9083664285584251,Ma-Ayon,30758251B47865682990811
0601908000,Mambusao,Capiz,0601908000,psgc_2023,0.8777439330262851,Mambusao,30758251B94468947154002
0601909000,Panay,Capiz,0601909000,psgc_2023,0.8826894069008118,Panay,30758251B83383146399280
0601910000,Panitan,Capiz,0601910000,psgc_2023,0.823563682570797,Panitan,30758251B58858467692666
0601911000,Pilar,Capiz,0601911000,psgc_2023,0.8482754490125359,Pilar,30758251B85577771230769
0601912000,Pontevedra,Capiz,0601912000,psgc_2023,0.8212353125493619,Pontevedra,30758251B15456852241806
0601913000,President Roxas,Capiz,0601913000,psgc_2023,0.8158830860476403,President Roxas,30758251B88286448086697
0601914000,City of Roxas,Capiz,0601914000,psgc_2023,0.8317981811150007,Roxas City,30758251B49897164941378
0601915000,Sapi-An,Capiz,0601915000,psgc_2023,0.8734902264895051,Sapi-An,30758251B26065249188605
0601916000,Sigma,Capiz,0601916000,psgc_2023,0.8966009113435529,Sigma,30758251B9961126345644
0601917000,Tapaz,Capiz,0601917000,psgc_2023,0.9663167500490908,Tapaz,30758251B39430570353961
0603001000,Ajuy,Iloilo,0603001000,psgc_2023,0.8971675391102978,Ajuy,30758251B13636492235142
0603002000,Alimodian,Iloilo,0603002000,psgc_2023,0.9048133799456275,Alimodian,30758251B69807687189448
0603003000,Anilao,Iloilo,0603003000,psgc_2023,0.960805518658947,Anilao,30758251B65127658552758
0603004000,Badiangan,Iloilo,0603004000,psgc_2023,0.9330915713944613,Badiangan,30758251B83246187592592
0603005000,Balasan,Iloilo,0603005000,psgc_2023,0.9110411201875191,Balasan,30758251B73634275753033
0603006000,Banate,Iloilo,0603006000,psgc_2023,0.9111733145931746,Banate,30758251B10114533037033
0603007000,Barotac Nuevo,Iloilo,0603007000,psgc_2023,0.904333668573571,Barotac Nuevo,30758251B27600807378408
0603008000,Barotac Viejo,Iloilo,0603008000,psgc_2023,0.9663779775794568,Barotac Viejo,30758251B5280486819408
0603009000,Batad,Iloilo,0603009000,psgc_2023,0.8899112442827387,Batad,30758251B1830089700268
0603010000,Bingawan,Iloilo,0603010000,psgc_2023,0.9005887365681357,Bingawan,30758251B3620864881495
0603012000,Cabatuan,Iloilo,0603012000,psgc_2023,0.961254571914248,Cabatuan,30758251B22577560425955
0603013000,Calinog,Iloilo,0603013000,psgc_2023,0.9467135991111577,Calinog,30758251B12853657019239
0603014000,Carles,Iloilo,0603014000,psgc_2023,0.7395375034819749,Carles,30758251B97792298471435
0603015000,Concepcion,Iloilo,0603015000,psgc_2023,0.8031544391806525,Concepcion,30758251B48944971182305
0603016000,Dingle,Iloilo,0603016000,psgc_2023,0.9592338260987985,Dingle,30758251B96469229002048
0603017000,Dueñas,Iloilo,0603017000,psgc_2023,0.9397134985268629,Dueñas,30758251B74764778081274
0603018000,Dumangas,Iloilo,0603018000,psgc_2023,0.9373341033096032,Dumangas,30758251B4631438533579
0603019000,Estancia,Iloilo,0603019000,psgc_2023,0.8554348581626159,Estancia,30758251B47638576486503
0603020000,Guimbal,Iloilo,0603020000,psgc_2023,0.8961624608044776,Guimbal,30758251B64500013384047
0603021000,Igbaras,Iloilo,0603021000,psgc_2023,0.9635606384870092,Igbaras,30758251B73695480511112
0603023000,Janiuay,Iloilo,0603023000,psgc_2023,0.9690592024697527,Janiuay,30758251B33356441907272
0603025000,Lambunao,Iloilo,0603025000,psgc_2023,0.9814620346171022,Lambunao,30758251B4674777474698
0603026000,Leganes,Iloilo,0603026000,psgc_2023,0.8663777391705085,Leganes,30758251B71622698937954
0603027000,Lemery,Iloilo,0603027000,psgc_2023,0.9571686738765754,Lemery,30758251B24164674445814
0603028000,Leon,Iloilo,0603028000,psgc_2023,0.9362670550691843,Leon,30758251B37119050088735
0603029000,Maasin,Iloilo,0603029000,psgc_2023,0.9567608316140234,Maasin,30758251B69609518420046
0603030000,Miagao,Iloilo,0603030000,psgc_2023,0.971865787363959,Miagao,30758251B76411822263604
0603031000,Mina,Iloilo,0603031000,psgc_2023,0.8901586008964975,Mina,30758251B21503626063200
0603032000,New Lucena,Iloilo,0603032000,psgc_2023,0.9275608306030816,New Lucena,30758251B49974401944820
0603034000,Oton,Iloilo,0603034000,psgc_2023,0.9441242278065354,Oton,30758251B51291325035886
0603035000,City of Passi,Iloilo,0603035000,psgc_2023,0.9542618111170004,City of Passi,30758251B16184179741083
0603036000,Pavia,Iloilo,0603036000,psgc_2023,0.9093311067646154,Pavia,30758251B29225258114217
0603037000,Pototan,Iloilo,0603037000,psgc_2023,0.9116258141431423,Pototan,30758251B41604182496552
0603038000,San Dionisio,Iloilo,0603038000,psgc_2023,0.94495962443988,San Dionisio,30758251B41670751061492
0603039000,San Enrique,Iloilo,0603039000,psgc_2023,0.945096216473366,San Enrique,30758251B30024033253187
0603040000,San Joaquin,Iloilo,0603040000,psgc_2023,0.9564587740106189,San Joaquin,30758251B21826871990601
0603041000,San Miguel,Iloilo,0603041000,psgc_2023,0.9289023911083644,San Miguel,30758251B47884920320624
0603042000,San Rafael,Iloilo,0603042000,psgc_2023,0.9605032447283195,San Rafael,30758251B32106504500412
0603043000,Santa Barbara,Iloilo,0603043000,psgc_2023,0.9485773993652641,Santa Barbara,30758251B45613097855532
0603044000,Sara,Iloilo,0603044000,psgc_2023,0.9622093616052726,Sara,30758251B62217465277456
0603045000,Tigbauan,Iloilo,0603045000,psgc_2023,0.9525311131073815,Tigbauan,30758251B68181414646701
0603046000,Tubungan,Iloilo,0603046000,psgc_2023,0.9357636271603283,Tubungan,30758251B36135336796092
0603047000,Zarraga,Iloilo,0603047000,psgc_2023,0.8640974208361006,Zarraga,30758251B45667509211770
0607901000,Buenavista,Guimaras,0607901000,psgc_2023,0.9702135830570666,Buenavista,30758251B22766078272355
0607902000,Jordan,Guimaras,0607902000,psgc_2023,0.9736393742053878,Jordan,30758251B86005089124827
0607903000,Nueva Valencia,Guimaras,0607903000,psgc_2023,0.9213515189928424,Nueva Valencia,30758251B31351007635483
0607904000,San Lorenzo,Guimaras,0607904000,psgc_2023,0.9702659628848986,San Lorenzo,30758251B36032174319233
0607905000,Sibunag,Guimaras,0607905000,psgc_2023,0.9552524801437684,Sibunag,30758251B58676290170427
0631000000,City of Iloilo,,,exact_name_fallback,1.0,Iloilo City,30758251B78795121530407
0701201000,Alburquerque,Bohol,0701201000,psgc_2023,0.9527399975669149,Alburquerque,30758251B8675136777312
0701202000,Alicia,Bohol,0701202000,psgc_2023,0.9666672528198804,Alicia,30758251B24613654160643
0701203000,Anda,Bohol,0701203000,psgc_2023,0.9709521438598842,Anda,30758251B89510163548586
0701204000,Antequera,Bohol,0701204000,psgc_2023,0.9530562907647369,Antequera,30758251B37541415004526
0701205000,Baclayon,Bohol,0701205000,psgc_2023,0.9350289203278943,Baclayon,30758251B40565049686432
0701206000,Balilihan,Bohol,0701206000,psgc_2023,0.9424132625414814,Balilihan,30758251B54841431701448
0701207000,Batuan,Bohol,0701207000,psgc_2023,0.9619678597253585,Batuan,30758251B38136298392626
0701208000,Bilar,Bohol,0701208000,psgc_2023,0.9741086785415745,Bilar,30758251B58658479703371
0701209000,Buenavista,Bohol,0701209000,psgc_2023,0.9631893391954488,Buenavista,30758251B35504106282542
0701210000,Calape,Bohol,0701210000,psgc_2023,0.8864584217988856,Calape,30758251B97088218061457
0701211000,Candijay,Bohol,0701211000,psgc_2023,0.9409868177256224,Candijay,30758251B50032412655137
0701212000,Carmen,Bohol,0701212000,psgc_2023,0.9782495160704388,Carmen,30758251B15671306664997
0701213000,Catigbian,Bohol,0701213000,psgc_2023,0.9549471882982801,Catigbian,30758251B12549633394912
0701214000,Clarin,Bohol,0701214000,psgc_2023,0.9531356691816748,Clarin,30758251B13304224452965
0701215000,Corella,Bohol,0701215000,psgc_2023,0.9358165845306274,Corella,30758251B60977474796551
0701216000,Cortes,Bohol,0701216000,psgc_2023,0.9005785814802694,Cortes,30758251B74263620831243
0701217000,Dagohoy,Bohol,0701217000,psgc_2023,0.9645502692469882,Dagohoy,30758251B27753745285071
0701218000,Danao,Bohol,0701218000,psgc_2023,0.9701960470347616,Danao,30758251B3535858937958
0701219000,Dauis,Bohol,0701219000,psgc_2023,0.963681301747396,Dauis,30758251B72127200927882
0701220000,Dimiao,Bohol,0701220000,psgc_2023,0.9457486570544038,Dimiao,30758251B17150826521814
0701221000,Duero,Bohol,0701221000,psgc_2023,0.9593700879358721,Duero,30758251B14839758606831
0701222000,Garcia Hernandez,Bohol,0701222000,psgc_2023,0.9787980850295371,Garcia Hernandez,30758251B81810733346991
0701223000,Guindulman,Bohol,0701223000,psgc_2023,0.958016857002668,Guindulman,30758251B84204030987256
0701224000,Inabanga,Bohol,0701224000,psgc_2023,0.9654210147205341,Inabanga,30758251B57824109626327
0701225000,Jagna,Bohol,0701225000,psgc_2023,0.9695084115151279,Jagna,30758251B38299639256737
0701226000,Getafe,Bohol,0701226000,psgc_2023,0.904038515170096,Getafe,30758251B70041056659187
0701227000,Lila,Bohol,0701227000,psgc_2023,0.8637092134701644,Lila,30758251B84378849868781
0701228000,Loay,Bohol,0701228000,psgc_2023,0.8981323126781533,Loay,30758251B19799872361278
0701229000,Loboc,Bohol,0701229000,psgc_2023,0.9593892498018135,Loboc,30758251B48223035746597
0701230000,Loon,Bohol,0701230000,psgc_2023,0.9600139376291945,Loon,30758251B53907232187821
0701231000,Mabini,Bohol,0701231000,psgc_2023,0.9214628612677536,Mabini,30758251B51979524476088
0701232000,Maribojoc,Bohol,0701232000,psgc_2023,0.942496481601383,Maribojoc,30758251B35739051919791
0701233000,Panglao,Bohol,0701233000,psgc_2023,0.9525902338834034,Panglao,30758251B6279384221388
0701234000,Pilar,Bohol,0701234000,psgc_2023,0.9564768382661735,Pilar,30758251B88858081792653
0701235000,President Carlos P. Garcia,Bohol,0701235000,psgc_2023,0.7754707454747952,Pres. Carlos P. Garcia,30758251B64936489887657
0701236000,Sagbayan,Bohol,0701236000,psgc_2023,0.9466507891408402,Sagbayan,30758251B91067857682159
0701237000,San Isidro,Bohol,0701237000,psgc_2023,0.9523928709330649,San Isidro,30758251B59726651934341
0701238000,San Miguel,Bohol,0701238000,psgc_2023,0.9874316079783105,San Miguel,30758251B43742138598728
0701239000,Sevilla,Bohol,0701239000,psgc_2023,0.960060647280377,Sevilla,30758251B72536662192698
0701240000,Sierra Bullones,Bohol,0701240000,psgc_2023,0.9572763916626674,Sierra Bullones,30758251B8448809988532
0701241000,Sikatuna,Bohol,0701241000,psgc_2023,0.9562755446040057,Sikatuna,30758251B28480536196407
0701242000,City of Tagbilaran,Bohol,0701242000,psgc_2023,0.8817905887561568,Tagbilaran City,30758251B36339359488922
0701243000,Talibon,Bohol,0701243000,psgc_2023,0.952780589956775,Talibon,30758251B66910701596266
0701244000,Trinidad,Bohol,0701244000,psgc_2023,0.9884755784128265,Trinidad,30758251B71344938825461
0701245000,Tubigon,Bohol,0701245000,psgc_2023,0.9319583673246985,Tubigon,30758251B14000269063439
0701246000,Ubay,Bohol,0701246000,psgc_2023,0.9479577455768179,Ubay,30758251B91209377340247
0701247000,Valencia,Bohol,0701247000,psgc_2023,0.9699348135365433,Valencia,30758251B11517427243733
0701248000,Bien Unido,Bohol,0701248000,psgc_2023,0.9033600468873397,Bien Unido,30758251B66999319885742
0702201000,Alcantara,Cebu,0702201000,psgc_2023,0.9264691311996842,Alcantara,30758251B4866188313996
0702202000,Alcoy,Cebu,0702202000,psgc_2023,0.9901632791832392,Alcoy,30758251B20245885110769
0702203000,Alegria,Cebu,0702203000,psgc_2023,0.9827222008783347,Alegria,30758251B71332435145613
0702204000,Aloguinsan,Cebu,0702204000,psgc_2023,0.9808657596320334,Aloguinsan,30758251B54294081358978
0702205000,Argao,Cebu,0702205000,psgc_2023,0.9832019541031182,Argao,30758251B92328009891536
0702206000,Asturias,Cebu,0702206000,psgc_2023,0.9546730233859307,Asturias,30758251B6698478403796
0702207000,Badian,Cebu,0702207000,psgc_2023,0.9731070448455248,Badian,30758251B23528812068772
0702208000,Balamban,Cebu,0702208000,psgc_2023,0.9792297127860559,Balamban,30758251B3567017136018
0702209000,Bantayan,Cebu,0702209000,psgc_2023,0.8908489354180881,Bantayan,30758251B23204734995246
0702210000,Barili,Cebu,0702210000,psgc_2023,0.9862073694050519,Barili,30758251B53137473181184
0702211000,City of Bogo,Cebu,0702211000,psgc_2023,0.9668801593120586,City of Bogo,30758251B41533783393082
0702212000,Boljoon,Cebu,0702212000,psgc_2023,0.9902953850014299,Boljoon,30758251B69594331288937
0702213000,Borbon,Cebu,0702213000,psgc_2023,0.9561127795342148,Borbon,30758251B50320825367181
0702214000,City of Carcar,Cebu,0702214000,psgc_2023,0.9630089748170398,City of Carcar,30758251B83848416648343
0702215000,Carmen,Cebu,0702215000,psgc_2023,0.9751492060032176,Carmen,30758251B26189357704702
0702216000,Catmon,Cebu,0702216000,psgc_2023,0.9857098536209067,Catmon,30758251B54228421239633
0702218000,Compostela,Cebu,0702218000,psgc_2023,0.9440393640829814,Compostela,30758251B98103416866095
0702219000,Consolacion,Cebu,0702219000,psgc_2023,0.9141724783010501,Consolacion,30758251B64510927807876
0702220000,Cordova,Cebu,0702220000,psgc_2023,0.8924318961347375,Cordova,30758251B86533440533220
0702221000,Daanbantayan,Cebu,0702221000,psgc_2023,0.9312603481914317,Daanbantayan,30758251B23123203384487
0702222000,Dalaguete,Cebu,0702222000,psgc_2023,0.975050249887077,Dalaguete,30758251B97190479635325
0702223000,Danao City,Cebu,0702223000,psgc_2023,0.9698337804479403,Danao City,30758251B84060605893793
0702224000,Dumanjug,Cebu,0702224000,psgc_2023,0.980087332033275,Dumanjug,30758251B70679396498245
0702225000,Ginatilan,Cebu,0702225000,psgc_2023,0.9717627537260757,Ginatilan,30758251B22393946342584
0702227000,Liloan,Cebu,0702227000,psgc_2023,0.914851418158155,Liloan,30758251B78513601653277
0702228000,Madridejos,Cebu,0702228000,psgc_2023,0.9470920608106577,Madridejos,30758251B20504693372643
0702229000,Malabuyoc,Cebu,0702229000,psgc_2023,0.994448535471511,Malabuyoc,30758251B5622679541907
0702231000,Medellin,Cebu,0702231000,psgc_2023,0.9390206112634026,Medellin,30758251B99468977928548
0702232000,Minglanilla,Cebu,0702232000,psgc_2023,0.9609551952086715,Minglanilla,30758251B22390909973267
0702233000,Moalboal,Cebu,0702233000,psgc_2023,0.9662134001201825,Moalboal,30758251B4277122757903
0702234000,City of Naga,Cebu,0702234000,psgc_2023,0.9792741957551181,City of Naga,30758251B29828848489028
0702235000,Oslob,Cebu,0702235000,psgc_2023,0.9821832382998468,Oslob,30758251B1349946349096
0702236000,Pilar,Cebu,0702236000,psgc_2023,0.9392665822034775,Pilar,30758251B30051105030408
0702237000,Pinamungajan,Cebu,0702237000,psgc_2023,0.9320161771720397,Pinamungahan,30758251B96280543021320
0702238000,Poro,Cebu,0702238000,psgc_2023,0.9716221958882643,Poro,30758251B86497008273710
0702239000,Ronda,Cebu,0702239000,psgc_2023,0.959894702974627,Ronda,30758251B81602489933177
0702240000,Samboan,Cebu,0702240000,psgc_2023,0.9760866930155166,Samboan,30758251B25852339699086
0702241000,San Fernando,Cebu,0702241000,psgc_2023,0.9750082766365291,San Fernando,30758251B67564352322913
0702242000,San Francisco,Cebu,0702242000,psgc_2023,0.963240598500497,San Francisco,30758251B19384890183583
0702243000,San Remigio,Cebu,0702243000,psgc_2023,0.950545896570041,San Remigio,30758251B39221878947402
0702244000,Santa Fe,Cebu,0702244000,psgc_2023,0.8948423943260878,Santa Fe,30758251B94132471744968
0702245000,Santander,Cebu,0702245000,psgc_2023,0.976043324705899,Santander,30758251B87040033852283
0702246000,Sibonga,Cebu,0702246000,psgc_2023,0.9774707009590718,Sibonga,30758251B53627623083695
0702247000,Sogod,Cebu,0702247000,psgc_2023,0.9727813047250279,Sogod,30758251B30485850222483
0702248000,Tabogon,Cebu,0702248000,psgc_2023,0.9662397779013476,Tabogon,30758251B75999052770002
0702249000,Tabuelan,Cebu,0702249000,psgc_2023,0.9679442503965836,Tabuelan,30758251B6036797208049
0702250000,City of Talisay,Cebu,0702250000,psgc_2023,0.9476744934017288,City of Talisay,30758251B71097287635299
0702251000,City of Toledo,Cebu,0702251000,psgc_2023,0.9383312285865921,Toledo City,30758251B47449241103787
0702252000,Tuburan,Cebu,0702252000,psgc_2023,0.9857469566189258,Tuburan,30758251B86140491886495
0702253000,Tudela,Cebu,0702253000,psgc_2023,0.9643320480226978,Tudela,30758251B5404551534040
0730600000,City of Cebu,,,exact_name_fallback,1.0,Cebu City,30758251B44889135236977
0731100000,City of Lapu-Lapu,,,exact_name_fallback,1.0,Lapu-Lapu City,30758251B79263204396093
0731300000,City of Mandaue,,,exact_name_fallback,1.0,Mandaue City,30758251B92617172480237
0802601000,Arteche,Eastern Samar,0802601000,psgc_2023,0.9615422473134354,Arteche,30758251B39704584087578
0802602000,Balangiga,Eastern Samar,0802602000,psgc_2023,0.991977117908715,Balangiga,30758251B16969809839776
0802603000,Balangkayan,Eastern Samar,0802603000,psgc_2023,0.9909900083689659,Balangkayan,30758251B6169663135136
0802604000,City of Borongan,Eastern Samar,0802604000,psgc_2023,0.9839956391204285,City of Borongan,30758251B61840660788095
0802605000,Can-Avid,Eastern Samar,0802605000,psgc_2023,0.9927084495354542,Can-Avid,30758251B46263107498395
0802606000,Dolores,Eastern Samar,0802606000,psgc_2023,0.984654091865875,Dolores,30758251B31835397276325
0802607000,General Macarthur,Eastern Samar,0802607000,psgc_2023,0.994150501008348,General Macarthur,30758251B5011416197565
0802608000,Giporlos,Eastern Samar,0802608000,psgc_2023,0.9676386565772679,Giporlos,30758251B47161920235614
0802609000,Guiuan,Eastern Samar,0802609000,psgc_2023,0.9386840452483995,Guiuan,30758251B8605702349500
0802610000,Hernani,Eastern Samar,0802610000,psgc_2023,0.98001851138849,Hernani,30758251B18761351283362
0802611000,Jipapad,Eastern Samar,0802611000,psgc_2023,0.9959725779291291,Jipapad,30758251B3386808803245
0802612000,Lawaan,Eastern Samar,0802612000,psgc_2023,0.9870136166609658,Lawaan,30758251B65037110822502
0802613000,Llorente,Eastern Samar,0802613000,psgc_2023,0.989522897509569,Llorente,30758251B87885141152739
0802614000,Maslog,Eastern Samar,0802614000,psgc_2023,0.9999999999999372,Maslog,30758251B79184445899981
0802615000,Maydolong,Eastern Samar,0802615000,psgc_2023,0.9760306898559985,Maydolong,30758251B86931213691838
0802616000,Mercedes,Eastern Samar,0802616000,psgc_2023,0.9425425537381907,Mercedes,30758251B8037839507759
0802617000,Oras,Eastern Samar,0802617000,psgc_2023,0.9787279263821849,Oras,30758251B40857898925214
0802618000,Quinapondan,Eastern Samar,0802618000,psgc_2023,0.9510453055566295,Quinapondan,30758251B60423971043465
0802619000,Salcedo,Eastern Samar,0802619000,psgc_2023,0.9457377068657881,Salcedo,30758251B82046002128409
0802620000,San Julian,Eastern Samar,0802620000,psgc_2023,0.9793451344075846,San Julian,30758251B21603188219490
0802621000,San Policarpo,Eastern Samar,0802621000,psgc_2023,0.9385774251545166,San Policarpo,30758251B47796682261112
0802622000,Sulat,Eastern Samar,0802622000,psgc_2023,0.9726460223487586,Sulat,30758251B57281878639080
0802623000,Taft,Eastern Samar,0802623000,psgc_2023,0.9930014161795999,Taft,30758251B89849100506536
0803701000,Abuyog,Leyte,0803701000,psgc_2023,0.9669295832183099,Abuyog,30758251B81175267079447
0803702000,Alangalang,Leyte,0803702000,psgc_2023,0.9657312028146579,Alangalang,30758251B38736702878082
0803703000,Albuera,Leyte,0803703000,psgc_2023,0.9028216711413041,Albuera,30758251B11804933654740
0803705000,Babatngon,Leyte,0803705000,psgc_2023,0.89864006598279,Babatngon,30758251B27390035321590
0803706000,Barugo,Leyte,0803706000,psgc_2023,0.9482990180039719,Barugo,30758251B73848708604479
0803707000,Bato,Leyte,0803707000,psgc_2023,0.941270451536177,Bato,30758251B44738952575506
0803708000,City of Baybay,Leyte,0803708000,psgc_2023,0.9818494789210905,City of Baybay,30758251B61274327413836
0803710000,Burauen,Leyte,0803710000,psgc_2023,0.9698475467079902,Burauen,30758251B61445932761902
0803713000,Calubian,Leyte,0803713000,psgc_2023,0.9366566865714485,Calubian,30758251B52091870705426
0803714000,Capoocan,Leyte,0803714000,psgc_2023,0.9444969167313607,Capoocan,30758251B31180548871789
0803715000,Carigara,Leyte,0803715000,psgc_2023,0.9474023848614805,Carigara,30758251B92546384730836
0803717000,Dagami,Leyte,0803717000,psgc_2023,0.950778230522412,Dagami,30758251B13983077797037
0803718000,Dulag,Leyte,0803718000,psgc_2023,0.9533439414085415,Dulag,30758251B77666141222406
0803719000,Hilongos,Leyte,0803719000,psgc_2023,0.9739459566032095,Hilongos,30758251B37838993225382
0803720000,Hindang,Leyte,0803720000,psgc_2023,0.9141407241027665,Hindang,30758251B17180324987821
0803721000,Inopacan,Leyte,0803721000,psgc_2023,0.9765403291977255,Inopacan,30758251B13281024450255
0803722000,Isabel,Leyte,0803722000,psgc_2023,0.9341687661031246,Isabel,30758251B66309478390773
0803723000,Jaro,Leyte,0803723000,psgc_2023,0.9798685155212473,Jaro,30758251B31607776029367
0803724000,Javier,Leyte,0803724000,psgc_2023,0.9655054325899513,Javier,30758251B22456441095826
0803725000,Julita,Leyte,0803725000,psgc_2023,0.8691662338612707,Julita,30758251B74015938494107
0803726000,Kananga,Leyte,0803726000,psgc_2023,0.965171515718133,Kananga,30758251B53830839565140
0803728000,La Paz,Leyte,0803728000,psgc_2023,0.9628738929123237,La Paz,30758251B82108511647872
0803729000,Leyte,Leyte,0803729000,psgc_2023,0.9429888350847672,Leyte,30758251B54522100814459
0803730000,Macarthur,Leyte,0803730000,psgc_2023,0.9094382372899462,Macarthur,30758251B77941954478324
0803731000,Mahaplag,Leyte,0803731000,psgc_2023,0.9649985898708182,Mahaplag,30758251B53299169307039
0803733000,Matag-Ob,Leyte,0803733000,psgc_2023,0.8857289907358092,Matag-Ob,30758251B7001244138543
0803734000,Matalom,Leyte,0803734000,psgc_2023,0.949501189828354,Matalom,30758251B63219387399885
0803735000,Mayorga,Leyte,0803735000,psgc_2023,0.9542482530051275,Mayorga,30758251B74052272579955
0803736000,Merida,Leyte,0803736000,psgc_2023,0.9643359980502066,Merida,30758251B46049893154775
0803738000,Ormoc City,Leyte,0803738000,psgc_2023,0.9719916891474569,Ormoc City,30758251B1816344190060
0803739000,Palo,Leyte,0803739000,psgc_2023,0.9398267917471044,Palo,30758251B51106013355416
0803740000,Palompon,Leyte,0803740000,psgc_2023,0.9418380254202974,Palompon,30758251B8293978428983
0803741000,Pastrana,Leyte,0803741000,psgc_2023,0.9026821178864617,Pastrana,30758251B82059791961546
0803742000,San Isidro,Leyte,0803742000,psgc_2023,0.9316110666322085,San Isidro,30758251B32087476029019
0803743000,San Miguel,Leyte,0803743000,psgc_2023,0.9726486973493937,San Miguel,30758251B97929840580088
0803744000,Santa Fe,Leyte,0803744000,psgc_2023,0.932416448868378,Santa Fe,30758251B55130603970055
0803745000,Tabango,Leyte,0803745000,psgc_2023,0.9460403313720038,Tabango,30758251B44411558078275
0803746000,Tabontabon,Leyte,0803746000,psgc_2023,0.9064682852743824,Tabontabon,30758251B90175642638502
0803748000,Tanauan,Leyte,0803748000,psgc_2023,0.9658804067273055,Tanauan,30758251B62897861368314
0803749000,Tolosa,Leyte,0803749000,psgc_2023,0.9082151529272802,Tolosa,30758251B19674249606100
0803750000,Tunga,Leyte,0803750000,psgc_2023,0.8900165365376967,Tunga,30758251B11076364092918
0803751000,Villaba,Leyte,0803751000,psgc_2023,0.9530617997714019,Villaba,30758251B15953563555760
0804801000,Allen,Northern Samar,0804801000,psgc_2023,0.9760415997864256,Allen,30758251B86813203852202
0804802000,Biri,Northern Samar,0804802000,psgc_2023,0.8127793114196779,Biri,30758251B50768173933099
0804803000,Bobon,Northern Samar,0804803000,psgc_2023,0.9952408492547531,Bobon,30758251B19042362786959
0804804000,Capul,Northern Samar,0804804000,psgc_2023,0.958410057819342,Capul,30758251B12334515375978
0804805000,Catarman,Northern Samar,0804805000,psgc_2023,0.9972977620011009,Catarman,30758251B24379666600488
0804806000,Catubig,Northern Samar,0804806000,psgc_2023,0.9969534139759597,Catubig,30758251B43565133772096
0804807000,Gamay,Northern Samar,0804807000,psgc_2023,0.9587650118692383,Gamay,30758251B17484935798216
0804808000,Laoang,Northern Samar,0804808000,psgc_2023,0.9532843035003637,Laoang,30758251B78542245138850
0804809000,Lapinig,Northern Samar,0804809000,psgc_2023,0.9404915684716149,Lapinig,30758251B42933418664743
0804810000,Las Navas,Northern Samar,0804810000,psgc_2023,0.9990087611347458,Las Navas,30758251B72126946783410
0804811000,Lavezares,Northern Samar,0804811000,psgc_2023,0.9530100459088777,Lavezares,30758251B52108501680053
0804812000,Mapanas,Northern Samar,0804812000,psgc_2023,0.9886597015349152,Mapanas,30758251B3392253893476
0804813000,Mondragon,Northern Samar,0804813000,psgc_2023,0.9954203264556943,Mondragon,30758251B69132938674269
0804814000,Palapag,Northern Samar,0804814000,psgc_2023,0.9798226183179408,Palapag,30758251B29582311429620
0804815000,Pambujan,Northern Samar,0804815000,psgc_2023,0.9833557412364375,Pambujan,30758251B92777657230782
0804816000,Rosario,Northern Samar,0804816000,psgc_2023,0.9476917404823416,Rosario,30758251B57957454535676
0804817000,San Antonio,Northern Samar,0804817000,psgc_2023,0.9719569458837041,San Antonio,30758251B11679002524911
0804818000,San Isidro,Northern Samar,0804818000,psgc_2023,0.9920395426430666,San Isidro,30758251B77998286980481
0804819000,San Jose,Northern Samar,0804819000,psgc_2023,0.9527809373360276,San Jose,30758251B10201134015189
0804820000,San Roque,Northern Samar,0804820000,psgc_2023,0.9934690588553934,San Roque,30758251B86398420362448
0804821000,San Vicente,Northern Samar,0804821000,psgc_2023,0.7028656427210753,San Vicente,30758251B91795830779635
0804822000,Silvino Lobos,Northern Samar,0804822000,psgc_2023,0.9985121478692627,Silvino Lobos,30758251B29144109158382
0804823000,Victoria,Northern Samar,0804823000,psgc_2023,0.9971081364354781,Victoria,30758251B37626690235270
0804824000,Lope De Vega,Northern Samar,0804824000,psgc_2023,0.9970236792986189,Lope de Vega,30758251B79599023717940
0806001000,Almagro,Samar,0806001000,psgc_2023,0.8533048547931351,Almagro,30758251B62763847596036
0806002000,Basey,Samar,0806002000,psgc_2023,0.9952715734715191,Basey,30758251B78925795959528
0806003000,City of Calbayog,Samar,0806003000,psgc_2023,0.9448975150289685,Calbayog City,30758251B92850457392749
0806004000,Calbiga,Samar,0806004000,psgc_2023,0.9921823382909916,Calbiga,30758251B52241062609421
0806005000,City of Catbalogan,Samar,0806005000,psgc_2023,0.9475428807426298,City of Catbalogan,30758251B23519074715722
0806006000,Daram,Samar,0806006000,psgc_2023,0.8580508081683891,Daram,30758251B25296236065904
0806007000,Gandara,Samar,0806007000,psgc_2023,0.9839798829201152,Gandara,30758251B43460627000886
0806008000,Hinabangan,Samar,0806008000,psgc_2023,0.9988543323131536,Hinabangan,30758251B88381936723450
0806009000,Jiabong,Samar,0806009000,psgc_2023,0.9915979101265919,Jiabong,30758251B52066586264762
0806010000,Marabut,Samar,0806010000,psgc_2023,0.9810724433129087,Marabut,30758251B18248715121264
0806011000,Matuguinao,Samar,0806011000,psgc_2023,0.9972944166020891,Matuguinao,30758251B77480200556466
0806012000,Motiong,Samar,0806012000,psgc_2023,0.9876500665507738,Motiong,30758251B53239808829996
0806013000,Pinabacdao,Samar,0806013000,psgc_2023,0.9806868701895797,Pinabacdao,30758251B19885321838697
0806014000,San Jose De Buan,Samar,0806014000,psgc_2023,0.9981317213801705,San Jose de Buan,30758251B2174806503043
0806015000,San Sebastian,Samar,0806015000,psgc_2023,0.9620605201553893,San Sebastian,30758251B33150599436259
0806016000,Santa Margarita,Samar,0806016000,psgc_2023,0.9773092838453765,Santa Margarita,30758251B28755441932739
0806017000,Santa Rita,Samar,0806017000,psgc_2023,0.9786455562058476,Santa Rita,30758251B90426187241900
0806018000,Santo Niño,Samar,0806018000,psgc_2023,0.9161495346222395,Santo Niño,30758251B44822777558678
0806019000,Talalora,Samar,0806019000,psgc_2023,0.922552023632627,Talalora,30758251B86357698705510
0806020000,Tarangnan,Samar,0806020000,psgc_2023,0.8802873114552704,Tarangnan,30758251B73510515147847
0806021000,Villareal,Samar,0806021000,psgc_2023,0.9628850495772839,Villareal,30758251B46461553875736
0806022000,Paranas,Samar,0806022000,psgc_2023,0.9978148161512668,Paranas,30758251B18990689363723
0806023000,Zumarraga,Samar,0806023000,psgc_2023,0.8596259276384733,Zumarraga,30758251B11531156281441
0806024000,Tagapul-An,Samar,0806024000,psgc_2023,0.8702144067386202,Tagapul-An,30758251B40850972674347
0806025000,San Jorge,Samar,0806025000,psgc_2023,0.9953594273045362,San Jorge,30758251B41693940821032
0806026000,Pagsanghan,Samar,0806026000,psgc_2023,0.9416273419904228,Pagsanghan,30758251B36695147423118
0806401000,Anahawan,Southern Leyte,0806401000,psgc_2023,0.9503073357292138,Anahawan,30758251B50971067680137
0806402000,Bontoc,Southern Leyte,0806402000,psgc_2023,0.9585221319942765,Bontoc,30758251B70592757295624
0806403000,Hinunangan,Southern Leyte,0806403000,psgc_2023,0.95895363612641,Hinunangan,30758251B4150002461328
0806404000,Hinundayan,Southern Leyte,0806404000,psgc_2023,0.9568100238498612,Hinundayan,30758251B12213073704720
0806405000,Libagon,Southern Leyte,0806405000,psgc_2023,0.9640665203485225,Libagon,30758251B60286759991211
0806406000,Liloan,Southern Leyte,0806406000,psgc_2023,0.9391855313088633,Liloan,30758251B45888334314772
0806407000,City of Maasin,Southern Leyte,0806407000,psgc_2023,0.968156543711395,City of Maasin,30758251B85894932916133
0806408000,Macrohon,Southern Leyte,0806408000,psgc_2023,0.963128091844706,Macrohon,30758251B90627939066361
0806409000,Malitbog,Southern Leyte,0806409000,psgc_2023,0.9580107507186182,Malitbog,30758251B61641990698835
0806410000,Padre Burgos,Southern Leyte,0806410000,psgc_2023,0.8598620341751366,Padre Burgos,30758251B8114176006660
0806411000,Pintuyan,Southern Leyte,0806411000,psgc_2023,0.9183000987278882,Pintuyan,30758251B24926147257713
0806412000,Saint Bernard,Southern Leyte,0806412000,psgc_2023,0.9626509510832293,Saint Bernard,30758251B59562860230196
0806413000,San Francisco,Southern Leyte,0806413000,psgc_2023,0.958956236042446,San Francisco,30758251B35565104649613
0806414000,San Juan,Southern Leyte,0806414000,psgc_2023,0.9464854456579334,San Juan,30758251B73769999089253
0806415000,San Ricardo,Southern Leyte,0806415000,psgc_2023,0.8994400198472783,San Ricardo,30758251B79188629047764
0806416000,Silago,Southern Leyte,0806416000,psgc_2023,0.9642791971229193,Silago,30758251B57100222016939
0806417000,Sogod,Southern Leyte,0806417000,psgc_2023,0.9797888501688194,Sogod,30758251B13747574459932
0806418000,Tomas Oppus,Southern Leyte,0806418000,psgc_2023,0.9682370947155139,Tomas Oppus,30758251B85501159636433
0806419000,Limasawa,Southern Leyte,,exact_name_fallback,1.0,Limasawa,30758251B36088332034654
0807801000,Almeria,Biliran,0807801000,psgc_2023,0.9795282479320975,Almeria,30758251B98955445263578
0807802000,Biliran,Biliran,0807802000,psgc_2023,0.9659459745720873,Biliran,30758251B37933220660313
0807803000,Cabucgayan,Biliran,0807803000,psgc_2023,0.975956128544882,Cabucgayan,30758251B20986517897905
0807804000,Caibiran,Biliran,0807804000,psgc_2023,0.9921581600769073,Caibiran,30758251B99920765842954
0807805000,Culaba,Biliran,0807805000,psgc_2023,0.9918082301400989,Culaba,30758251B30642556659675
0807806000,Kawayan,Biliran,0807806000,psgc_2023,0.9791183231297335,Kawayan,30758251B8567920609742
0807807000,Maripipi,Biliran,0807807000,psgc_2023,0.9562143222509597,Maripipi,30758251B63788725325485
0807808000,Naval,Biliran,0807808000,psgc_2023,0.9871540388664736,Naval,30758251B90743760896034
0831600000,City of Tacloban,,,exact_name_fallback,1.0,Tacloban City,30758251B91438906819435
0906601000,Indanan,Sulu,1906601000,psgc_suffix_recode,0.9918797389089649,Indanan,30758251B37968435117348
0906602000,Jolo,Sulu,1906602000,psgc_suffix_recode,0.8542239427302124,Jolo,30758251B6152572202720
0906603000,Kalingalan Caluang,Sulu,1906603000,psgc_suffix_recode,0.9617543287197965,Kalingalan Caluang,30758251B85762741475135
0906604000,Luuk,Sulu,1906604000,psgc_suffix_recode,0.9735196184387355,Luuk,30758251B79708482741218
0906605000,Maimbung,Sulu,1906605000,psgc_suffix_recode,0.9827976129708591,Maimbung,30758251B63613625275095
0906606000,Hadji Panglima Tahil,Sulu,1906606000,psgc_suffix_recode,0.7714770247511361,Hadji Panglima Tahil,30758251B601129617006
0906607000,Old Panamao,Sulu,1906607000,psgc_suffix_recode,0.9730241859427883,Old Panamao,30758251B65890352724809
0906608000,Pangutaran,Sulu,1906608000,psgc_suffix_recode,0.9320833106305303,Pangutaran,30758251B88112004605587
0906609000,Parang,Sulu,1906609000,psgc_suffix_recode,0.9826257322090699,Parang,30758251B98986397597195
0906610000,Pata,Sulu,1906610000,psgc_suffix_recode,0.9284780854533603,Pata,30758251B40198197146661
0906611000,Patikul,Sulu,1906611000,psgc_suffix_recode,0.986568965012391,Patikul,30758251B17062132428869
0906612000,Siasi,Sulu,1906612000,psgc_suffix_recode,0.9342179198702598,Siasi,30758251B23569127629826
0906613000,Talipao,Sulu,1906613000,psgc_suffix_recode,0.9839348929103029,Talipao,30758251B8853011619567
0906614000,Tapul,Sulu,1906614000,psgc_suffix_recode,0.9514579234873861,Tapul,30758251B28052169976686
0906615000,Tongkil,Sulu,1906615000,psgc_suffix_recode,0.9359782184563976,Tongkil,30758251B33441090905247
0906616000,Panglima Estino,Sulu,1906616000,psgc_suffix_recode,0.9620027027900475,Panglima Estino,30758251B52159979658114
0906617000,Lugus,Sulu,1906617000,psgc_suffix_recode,0.9782362951374858,Lugus,30758251B22378497059008
0906618000,Pandami,Sulu,1906618000,psgc_suffix_recode,0.9194049763368899,Pandami,30758251B13625365204801
0906619000,Omar,Sulu,1906619000,psgc_suffix_recode,0.9677307606351475,Omar,30758251B75233639542630
0907201000,City of Dapitan,Zamboanga del Norte,0907201000,psgc_2023,0.839847507351505,Dapitan City,30758251B49459583428194
0907202000,City of Dipolog,Zamboanga del Norte,0907202000,psgc_2023,0.8423674721077097,Dipolog City,30758251B60905817036079
0907203000,Katipunan,Zamboanga del Norte,0907203000,psgc_2023,0.9297649358424231,Katipunan,30758251B18595883593255
0907204000,La Libertad,Zamboanga del Norte,0907204000,psgc_2023,0.9041624627998811,La Libertad,30758251B93914405160139
0907205000,Labason,Zamboanga del Norte,0907205000,psgc_2023,0.9067682453076948,Labason,30758251B51865207442230
0907206000,Liloy,Zamboanga del Norte,0907206000,psgc_2023,0.9242394535257207,Liloy,30758251B11032653641331
0907207000,Manukan,Zamboanga del Norte,0907207000,psgc_2023,0.9455016491573031,Manukan,30758251B97904836574125
0907208000,Mutia,Zamboanga del Norte,0907208000,psgc_2023,0.9189563029920222,Mutia,30758251B60788640606032
0907209000,Piñan,Zamboanga del Norte,0907209000,psgc_2023,0.9078922530048803,Piñan,30758251B87381090166982
0907210000,Polanco,Zamboanga del Norte,0907210000,psgc_2023,0.8938682696134149,Polanco,30758251B30208864425433
0907211000,Pres. Manuel A. Roxas,Zamboanga del Norte,0907211000,psgc_2023,0.9415376967819464,Pres. Manuel A. Roxas,30758251B77215368854954
0907212000,Rizal,Zamboanga del Norte,0907212000,psgc_2023,0.8923963663523079,Rizal,30758251B51207551824328
0907213000,Salug,Zamboanga del Norte,0907213000,psgc_2023,0.9026434066525233,Salug,30758251B25584816904364
0907214000,Sergio Osmeña Sr.,Zamboanga del Norte,0907214000,psgc_2023,0.9480224220896607,Sergio Osmeña Sr.,30758251B23961096815840
0907215000,Siayan,Zamboanga del Norte,0907215000,psgc_2023,0.948757036442882,Siayan,30758251B52177330412161
0907216000,Sibuco,Zamboanga del Norte,0907216000,psgc_2023,0.9564520795500784,Sibuco,30758251B37316162901000
0907217000,Sibutad,Zamboanga del Norte,0907217000,psgc_2023,0.8523681953225309,Sibutad,30758251B77317708716459
0907218000,Sindangan,Zamboanga del Norte,0907218000,psgc_2023,0.9247590144241586,Sindangan,30758251B6154104884701
0907219000,Siocon,Zamboanga del Norte,0907219000,psgc_2023,0.9625547160494978,Siocon,30758251B19142113970746
0907220000,Sirawai,Zamboanga del Norte,0907220000,psgc_2023,0.9467079347326048,Sirawai,30758251B10817239039383
0907221000,Tampilisan,Zamboanga del Norte,0907221000,psgc_2023,0.923485083510516,Tampilisan,30758251B71076710088383
0907222000,Jose Dalman,Zamboanga del Norte,0907222000,psgc_2023,0.8726542740715613,Jose Dalman,30758251B74426861931443
0907223000,Gutalac,Zamboanga del Norte,0907223000,psgc_2023,0.9635716948343941,Gutalac,30758251B48082338591842
0907224000,Baliguian,Zamboanga del Norte,0907224000,psgc_2023,0.963103431911724,Baliguian,30758251B7692415880789
0907225000,Godod,Zamboanga del Norte,0907225000,psgc_2023,0.9216862662610725,Godod,30758251B89591264310927
0907226000,Leon T. Postigo,Zamboanga del Norte,0907226000,psgc_2023,0.8518784618906151,Bacungan,30758251B32260816512976
0907227000,Kalawit,Zamboanga del Norte,0907227000,psgc_2023,0.9206989741738676,Kalawit,30758251B7226961948928
0907302000,Aurora,Zamboanga del Sur,0907302000,psgc_2023,0.9500562766560511,Aurora,30758251B42888071180552
0907303000,Bayog,Zamboanga del Sur,0907303000,psgc_2023,0.9622209842454528,Bayog,30758251B59554798235930
0907305000,Dimataling,Zamboanga del Sur,0907305000,psgc_2023,0.9278951558627528,Dimataling,30758251B41034873685539
0907306000,Dinas,Zamboanga del Sur,0907306000,psgc_2023,0.9265627197849651,Dinas,30758251B594167211487
0907307000,Dumalinao,Zamboanga del Sur,0907307000,psgc_2023,0.8907073618428367,Dumalinao,30758251B62522778225416
0907308000,Dumingag,Zamboanga del Sur,0907308000,psgc_2023,0.970747601972404,Dumingag,30758251B48283717723264
0907311000,Kumalarang,Zamboanga del Sur,0907311000,psgc_2023,0.9192238749633038,Kumalarang,30758251B95957584668077
0907312000,Labangan,Zamboanga del Sur,0907312000,psgc_2023,0.9306010421204487,Labangan,30758251B48134452570377
0907313000,Lapuyan,Zamboanga del Sur,0907313000,psgc_2023,0.9111045821011803,Lapuyan,30758251B80497082899051
0907315000,Mahayag,Zamboanga del Sur,0907315000,psgc_2023,0.9273085587735178,Mahayag,30758251B71752054377044
0907317000,Margosatubig,Zamboanga del Sur,0907317000,psgc_2023,0.8613357550768986,Margosatubig,30758251B50466921981235
0907318000,Midsalip,Zamboanga del Sur,0907318000,psgc_2023,0.9767374330796603,Midsalip,30758251B99594793921581
0907319000,Molave,Zamboanga del Sur,0907319000,psgc_2023,0.8807613235655248,Molave,30758251B2462905994621
0907322000,City of Pagadian,Zamboanga del Sur,0907322000,psgc_2023,0.8956238834091164,Pagadian City,30758251B1790743988013
0907323000,Ramon Magsaysay,Zamboanga del Sur,0907323000,psgc_2023,0.931772363428005,Ramon Magsaysay,30758251B76229894886518
0907324000,San Miguel,Zamboanga del Sur,0907324000,psgc_2023,0.8809507559906754,San Miguel,30758251B42660820836264
0907325000,San Pablo,Zamboanga del Sur,0907325000,psgc_2023,0.915772163766327,San Pablo,30758251B55565039957049
0907327000,Tabina,Zamboanga del Sur,0907327000,psgc_2023,0.9263753642745172,Tabina,30758251B85738071855177
0907328000,Tambulig,Zamboanga del Sur,0907328000,psgc_2023,0.9176741948094863,Tambulig,30758251B5826342611871
0907330000,Tukuran,Zamboanga del Sur,0907330000,psgc_2023,0.922080877796068,Tukuran,30758251B78511180315654
0907333000,Lakewood,Zamboanga del Sur,0907333000,psgc_2023,0.9515541978751549,Lakewood,30758251B31841005837627
0907337000,Josefina,Zamboanga del Sur,0907337000,psgc_2023,0.9094102045079356,Josefina,30758251B55586281438240
0907338000,Pitogo,Zamboanga del Sur,0907338000,psgc_2023,0.9123822721678,Pitogo,30758251B53666294650650
0907340000,Sominot,Zamboanga del Sur,0907340000,psgc_2023,0.9558749745342278,Sominot,30758251B55540509207637
0907341000,Vincenzo A. Sagun,Zamboanga del Sur,0907341000,psgc_2023,0.889379267841512,Vincenzo A. Sagun,30758251B17299372937208
0907343000,Guipos,Zamboanga del Sur,0907343000,psgc_2023,0.9220999214171359,Guipos,30758251B60460883633863
0907344000,Tigbao,Zamboanga del Sur,0907344000,psgc_2023,0.9343581240893931,Tigbao,30758251B50794150276979
0908301000,Alicia,Zamboanga Sibugay,0908301000,psgc_2023,0.9346160151036407,Alicia,30758251B13612495439826
0908302000,Buug,Zamboanga Sibugay,0908302000,psgc_2023,0.9732705677126428,Buug,30758251B28409609300430
0908303000,Diplahan,Zamboanga Sibugay,0908303000,psgc_2023,0.9686907017363431,Diplahan,30758251B34322639651214
0908304000,Imelda,Zamboanga Sibugay,0908304000,psgc_2023,0.9858096928071786,Imelda,30758251B32815216571406
0908305000,Ipil,Zamboanga Sibugay,0908305000,psgc_2023,0.9637025567883617,Ipil,30758251B28474923591497
0908306000,Kabasalan,Zamboanga Sibugay,0908306000,psgc_2023,0.9928452227599938,Kabasalan,30758251B34459554224587
0908307000,Mabuhay,Zamboanga Sibugay,0908307000,psgc_2023,0.8955950343784451,Mabuhay,30758251B304517824592
0908308000,Malangas,Zamboanga Sibugay,0908308000,psgc_2023,0.963231013419671,Malangas,30758251B36886201952428
0908309000,Naga,Zamboanga Sibugay,0908309000,psgc_2023,0.9543473407304626,Naga,30758251B51376414265318
0908310000,Olutanga,Zamboanga Sibugay,0908310000,psgc_2023,0.9074663285097638,Olutanga,30758251B14625941685603
0908311000,Payao,Zamboanga Sibugay,0908311000,psgc_2023,0.9590327493670316,Payao,30758251B95283612620202
0908312000,Roseller Lim,Zamboanga Sibugay,0908312000,psgc_2023,0.9775254516603797,Roseller Lim,30758251B92771593973960
0908313000,Siay,Zamboanga Sibugay,0908313000,psgc_2023,0.968889753488543,Siay,30758251B39691206671768
0908314000,Talusan,Zamboanga Sibugay,0908314000,psgc_2023,0.9058027644564921,Talusan,30758251B90880183130554
0908315000,Titay,Zamboanga Sibugay,0908315000,psgc_2023,0.9815116693468524,Titay,30758251B52799716309391
0908316000,Tungawan,Zamboanga Sibugay,0908316000,psgc_2023,0.9650207621014302,Tungawan,30758251B1423494903473
0931700000,City of Zamboanga,,,exact_name_fallback,1.0,Zamboanga City,30758251B72533691013640
0990101000,City of Isabela,,0990101000,psgc_2023,0.9533077363423639,City of Isabela,30758251B50898058307541
1001301000,Baungon,Bukidnon,1001301000,psgc_2023,0.8200742160550184,Baungon,30758251B91543365349468
1001302000,Damulog,Bukidnon,1001302000,psgc_2023,0.7374847222911274,Damulog,30758251B44194137496205
1001303000,Dangcagan,Bukidnon,1001303000,psgc_2023,0.2776595480121117,Dangcagan,30758251B18072792525553
1001304000,Don Carlos,Bukidnon,1001304000,psgc_2023,0.7278550942107258,Don Carlos,30758251B23482183544170
1001305000,Impasug-ong,Bukidnon,1001305000,psgc_2023,0.8625258392297528,Impasug-Ong,30758251B31062413410833
1001306000,Kadingilan,Bukidnon,1001306000,psgc_2023,0.6659847293883515,Kadingilan,30758251B72551161373279
1001307000,Kalilangan,Bukidnon,1001307000,psgc_2023,0.8249732304823448,Kalilangan,30758251B90333111031770
1001308000,Kibawe,Bukidnon,1001308000,psgc_2023,0.7635052793743059,Kibawe,30758251B47642407247948
1001309000,Kitaotao,Bukidnon,1001309000,psgc_2023,0.6938497534365491,Kitaotao,30758251B27484185939476
1001310000,Lantapan,Bukidnon,1001310000,psgc_2023,0.7973795925635128,Lantapan,30758251B78096045892022
1001311000,Libona,Bukidnon,1001311000,psgc_2023,0.8832255257423844,Libona,30758251B81134732290270
1001312000,City of Malaybalay,Bukidnon,1001312000,psgc_2023,0.8958690111130283,City of Malaybalay,30758251B76449290595635
1001313000,Malitbog,Bukidnon,1001313000,psgc_2023,0.8834787034194329,Malitbog,30758251B65164571615960
1001314000,Manolo Fortich,Bukidnon,1001314000,psgc_2023,0.7743150114867942,Manolo Fortich,30758251B91517890281071
1001315000,Maramag,Bukidnon,1001315000,psgc_2023,0.7871887193759421,Maramag,30758251B78250748113163
1001316000,Pangantucan,Bukidnon,1001316000,psgc_2023,0.7681449782504861,Pangantucan,30758251B9726428563966
1001317000,Quezon,Bukidnon,1001317000,psgc_2023,0.8782990087385786,Quezon,30758251B38532237167277
1001318000,San Fernando,Bukidnon,1001318000,psgc_2023,0.8913955770609661,San Fernando,30758251B46034160677893
1001319000,Sumilao,Bukidnon,1001319000,psgc_2023,0.6228466109514984,Sumilao,30758251B73067022370272
1001320000,Talakag,Bukidnon,1001320000,psgc_2023,0.8843243581593245,Talakag,30758251B9853646078863
1001321000,City of Valencia,Bukidnon,1001321000,psgc_2023,0.804468017403661,City of Valencia,30758251B14642104709520
1001322000,Cabanglasan,Bukidnon,1001322000,psgc_2023,0.8397444156731411,Cabanglasan,30758251B28443566595349
1001801000,Catarman,Camiguin,1001801000,psgc_2023,0.9735260422318746,Catarman,30758251B68829340121429
1001802000,Guinsiliban,Camiguin,1001802000,psgc_2023,0.9563133932572696,Guinsiliban,30758251B21564846975924
1001803000,Mahinog,Camiguin,1001803000,psgc_2023,0.9416736840292175,Mahinog,30758251B86747983524441
1001804000,Mambajao,Camiguin,1001804000,psgc_2023,0.9658592093541445,Mambajao,30758251B12439560069380
1001805000,Sagay,Camiguin,1001805000,psgc_2023,0.9759646080001213,Sagay,30758251B35093744189815
1003501000,Bacolod,Lanao del Norte,1003501000,psgc_2023,0.8885963862971055,Bacolod,30758251B88938828966286
1003502000,Baloi,Lanao del Norte,1003502000,psgc_2023,0.8187561141033037,Baloi,30758251B42664429348278
1003503000,Baroy,Lanao del Norte,1003503000,psgc_2023,0.7963655397424472,Baroy,30758251B76540216392375
1003505000,Kapatagan,Lanao del Norte,1003505000,psgc_2023,0.831937450761985,Kapatagan,30758251B5960415358541
1003506000,Sultan Naga Dimaporo,Lanao del Norte,1003506000,psgc_2023,0.9073261959794027,Sultan Naga Dimaporo,30758251B14443513996213
1003507000,Kauswagan,Lanao del Norte,1003507000,psgc_2023,0.8906456624779818,Kauswagan,30758251B96621040658927
1003508000,Kolambugan,Lanao del Norte,1003508000,psgc_2023,0.8597436680683908,Kolambugan,30758251B3312801270328
1003509000,Lala,Lanao del Norte,1003509000,psgc_2023,0.8577803116364849,Lala,30758251B567381861436
1003510000,Linamon,Lanao del Norte,1003510000,psgc_2023,0.822886273873811,Linamon,30758251B24976028486975
1003511000,Magsaysay,Lanao del Norte,1003511000,psgc_2023,0.9123041386371423,Magsaysay,30758251B29100937792842
1003512000,Maigo,Lanao del Norte,1003512000,psgc_2023,0.9124241616511631,Maigo,30758251B26344522588014
1003513000,Matungao,Lanao del Norte,1003513000,psgc_2023,0.8405877308926242,Matungao,30758251B94799863619099
1003514000,Munai,Lanao del Norte,1003514000,psgc_2023,0.8793752192833582,Munai,30758251B37378532306958
1003515000,Nunungan,Lanao del Norte,1003515000,psgc_2023,0.9627210462711152,Nunungan,30758251B62040614527606
1003516000,Pantao Ragat,Lanao del Norte,1003516000,psgc_2023,0.7769245043162074,Pantao Ragat,30758251B88051795760409
1003517000,Poona Piagapo,Lanao del Norte,1003517000,psgc_2023,0.867008840203321,Poona Piagapo,30758251B94898862144626
1003518000,Salvador,Lanao del Norte,1003518000,psgc_2023,0.8955961969370334,Salvador,30758251B95343265126555
1003519000,Sapad,Lanao del Norte,1003519000,psgc_2023,0.9519604946171192,Sapad,30758251B14328292904439
1003520000,Tagoloan,Lanao del Norte,1003520000,psgc_2023,0.8360894085101804,Tagoloan,30758251B31735724030097
1003521000,Tangcal,Lanao del Norte,1003521000,psgc_2023,0.8812075159976068,Tangcal,30758251B13536132909191
1003522000,Tubod,Lanao del Norte,1003522000,psgc_2023,0.9327473064657112,Tubod,30758251B32418531093012
1003523000,Pantar,Lanao del Norte,1003523000,psgc_2023,0.8721273061815112,Pantar,30758251B51045163388454
1004201000,Aloran,Misamis Occidental,1004201000,psgc_2023,0.97870925435542,Aloran,30758251B1496466702650
1004202000,Baliangao,Misamis Occidental,1004202000,psgc_2023,0.8600701296287261,Baliangao,30758251B50733034993450
1004203000,Bonifacio,Misamis Occidental,1004203000,psgc_2023,0.9602723193568358,Bonifacio,30758251B60625731209278
1004204000,Calamba,Misamis Occidental,1004204000,psgc_2023,0.908168638237489,Calamba,30758251B38454925088266
1004205000,Clarin,Misamis Occidental,1004205000,psgc_2023,0.956929905183201,Clarin,30758251B31984584042380
1004206000,Concepcion,Misamis Occidental,1004206000,psgc_2023,0.9843754252750869,Concepcion,30758251B3631581313849
1004207000,Jimenez,Misamis Occidental,1004207000,psgc_2023,0.9770067525085706,Jimenez,30758251B22229559991864
1004208000,Lopez Jaena,Misamis Occidental,1004208000,psgc_2023,0.9313466773063848,Lopez Jaena,30758251B19550619139751
1004209000,City of Oroquieta,Misamis Occidental,1004209000,psgc_2023,0.9138642118853862,Oroquieta City,30758251B21111304793302
1004210000,City of Ozamiz,Misamis Occidental,1004210000,psgc_2023,0.9206765752948872,Ozamis City,30758251B14984139746024
1004211000,Panaon,Misamis Occidental,1004211000,psgc_2023,0.9610555663134196,Panaon,30758251B9114998875837
1004212000,Plaridel,Misamis Occidental,1004212000,psgc_2023,0.934520188483314,Plaridel,30758251B14038630284762
1004213000,Sapang Dalaga,Misamis Occidental,1004213000,psgc_2023,0.9309888297979056,Sapang Dalaga,30758251B34562602279691
1004214000,Sinacaban,Misamis Occidental,1004214000,psgc_2023,0.9631530808134305,Sinacaban,30758251B1320501387506
1004215000,City of Tangub,Misamis Occidental,1004215000,psgc_2023,0.9267635496614784,Tangub City,30758251B94833181207773
1004216000,Tudela,Misamis Occidental,1004216000,psgc_2023,0.9672230609850834,Tudela,30758251B16989833682874
1004217000,Don Victoriano,Misamis Occidental,1004217000,psgc_2023,0.9417423627159773,Don Victoriano Chiongbian,30758251B80577105292745
1004301000,Alubijid,Misamis Oriental,1004301000,psgc_2023,0.9539668972096711,Alubijid,30758251B57638721567821
1004302000,Balingasag,Misamis Oriental,1004302000,psgc_2023,0.9682825167473046,Balingasag,30758251B89920779380435
1004303000,Balingoan,Misamis Oriental,1004303000,psgc_2023,0.9485968577610693,Balingoan,30758251B15976206573830
1004304000,Binuangan,Misamis Oriental,1004304000,psgc_2023,0.8841264103567873,Binuangan,30758251B3184614233834
1004306000,Claveria,Misamis Oriental,1004306000,psgc_2023,0.9808667090509737,Claveria,30758251B11514350651631
1004307000,City of El Salvador,Misamis Oriental,1004307000,psgc_2023,0.9423599246887014,City of El Salvador,30758251B95012550758100
1004308000,City of Gingoog,Misamis Oriental,1004308000,psgc_2023,0.931716241162099,Gingoog City,30758251B50272554753813
1004309000,Gitagum,Misamis Oriental,1004309000,psgc_2023,0.8976583775053605,Gitagum,30758251B94185285584532
1004310000,Initao,Misamis Oriental,1004310000,psgc_2023,0.9482504525120422,Initao,30758251B80690323634342
1004311000,Jasaan,Misamis Oriental,1004311000,psgc_2023,0.9358397803976862,Jasaan,30758251B39123784271548
1004312000,Kinoguitan,Misamis Oriental,1004312000,psgc_2023,0.876997097149616,Kinoguitan,30758251B13310672985701
1004313000,Lagonglong,Misamis Oriental,1004313000,psgc_2023,0.9283571873835116,Lagonglong,30758251B39407918628756
1004314000,Laguindingan,Misamis Oriental,1004314000,psgc_2023,0.8531610533666314,Laguindingan,30758251B58271387276311
1004315000,Libertad,Misamis Oriental,1004315000,psgc_2023,0.8724429250814261,Libertad,30758251B5677349305773
1004316000,Lugait,Misamis Oriental,1004316000,psgc_2023,0.9143061693716162,Lugait,30758251B84426536224675
1004317000,Magsaysay,Misamis Oriental,1004317000,psgc_2023,0.9090577341276894,Magsaysay,30758251B13497952393184
1004318000,Manticao,Misamis Oriental,1004318000,psgc_2023,0.9362696067178369,Manticao,30758251B43824283052745
1004319000,Medina,Misamis Oriental,1004319000,psgc_2023,0.9735877229873164,Medina,30758251B92857064052430
1004320000,Naawan,Misamis Oriental,1004320000,psgc_2023,0.9032231880408692,Naawan,30758251B17528257710652
1004321000,Opol,Misamis Oriental,1004321000,psgc_2023,0.9335512564320326,Opol,30758251B86101601780662
1004322000,Salay,Misamis Oriental,1004322000,psgc_2023,0.9254373228035515,Salay,30758251B15148484071788
1004323000,Sugbongcogon,Misamis Oriental,1004323000,psgc_2023,0.7875911557878446,Sugbongcogon,30758251B3395972457571
1004324000,Tagoloan,Misamis Oriental,1004324000,psgc_2023,0.9040907455180337,Tagoloan,30758251B37072481899961
1004325000,Talisayan,Misamis Oriental,1004325000,psgc_2023,0.907042568389623,Talisayan,30758251B39966833808365
1004326000,Villanueva,Misamis Oriental,1004326000,psgc_2023,0.8945165357946625,Villanueva,30758251B51268323762780
1030500000,City of Cagayan De Oro,,,exact_name_fallback,1.0,Cagayan de Oro City,30758251B39075055047299
1030900000,City of Iligan,,,exact_name_fallback,1.0,Iligan City,30758251B60585960850519
1102301000,Asuncion,Davao del Norte,1102301000,psgc_2023,0.8802655653866702,Asuncion,30758251B59271443451112
1102303000,Carmen,Davao del Norte,1102303000,psgc_2023,0.801138310410633,Carmen,30758251B47651243569534
1102305000,Kapalong,Davao del Norte,1102305000,psgc_2023,0.9728149831895478,Kapalong,30758251B22055924876958
1102314000,New Corella,Davao del Norte,1102314000,psgc_2023,0.9484704942058814,New Corella,30758251B18086512348709
1102315000,City of Panabo,Davao del Norte,1102315000,psgc_2023,0.8295884245714202,City of Panabo,30758251B20816186537090
1102317000,Island Garden City of Samal,Davao del Norte,1102317000,psgc_2023,0.9261777713598084,Island Garden City of Samal,30758251B53725271357077
1102318000,Santo Tomas,Davao del Norte,1102318000,psgc_2023,0.9424129744611981,Santo Tomas,30758251B62038798253174
1102319000,City of Tagum,Davao del Norte,1102319000,psgc_2023,0.9060965733323897,City of Tagum,30758251B25170008390242
1102322000,Talaingod,Davao del Norte,1102322000,psgc_2023,0.9808586342361849,Talaingod,30758251B46658286937241
1102323000,Braulio E. Dujali,Davao del Norte,1102323000,psgc_2023,0.889476669348685,Braulio E. Dujali,30758251B86343001411364
1102324000,Sawata,Davao del Norte,1102324000,psgc_2023,0.8362500284197254,San Isidro,30758251B62827457418390
1102401000,Bansalan,Davao del Sur,1102401000,psgc_2023,0.9335267218342552,Bansalan,30758251B94111877076354
1102403000,City of Digos,Davao del Sur,1102403000,psgc_2023,0.9408098513418997,City of Digos,30758251B37940079293920
1102404000,Hagonoy,Davao del Sur,1102404000,psgc_2023,0.919458949406738,Hagonoy,30758251B84991052753550
1102406000,Kiblawan,Davao del Sur,1102406000,psgc_2023,0.9315665759753098,Kiblawan,30758251B42762202813142
1102407000,Magsaysay,Davao del Sur,1102407000,psgc_2023,0.9021546472189634,Magsaysay,30758251B7007056316078
1102408000,Malalag,Davao del Sur,1102408000,psgc_2023,0.8015835833737383,Malalag,30758251B68095792483419
1102410000,Matanao,Davao del Sur,1102410000,psgc_2023,0.8949733208318826,Matanao,30758251B81793772797078
1102411000,Padada,Davao del Sur,1102411000,psgc_2023,0.8329819344063716,Padada,30758251B89871555500017
1102412000,Santa Cruz,Davao del Sur,1102412000,psgc_2023,0.9268508059517755,Santa Cruz,30758251B32027532063507
1102414000,Sulop,Davao del Sur,1102414000,psgc_2023,0.8616145193688837,Sulop,30758251B13327094126549
1102501000,Baganga,Davao Oriental,1102501000,psgc_2023,0.9895719335286453,Baganga,30758251B81458343077518
1102502000,Banaybanay,Davao Oriental,1102502000,psgc_2023,0.9685700379708523,Banaybanay,30758251B66367900231953
1102503000,Boston,Davao Oriental,1102503000,psgc_2023,0.9815838252392484,Boston,30758251B89535057539621
1102504000,Caraga,Davao Oriental,1102504000,psgc_2023,0.9859482401853679,Caraga,30758251B30963365293977
1102505000,Cateel,Davao Oriental,1102505000,psgc_2023,0.9904849522976544,Cateel,30758251B26291993239666
1102506000,Governor Generoso,Davao Oriental,1102506000,psgc_2023,0.9656866530865188,Governor Generoso,30758251B26052866783325
1102507000,Lupon,Davao Oriental,1102507000,psgc_2023,0.9875737276009645,Lupon,30758251B17656251761086
1102508000,Manay,Davao Oriental,1102508000,psgc_2023,0.9807032287024926,Manay,30758251B34106153734913
1102509000,City of Mati,Davao Oriental,1102509000,psgc_2023,0.9597759967795332,City of Mati,30758251B12017853165312
1102510000,San Isidro,Davao Oriental,1102510000,psgc_2023,0.9782780097623635,San Isidro,30758251B66429967063030
1102511000,Tarragona,Davao Oriental,1102511000,psgc_2023,0.9756521836430297,Tarragona,30758251B20946294001362
1108201000,Compostela,Davao de Oro,1108201000,psgc_2023,0.92930680290422,Compostela,30758251B65757950875468
1108202000,Laak,Davao de Oro,1108202000,psgc_2023,0.9362087912428456,Laak,30758251B53058125342017
1108203000,Mabini,Davao de Oro,1108203000,psgc_2023,0.8974380495949942,Mabini,30758251B75656498671536
1108204000,Maco,Davao de Oro,1108204000,psgc_2023,0.9355112000593245,Maco,30758251B86633802862160
1108205000,Maragusan,Davao de Oro,1108205000,psgc_2023,0.9505207592852953,Maragusan,30758251B64155899157503
1108206000,Mawab,Davao de Oro,1108206000,psgc_2023,0.8307046186612994,Mawab,30758251B59118009268807
1108207000,Monkayo,Davao de Oro,1108207000,psgc_2023,0.9270895394983439,Monkayo,30758251B4494045932219
1108208000,Montevista,Davao de Oro,1108208000,psgc_2023,0.8715737465649329,Montevista,30758251B50836718500018
1108209000,Nabunturan,Davao de Oro,1108209000,psgc_2023,0.897809687573323,Nabunturan,30758251B50660554192078
1108210000,New Bataan,Davao de Oro,1108210000,psgc_2023,0.9484671799115578,New Bataan,30758251B6353695056117
1108211000,Pantukan,Davao de Oro,1108211000,psgc_2023,0.9406324833181187,Pantukan,30758251B38682581601340
1108601000,Don Marcelino,Davao Occidental,1108601000,psgc_2023,0.9714046927874802,Don Marcelino,30758251B23945716504889
1108602000,Jose Abad Santos,Davao Occidental,1108602000,psgc_2023,0.9716984059022289,Jose Abad Santos,30758251B56235241433738
1108603000,Malita,Davao Occidental,1108603000,psgc_2023,0.9749516776446709,Malita,30758251B5730561223684
1108604000,Santa Maria,Davao Occidental,1108604000,psgc_2023,0.9230926626041006,Santa Maria,30758251B76454533552151
1108605000,Sarangani,Davao Occidental,1108605000,psgc_2023,0.8478539732937566,Sarangani,30758251B30572054464570
1130700000,City of Davao,,1130700000,psgc_2023,0.9314463138670166,Davao City,30758251B91191595931392
1204701000,Alamada,Cotabato,1204701000,psgc_2023,0.9458202426259086,Alamada,30758251B63018651662013
1204702000,Carmen,Cotabato,1204702000,psgc_2023,0.8648645455979022,Carmen,30758251B83077037303872
1204703000,Kabacan,Cotabato,1204703000,psgc_2023,0.5984228572677874,Kabacan,30758251B66785638029147
1204704000,City of Kidapawan,Cotabato,1204704000,psgc_2023,0.8132509833728407,City of Kidapawan,30758251B9885027532638
1204705000,Libungan,Cotabato,1204705000,psgc_2023,0.8975168686552586,Libungan,30758251B47879935938716
1204706000,Magpet,Cotabato,1204706000,psgc_2023,0.7388541909914994,Magpet,30758251B30333461100525
1204707000,Makilala,Cotabato,1204707000,psgc_2023,0.885872924961113,Makilala,30758251B62525191173605
1204708000,Matalam,Cotabato,1204708000,psgc_2023,0.8303822914767525,Matalam,30758251B90273698518481
1204709000,Midsayap,Cotabato,1204709000,psgc_2023,0.5661470120695298,Midsayap,30758251B93490978673816
1204710000,M'Lang,Cotabato,1204710000,psgc_2023,0.8951141407523344,M'Lang,30758251B49908679683614
1204711000,Pigkawayan,Cotabato,1204711000,psgc_2023,0.6742955453859489,Pigkawayan,30758251B51250033972328
1204712000,Pikit,Cotabato,,exact_name_fallback,1.0,Pikit,30758251B53620959433093
1204713000,President Roxas,Cotabato,1204713000,psgc_2023,0.6803229385848387,President Roxas,30758251B98236470208731
1204714000,Tulunan,Cotabato,1204714000,psgc_2023,0.7719751659839376,Tulunan,30758251B8851438482109
1204715000,Antipas,Cotabato,1204715000,psgc_2023,0.7827781903324414,Antipas,30758251B16129683048620
1204716000,Banisilan,Cotabato,1204716000,psgc_2023,0.8072475695929686,Banisilan,30758251B53381747521614
1204717000,Aleosan,Cotabato,1204717000,psgc_2023,0.641270230839942,Aleosan,30758251B12468151263439
1204718000,Arakan,Cotabato,1204718000,psgc_2023,0.8064519180445672,Arakan,30758251B95254028697179
1206302000,Banga,South Cotabato,1206302000,psgc_2023,0.8164885796442802,Banga,30758251B39871471381484
1206306000,City of Koronadal,South Cotabato,1206306000,psgc_2023,0.7918023039877915,City of Koronadal,30758251B58315289995703
1206311000,Norala,South Cotabato,1206311000,psgc_2023,0.7143427184252282,Norala,30758251B17201675365559
1206312000,Polomolok,South Cotabato,1206312000,psgc_2023,0.5102459524082591,Polomolok,30758251B55810614550213
1206313000,Surallah,South Cotabato,1206313000,psgc_2023,0.8117452179269362,Surallah,30758251B93806851609271
1206314000,Tampakan,South Cotabato,1206314000,psgc_2023,0.6829664879394964,Tampakan,30758251B98710232667232
1206315000,Tantangan,South Cotabato,1206315000,psgc_2023,0.6075335858680686,Tantangan,30758251B33466749011616
1206316000,T'Boli,South Cotabato,1206316000,psgc_2023,0.756849834060221,T'Boli,30758251B69092136683461
1206317000,Tupi,South Cotabato,1206317000,psgc_2023,0.8534123604813334,Tupi,30758251B80529573921879
1206318000,Santo Niño,South Cotabato,1206318000,psgc_2023,0.7000977083955054,Santo Niño,30758251B18460332998298
1206319000,Lake Sebu,South Cotabato,1206319000,psgc_2023,0.7270404479508313,Lake Sebu,30758251B81801489799163
1206501000,Bagumbayan,Sultan Kudarat,1206501000,psgc_2023,0.8965456340173961,Bagumbayan,30758251B81467476381344
1206502000,Columbio,Sultan Kudarat,1206502000,psgc_2023,0.8129762389815701,Columbio,30758251B75446298916676
1206503000,Esperanza,Sultan Kudarat,1206503000,psgc_2023,0.9052224521342012,Esperanza,30758251B10103030429495
1206504000,Isulan,Sultan Kudarat,1206504000,psgc_2023,0.9192495544083742,Isulan,30758251B99727739895123
1206505000,Kalamansig,Sultan Kudarat,1206505000,psgc_2023,0.9550098427725948,Kalamansig,30758251B77896636489026
1206506000,Lebak,Sultan Kudarat,1206506000,psgc_2023,0.9258986706085909,Lebak,30758251B348364819094
1206507000,Lutayan,Sultan Kudarat,1206507000,psgc_2023,0.846071300862476,Lutayan,30758251B68588914722739
1206508000,Lambayong,Sultan Kudarat,1206508000,psgc_2023,0.8859037566926,Lambayong,30758251B5491920712138
1206509000,Palimbang,Sultan Kudarat,1206509000,psgc_2023,0.9401748778217708,Palimbang,30758251B57554220974982
1206510000,President Quirino,Sultan Kudarat,1206510000,psgc_2023,0.8063191432784409,President Quirino,30758251B67179920933365
1206511000,City of Tacurong,Sultan Kudarat,1206511000,psgc_2023,0.8436464634900015,City of Tacurong,30758251B3202933378617
1206512000,Sen. Ninoy Aquino,Sultan Kudarat,1206512000,psgc_2023,0.9572997015846847,Sen. Ninoy Aquino,30758251B87193070177549
1208001000,Alabel,Sarangani,1208001000,psgc_2023,0.966280554212691,Alabel,30758251B58981749365095
1208002000,Glan,Sarangani,1208002000,psgc_2023,0.9521549382826151,Glan,30758251B6507850960824
1208003000,Kiamba,Sarangani,1208003000,psgc_2023,0.9441743884467486,Kiamba,30758251B8290253651105
1208004000,Maasim,Sarangani,1208004000,psgc_2023,0.9494602830179331,Maasim,30758251B77911963410182
1208005000,Maitum,Sarangani,1208005000,psgc_2023,0.9569923445844715,Maitum,30758251B39046140449762
1208006000,Malapatan,Sarangani,1208006000,psgc_2023,0.9522186652243363,Malapatan,30758251B47656855580390
1208007000,Malungon,Sarangani,1208007000,psgc_2023,0.949156981904877,Malungon,30758251B28314472988514
1230800000,City of General Santos,,,exact_name_fallback,1.0,General Santos City,30758251B16777356326149
1380100000,City of Caloocan,,1380100000,psgc_2023,0.7374093795065132,Caloocan City,30758251B52612034306412
1380200000,City of Las Piñas,,1380200000,psgc_2023,0.8553250395552388,City of Las Piñas,30758251B78130969630418
1380300000,City of Makati,,1380300000,psgc_2023,0.8349024664271795,City of Makati,30758251B57520905128305
1380400000,City of Malabon,,1380400000,psgc_2023,0.6276625561054945,City of Malabon,30758251B44622440586331
1380500000,City of Mandaluyong,,1380500000,psgc_2023,0.5930071256622621,City of Mandaluyong,30758251B74980464983736
1380600000,City of Manila,,1380600000,manila_district_union,1.0,Ermita;Paco;Intramuros;San Miguel;Quiapo;San Nicolas;Binondo;Pandacan;Sampaloc,30758251B98174252836465;30758251B49724573895846;30758251B44482047291863;30758251B91475720845993;30758251B84669397306109;30758251B10759916050792;30758251B44068258109216;30758251B59821537391276;30758251B27178292320434
1380700000,City of Marikina,,1380700000,psgc_2023,0.48375130713432185,City of Marikina,30758251B86241834064496
1380800000,City of Muntinlupa,,1380800000,psgc_2023,0.8383976642632873,City of Muntinlupa,30758251B49263672612013
1380900000,City of Navotas,,1380900000,psgc_2023,0.5798168821970575,City of Navotas,30758251B65774388040689
1381000000,City of Parañaque,,1381000000,psgc_2023,0.8311611159035782,City of Parañaque,30758251B15145867760436
1381100000,Pasay City,,1381100000,psgc_2023,0.7754897915045729,Pasay City,30758251B21149777703056
1381200000,City of Pasig,,1381200000,psgc_2023,0.23873276645868047,City of Pasig,30758251B15316626994525
1381300000,Quezon City,,1381300000,psgc_2023,0.8636543095555235,Quezon City,30758251B44289263240939
1381400000,City of San Juan,,1381400000,psgc_2023,0.48829368232420073,City of San Juan,30758251B17425503156128
1381500000,City of Taguig,,1381500000,psgc_2023,0.811404475115652,Taguig City,30758251B69828994242652
1381600000,City of Valenzuela,,1381600000,psgc_2023,0.701869973097462,City of Valenzuela,30758251B59148711322243
1381701000,Pateros,,1381701000,psgc_2023,0.6811755757257697,Pateros,30758251B83435175026830
1400101000,Bangued,Abra,1400101000,psgc_2023,0.727688120654895,Bangued,30758251B80986632520556
1400102000,Boliney,Abra,1400102000,psgc_2023,0.9668815561343994,Boliney,30758251B13786076452973
1400103000,Bucay,Abra,1400103000,psgc_2023,0.7614751733854541,Bucay,30758251B14856837893218
1400104000,Bucloc,Abra,1400104000,psgc_2023,0.763967202206999,Bucloc,30758251B79611971032611
1400105000,Daguioman,Abra,1400105000,psgc_2023,0.9684845941065834,Daguioman,30758251B44200269930989
1400106000,Danglas,Abra,1400106000,psgc_2023,0.8009365457922977,Danglas,30758251B62080674361927
1400107000,Dolores,Abra,1400107000,psgc_2023,0.683131940988751,Dolores,30758251B59360530740420
1400108000,La Paz,Abra,1400108000,psgc_2023,0.7290557125305953,La Paz,30758251B73355219145022
1400109000,Lacub,Abra,1400109000,psgc_2023,0.6546080597608125,Lacub,30758251B49007488326258
1400110000,Lagangilang,Abra,1400110000,psgc_2023,0.8194382399911361,Lagangilang,30758251B70934774577797
1400111000,Lagayan,Abra,1400111000,psgc_2023,0.8547964994013875,Lagayan,30758251B52711764832029
1400112000,Langiden,Abra,1400112000,psgc_2023,0.839167883519235,Langiden,30758251B76383388538181
1400113000,Licuan-Baay,Abra,1400113000,psgc_2023,0.8015260434603639,Licuan-Baay,30758251B20296785159128
1400114000,Luba,Abra,1400114000,psgc_2023,0.8664043817649095,Luba,30758251B28031934346608
1400115000,Malibcong,Abra,1400115000,psgc_2023,0.6608285840482311,Malibcong,30758251B83293009371057
1400116000,Manabo,Abra,1400116000,psgc_2023,0.8502844795562922,Manabo,30758251B10650889631095
1400117000,Peñarrubia,Abra,1400117000,psgc_2023,0.30085577388757107,Peñarrubia,30758251B26055192446489
1400118000,Pidigan,Abra,1400118000,psgc_2023,0.7897462602770556,Pidigan,30758251B9631620004584
1400119000,Pilar,Abra,1400119000,psgc_2023,0.5218151142480719,Pilar,30758251B40403541911249
1400120000,Sallapadan,Abra,1400120000,psgc_2023,0.6707610400333773,Sallapadan,30758251B64291084214185
1400121000,San Isidro,Abra,1400121000,psgc_2023,0.6463212874653811,San Isidro,30758251B37314448976896
1400122000,San Juan,Abra,1400122000,psgc_2023,0.7548663313580988,San Juan,30758251B17638049183402
1400123000,San Quintin,Abra,1400123000,psgc_2023,0.3980373942223859,San Quintin,30758251B76623665911400
1400124000,Tayum,Abra,1400124000,psgc_2023,0.8929823721999659,Tayum,30758251B59448438391168
1400125000,Tineg,Abra,1400125000,psgc_2023,0.7892449140976723,Tineg,30758251B75797793552345
1400126000,Tubo,Abra,1400126000,psgc_2023,0.77303900931845,Tubo,30758251B14618145037490
1400127000,Villaviciosa,Abra,1400127000,psgc_2023,0.6667989564700998,Villaviciosa,30758251B55452258834598
1401101000,Atok,Benguet,1401101000,psgc_2023,0.8767024864967063,Atok,30758251B63625349740918
1401103000,Bakun,Benguet,1401103000,psgc_2023,0.7367757512316315,Bakun,30758251B56433040620438
1401104000,Bokod,Benguet,1401104000,psgc_2023,0.7653880858887716,Bokod,30758251B72023971813507
1401105000,Buguias,Benguet,1401105000,psgc_2023,0.7770862255802399,Buguias,30758251B42417191393765
1401106000,Itogon,Benguet,1401106000,psgc_2023,0.8961375889000706,Itogon,30758251B42509136002589
1401107000,Kabayan,Benguet,1401107000,psgc_2023,0.8521467915440132,Kabayan,30758251B34627250160857
1401108000,Kapangan,Benguet,1401108000,psgc_2023,0.8584846124595964,Kapangan,30758251B17255873954553
1401109000,Kibungan,Benguet,1401109000,psgc_2023,0.8070625902442706,Kibungan,30758251B24433463121222
1401110000,La Trinidad,Benguet,1401110000,psgc_2023,0.9057064698309126,La Trinidad,30758251B70129135029645
1401111000,Mankayan,Benguet,1401111000,psgc_2023,0.6054864214883838,Mankayan,30758251B68871031890947
1401112000,Sablan,Benguet,1401112000,psgc_2023,0.8236656076350207,Sablan,30758251B47648783241888
1401113000,Tuba,Benguet,1401113000,psgc_2023,0.851680358232926,Tuba,30758251B14138125500475
1401114000,Tublay,Benguet,1401114000,psgc_2023,0.8776484103106716,Tublay,30758251B5924892224435
1402701000,Banaue,Ifugao,1402701000,psgc_2023,0.7535858439506358,Banaue,30758251B61409714569525
1402702000,Hungduan,Ifugao,1402702000,psgc_2023,0.5960182597066483,Hungduan,30758251B52637175911657
1402703000,Kiangan,Ifugao,1402703000,psgc_2023,0.7131759836392716,Kiangan,30758251B41727580901072
1402704000,Lagawe,Ifugao,1402704000,psgc_2023,0.7721973596196936,Lagawe,30758251B93228488685386
1402705000,Lamut,Ifugao,1402705000,psgc_2023,0.7446942836716385,Lamut,30758251B56792461965852
1402706000,Mayoyao,Ifugao,1402706000,psgc_2023,0.8112820636910956,Mayoyao,30758251B71362999273154
1402707000,Alfonso Lista,Ifugao,1402707000,psgc_2023,0.5521028342017168,Alfonso Lista,30758251B66647693295025
1402708000,Aguinaldo,Ifugao,1402708000,psgc_2023,0.8448715006799393,Aguinaldo,30758251B46587647623990
1402709000,Hingyon,Ifugao,1402709000,psgc_2023,0.5778096688676915,Hingyon,30758251B97249489621856
1402710000,Tinoc,Ifugao,1402710000,psgc_2023,0.6721026735714377,Tinoc,30758251B8715829050570
1402711000,Asipulo,Ifugao,1402711000,psgc_2023,0.8129085333227781,Asipulo,30758251B45532258933091
1403201000,Balbalan,Kalinga,1403201000,psgc_2023,0.6693572864293814,Balbalan,30758251B68760581282795
1403206000,Lubuagan,Kalinga,1403206000,psgc_2023,0.8086872234489862,Lubuagan,30758251B13511507037260
1403208000,Pasil,Kalinga,1403208000,psgc_2023,0.6824182765077194,Pasil,30758251B66518683632982
1403209000,Pinukpuk,Kalinga,1403209000,psgc_2023,0.7372500008339031,Pinukpuk,30758251B26297568532116
1403211000,Rizal,Kalinga,1403211000,psgc_2023,0.8156848666390712,Rizal,30758251B32653531312940
1403213000,City of Tabuk,Kalinga,1403213000,psgc_2023,0.8175613321286102,City of Tabuk,30758251B17662801564014
1403214000,Tanudan,Kalinga,1403214000,psgc_2023,0.77529712462607,Tanudan,30758251B98776308730929
1403215000,Tinglayan,Kalinga,1403215000,psgc_2023,0.7608856380252247,Tinglayan,30758251B33701077243030
1404401000,Barlig,Mountain Province,1404401000,psgc_2023,0.8461631737119288,Barlig,30758251B41172258375645
1404402000,Bauko,Mountain Province,1404402000,psgc_2023,0.5571887568994184,Bauko,30758251B51622624666316
1404403000,Besao,Mountain Province,1404403000,psgc_2023,0.7001072630454801,Besao,30758251B80716483482108
1404404000,Bontoc,Mountain Province,1404404000,psgc_2023,0.8996563470894179,Bontoc,30758251B89395664322006
1404405000,Natonin,Mountain Province,1404405000,psgc_2023,0.8349863752950928,Natonin,30758251B25528294473690
1404406000,Paracelis,Mountain Province,1404406000,psgc_2023,0.8523378831001591,Paracelis,30758251B35723308513906
1404407000,Sabangan,Mountain Province,1404407000,psgc_2023,0.7571342469559199,Sabangan,30758251B87465982516801
1404408000,Sadanga,Mountain Province,1404408000,psgc_2023,0.6305688298493666,Sadanga,30758251B98630478643343
1404409000,Sagada,Mountain Province,1404409000,psgc_2023,0.7543510955342042,Sagada,30758251B89881714553238
1404410000,Tadian,Mountain Province,1404410000,psgc_2023,0.6430369475019354,Tadian,30758251B82460503002261
1408101000,Calanasan,Apayao,1408101000,psgc_2023,0.8651690506712786,Calanasan,30758251B87608274030040
1408102000,Conner,Apayao,1408102000,psgc_2023,0.7853479145851223,Conner,30758251B47699313654035
1408103000,Flora,Apayao,1408103000,psgc_2023,0.5729863314636279,Flora,30758251B46507023603646
1408104000,Kabugao,Apayao,1408104000,psgc_2023,0.8344377247104564,Kabugao,30758251B69063872929594
1408105000,Luna,Apayao,1408105000,psgc_2023,0.8276054461238499,Luna,30758251B75623612075236
1408106000,Pudtol,Apayao,1408106000,psgc_2023,0.7641445807165708,Pudtol,30758251B84586369455003
1408107000,Santa Marcela,Apayao,1408107000,psgc_2023,0.521730585066456,Santa Marcela,30758251B35080960553319
1430300000,City of Baguio,,,exact_name_fallback,1.0,Baguio City,30758251B18922588133033
1600201000,Buenavista,Agusan del Norte,1600201000,psgc_2023,0.9410125085104428,Buenavista,30758251B86646587221243
1600203000,City of Cabadbaran,Agusan del Norte,1600203000,psgc_2023,0.9434765957964265,City of Cabadbaran,30758251B74147455062231
1600204000,Carmen,Agusan del Norte,1600204000,psgc_2023,0.7706056118156803,Carmen,30758251B10453830490561
1600205000,Jabonga,Agusan del Norte,1600205000,psgc_2023,0.9691815820478764,Jabonga,30758251B24276002398255
1600206000,Kitcharao,Agusan del Norte,1600206000,psgc_2023,0.9489206425008061,Kitcharao,30758251B91826034537890
1600207000,Las Nieves,Agusan del Norte,1600207000,psgc_2023,0.8055646182846075,Las Nieves,30758251B63946994622862
1600208000,Magallanes,Agusan del Norte,1600208000,psgc_2023,0.28547519098041835,Magallanes,30758251B79485141981571
1600209000,Nasipit,Agusan del Norte,1600209000,psgc_2023,0.8719183537342111,Nasipit,30758251B39381413899373
1600210000,Santiago,Agusan del Norte,1600210000,psgc_2023,0.994289829326759,Santiago,30758251B41434435231308
1600211000,Tubay,Agusan del Norte,1600211000,psgc_2023,0.81960161238254,Tubay,30758251B32589922844280
1600212000,Remedios T. Romualdez,Agusan del Norte,1600212000,psgc_2023,0.8603109181270494,Remedios T. Romualdez,30758251B65727799253408
1600301000,City of Bayugan,Agusan del Sur,1600301000,psgc_2023,0.8654036584001239,City of Bayugan,30758251B90946431717690
1600302000,Bunawan,Agusan del Sur,1600302000,psgc_2023,0.8490780992147549,Bunawan,30758251B4653116067366
1600303000,Esperanza,Agusan del Sur,1600303000,psgc_2023,0.8674271125931756,Esperanza,30758251B3738408584653
1600304000,La Paz,Agusan del Sur,1600304000,psgc_2023,0.887341546332697,La Paz,30758251B74348623090887
1600305000,Loreto,Agusan del Sur,1600305000,psgc_2023,0.8544161469038838,Loreto,30758251B5342219250075
1600306000,Prosperidad,Agusan del Sur,1600306000,psgc_2023,0.825833526708083,Prosperidad,30758251B91947668059773
1600307000,Rosario,Agusan del Sur,1600307000,psgc_2023,0.9046306810086272,Rosario,30758251B99965056078098
1600308000,San Francisco,Agusan del Sur,1600308000,psgc_2023,0.8386841875742467,San Francisco,30758251B93649415478376
1600309000,San Luis,Agusan del Sur,1600309000,psgc_2023,0.8069838431681396,San Luis,30758251B9975305905484
1600310000,Santa Josefa,Agusan del Sur,1600310000,psgc_2023,0.564194578592484,Santa Josefa,30758251B91574848895938
1600311000,Talacogon,Agusan del Sur,1600311000,psgc_2023,0.6558404246066996,Talacogon,30758251B89996580563919
1600312000,Trento,Agusan del Sur,1600312000,psgc_2023,0.756868505076229,Trento,30758251B2653207848290
1600313000,Veruela,Agusan del Sur,1600313000,psgc_2023,0.7745133681076717,Veruela,30758251B13764720733244
1600314000,Sibagat,Agusan del Sur,1600314000,psgc_2023,0.6744806259425333,Sibagat,30758251B99196023910270
1606701000,Alegria,Surigao del Norte,1606701000,psgc_2023,0.9870754788673048,Alegria,30758251B90315924936893
1606702000,Bacuag,Surigao del Norte,1606702000,psgc_2023,0.9809031101449379,Bacuag,30758251B77509216965324
1606704000,Burgos,Surigao del Norte,1606704000,psgc_2023,0.9646177428678565,Burgos,30758251B16417256912616
1606706000,Claver,Surigao del Norte,1606706000,psgc_2023,0.9869303515582396,Claver,30758251B34795599217863
1606707000,Dapa,Surigao del Norte,1606707000,psgc_2023,0.9270212816333164,Dapa,30758251B57286217809626
1606708000,Del Carmen,Surigao del Norte,1606708000,psgc_2023,0.9606244188032601,Del Carmen,30758251B46556137712647
1606710000,General Luna,Surigao del Norte,1606710000,psgc_2023,0.8998484800502908,General Luna,30758251B80919925985400
1606711000,Gigaquit,Surigao del Norte,1606711000,psgc_2023,0.9831722659795252,Gigaquit,30758251B52032777452438
1606714000,Mainit,Surigao del Norte,1606714000,psgc_2023,0.987978509167244,Mainit,30758251B97265393900803
1606715000,Malimono,Surigao del Norte,1606715000,psgc_2023,0.9911459931465683,Malimono,30758251B38714797066781
1606716000,Pilar,Surigao del Norte,1606716000,psgc_2023,0.986277960422513,Pilar,30758251B46794771235826
1606717000,Placer,Surigao del Norte,1606717000,psgc_2023,0.9602050148016245,Placer,30758251B53644718267309
1606718000,San Benito,Surigao del Norte,1606718000,psgc_2023,0.9409056247874851,San Benito,30758251B71242302366315
1606719000,San Francisco,Surigao del Norte,1606719000,psgc_2023,0.9839918451647128,San Francisco,30758251B81936921591205
1606720000,San Isidro,Surigao del Norte,1606720000,psgc_2023,0.9937656787271354,San Isidro,30758251B61707875986642
1606721000,Santa Monica,Surigao del Norte,1606721000,psgc_2023,0.9621640629942277,Santa Monica,30758251B62409705520425
1606722000,Sison,Surigao del Norte,1606722000,psgc_2023,0.998176624445832,Sison,30758251B4035646876289
1606723000,Socorro,Surigao del Norte,1606723000,psgc_2023,0.9375259619240668,Socorro,30758251B51880559609672
1606724000,City of Surigao,Surigao del Norte,1606724000,psgc_2023,0.8892276071506144,Surigao City,30758251B3552793870365
1606725000,Tagana-An,Surigao del Norte,1606725000,psgc_2023,0.9042491112030824,Tagana-An,30758251B58932498328850
1606727000,Tubod,Surigao del Norte,1606727000,psgc_2023,0.9975008464109331,Tubod,30758251B53380455929203
1606801000,Barobo,Surigao del Sur,1606801000,psgc_2023,0.9447438191434332,Barobo,30758251B50450497222330
1606802000,Bayabas,Surigao del Sur,1606802000,psgc_2023,0.9157283674754898,Bayabas,30758251B72116774307811
1606803000,City of Bislig,Surigao del Sur,1606803000,psgc_2023,0.9708995750860954,City of Bislig,30758251B67868816142920
1606804000,Cagwait,Surigao del Sur,1606804000,psgc_2023,0.9182380455244036,Cagwait,30758251B72089201193821
1606805000,Cantilan,Surigao del Sur,1606805000,psgc_2023,0.9313743170460003,Cantilan,30758251B96713528080733
1606806000,Carmen,Surigao del Sur,1606806000,psgc_2023,0.9572503392381385,Carmen,30758251B38477208172648
1606807000,Carrascal,Surigao del Sur,1606807000,psgc_2023,0.9289220421865109,Carrascal,30758251B5919424631688
1606808000,Cortes,Surigao del Sur,1606808000,psgc_2023,0.9408898517701679,Cortes,30758251B46545701299727
1606809000,Hinatuan,Surigao del Sur,1606809000,psgc_2023,0.9542349030886326,Hinatuan,30758251B68005110213113
1606810000,Lanuza,Surigao del Sur,1606810000,psgc_2023,0.9769225921676302,Lanuza,30758251B11706405164893
1606811000,Lianga,Surigao del Sur,1606811000,psgc_2023,0.9857580053727797,Lianga,30758251B29212781757041
1606812000,Lingig,Surigao del Sur,1606812000,psgc_2023,0.951037690854591,Lingig,30758251B13308024273358
1606813000,Madrid,Surigao del Sur,1606813000,psgc_2023,0.9192654596546276,Madrid,30758251B75605738336130
1606814000,Marihatag,Surigao del Sur,1606814000,psgc_2023,0.973390056456463,Marihatag,30758251B91251708458113
1606815000,San Agustin,Surigao del Sur,1606815000,psgc_2023,0.90934217992284,San Agustin,30758251B1980985063479
1606816000,San Miguel,Surigao del Sur,1606816000,psgc_2023,0.9927550980554033,San Miguel,30758251B15181551685839
1606817000,Tagbina,Surigao del Sur,1606817000,psgc_2023,0.9887326669792164,Tagbina,30758251B7866481453958
1606818000,Tago,Surigao del Sur,1606818000,psgc_2023,0.9796099231078947,Tago,30758251B66125958602893
1606819000,City of Tandag,Surigao del Sur,1606819000,psgc_2023,0.9719471890289182,City of Tandag,30758251B55231571688598
1608501000,Basilisa,Dinagat Islands,1608501000,psgc_2023,0.9228244570685223,Basilisa,30758251B68882883063046
1608502000,Cagdianao,Dinagat Islands,1608502000,psgc_2023,0.9668085344651491,Cagdianao,30758251B63146222429865
1608503000,Dinagat,Dinagat Islands,1608503000,psgc_2023,0.8196598797104514,Dinagat,30758251B11225209505180
1608504000,Libjo,Dinagat Islands,1608504000,psgc_2023,0.9603308056671525,Libjo,30758251B72561442387995
1608505000,Loreto,Dinagat Islands,1608505000,psgc_2023,0.9685213615314652,Loreto,30758251B8444136971514
1608506000,San Jose,Dinagat Islands,1608506000,psgc_2023,0.9647105901433413,San Jose,30758251B35657101925446
1608507000,Tubajon,Dinagat Islands,1608507000,psgc_2023,0.9769374151416992,Tubajon,30758251B80879530912377
1630400000,City of Butuan,,,exact_name_fallback,1.0,Butuan City,30758251B40432952014056
1704001000,Boac,Marinduque,1704001000,psgc_2023,0.973452221104604,Boac,30758251B94760060482549
1704002000,Buenavista,Marinduque,1704002000,psgc_2023,0.9632771641402578,Buenavista,30758251B40445123670017
1704003000,Gasan,Marinduque,1704003000,psgc_2023,0.9528161762864571,Gasan,30758251B69905180384114
1704004000,Mogpog,Marinduque,1704004000,psgc_2023,0.9341686015513693,Mogpog,30758251B75724413863333
1704005000,Santa Cruz,Marinduque,1704005000,psgc_2023,0.9140061490454936,Santa Cruz,30758251B46699269491955
1704006000,Torrijos,Marinduque,1704006000,psgc_2023,0.9609081453267352,Torrijos,30758251B44137486572010
1705101000,Abra De Ilog,Occidental Mindoro,1705101000,psgc_2023,0.9873338233212454,Abra de Ilog,30758251B36470920271092
1705102000,Calintaan,Occidental Mindoro,1705102000,psgc_2023,0.9658559861840286,Calintaan,30758251B26098626095065
1705103000,Looc,Occidental Mindoro,1705103000,psgc_2023,0.8314311721752687,Looc,30758251B31470126644095
1705104000,Lubang,Occidental Mindoro,1705104000,psgc_2023,0.9142600312955921,Lubang,30758251B11611856867349
1705105000,Magsaysay,Occidental Mindoro,1705105000,psgc_2023,0.9767289460227464,Magsaysay,30758251B37919333607414
1705106000,Mamburao,Occidental Mindoro,1705106000,psgc_2023,0.9752713118168524,Mamburao,30758251B70283159165752
1705107000,Paluan,Occidental Mindoro,1705107000,psgc_2023,0.9760134113293022,Paluan,30758251B4069170927747
1705108000,Rizal,Occidental Mindoro,1705108000,psgc_2023,0.9642103447511565,Rizal,30758251B74613815178222
1705109000,Sablayan,Occidental Mindoro,1705109000,psgc_2023,0.9920999456204197,Sablayan,30758251B34022252316389
1705110000,San Jose,Occidental Mindoro,1705110000,psgc_2023,0.957318673379001,San Jose,30758251B733109742349
1705111000,Santa Cruz,Occidental Mindoro,1705111000,psgc_2023,0.9868555601718266,Santa Cruz,30758251B4413725625416
1705201000,Baco,Oriental Mindoro,1705201000,psgc_2023,0.9747981250752764,Baco,30758251B69479050195003
1705202000,Bansud,Oriental Mindoro,1705202000,psgc_2023,0.99369422253266,Bansud,30758251B27476294786678
1705203000,Bongabong,Oriental Mindoro,1705203000,psgc_2023,0.9729309521291478,Bongabong,30758251B15501509529895
1705204000,Bulalacao,Oriental Mindoro,1705204000,psgc_2023,0.9300827458912744,Bulalacao,30758251B89806252080387
1705205000,City of Calapan,Oriental Mindoro,1705205000,psgc_2023,0.9447558232828854,City of Calapan,30758251B77350797414463
1705206000,Gloria,Oriental Mindoro,1705206000,psgc_2023,0.9783200002964871,Gloria,30758251B4033826093725
1705207000,Mansalay,Oriental Mindoro,1705207000,psgc_2023,0.9705918598666654,Mansalay,30758251B13685654422788
1705208000,Naujan,Oriental Mindoro,1705208000,psgc_2023,0.971083109771675,Naujan,30758251B73486212842201
1705209000,Pinamalayan,Oriental Mindoro,1705209000,psgc_2023,0.9166337058095994,Pinamalayan,30758251B9076432182480
1705210000,Pola,Oriental Mindoro,1705210000,psgc_2023,0.914573012409448,Pola,30758251B5257459344407
1705211000,Puerto Galera,Oriental Mindoro,1705211000,psgc_2023,0.9130959059828208,Puerto Galera,30758251B54215534625427
1705212000,Roxas,Oriental Mindoro,1705212000,psgc_2023,0.9132401993462891,Roxas,30758251B86973741519598
1705213000,San Teodoro,Oriental Mindoro,1705213000,psgc_2023,0.9713778673821459,San Teodoro,30758251B90204819305655
1705214000,Socorro,Oriental Mindoro,1705214000,psgc_2023,0.947846180146066,Socorro,30758251B49339662744818
1705215000,Victoria,Oriental Mindoro,1705215000,psgc_2023,0.964565587858352,Victoria,30758251B49564856626223
1705301000,Aborlan,Palawan,1705301000,psgc_2023,0.9930001529030743,Aborlan,30758251B88743888905923
1705302000,Agutaya,Palawan,1705302000,psgc_2023,0.8227881174403133,Agutaya,30758251B94272049094812
1705303000,Araceli,Palawan,1705303000,psgc_2023,0.9430858852799557,Araceli,30758251B86342486803813
1705304000,Balabac,Palawan,1705304000,psgc_2023,0.9548657633329308,Balabac,30758251B69147265954334
1705305000,Bataraza,Palawan,1705305000,psgc_2023,0.9878671523090874,Bataraza,30758251B18056750213925
1705306000,Brooke's Point,Palawan,1705306000,psgc_2023,0.9931149447492177,Brooke's Point,30758251B43444158491696
1705307000,Busuanga,Palawan,1705307000,psgc_2023,0.9513231307120137,Busuanga,30758251B1739425505893
1705308000,Cagayancillo,Palawan,1705308000,psgc_2023,0.5212758163883404,Cagayancillo,30758251B20045394084873
1705309000,Coron,Palawan,1705309000,psgc_2023,0.9378143226779162,Coron,30758251B89626274452255
1705310000,Cuyo,Palawan,1705310000,psgc_2023,0.8150120822449334,Cuyo,30758251B36861080699281
1705311000,Dumaran,Palawan,1705311000,psgc_2023,0.9720729231457408,Dumaran,30758251B96628789522948
1705312000,El Nido,Palawan,1705312000,psgc_2023,0.9554446646988861,El Nido,30758251B21090387346093
1705313000,Linapacan,Palawan,1705313000,psgc_2023,0.8292445117142815,Linapacan,30758251B95429625837962
1705314000,Magsaysay,Palawan,1705314000,psgc_2023,0.8896908512981169,Magsaysay,30758251B4414445809925
1705315000,Narra,Palawan,1705315000,psgc_2023,0.9917962906170683,Narra,30758251B72391607373552
1705317000,Quezon,Palawan,1705317000,psgc_2023,0.9900618711147856,Quezon,30758251B7894567948973
1705318000,Roxas,Palawan,1705318000,psgc_2023,0.9904323103004941,Roxas,30758251B10061841294265
1705319000,San Vicente,Palawan,1705319000,psgc_2023,0.9575145403100753,San Vicente,30758251B71123600878116
1705320000,Taytay,Palawan,1705320000,psgc_2023,0.9560048801170489,Taytay,30758251B72316190206283
1705321000,Kalayaan,Palawan,,exact_name_fallback,1.0,Kalayaan,30758251B42764898301689
1705322000,Culion,Palawan,1705322000,psgc_2023,0.9064799148909768,Culion,30758251B61571495122519
1705323000,Dr. Jose P. Rizal,Palawan,1705323000,psgc_2023,0.9411990530932921,Rizal,30758251B22012407080557
1705324000,Sofronio Española,Palawan,1705324000,psgc_2023,0.9844639102284595,Sofronio Española,30758251B15412081534640
1705901000,Alcantara,Romblon,1705901000,psgc_2023,0.9718722328611267,Alcantara,30758251B13764061513438
1705902000,Banton,Romblon,1705902000,psgc_2023,0.9207037583383892,Banton,30758251B55331406144814
1705903000,Cajidiocan,Romblon,1705903000,psgc_2023,0.9739730535411975,Cajidiocan,30758251B60223458934501
1705904000,Calatrava,Romblon,1705904000,psgc_2023,0.9495097026498338,Calatrava,30758251B34852860389402
1705905000,Concepcion,Romblon,1705905000,psgc_2023,0.85436661358216,Concepcion,30758251B24706592587585
1705906000,Corcuera,Romblon,1705906000,psgc_2023,0.8909359970804112,Corcuera,30758251B41265366730611
1705907000,Looc,Romblon,1705907000,psgc_2023,0.9319837115219217,Looc,30758251B76752924951322
1705908000,Magdiwang,Romblon,1705908000,psgc_2023,0.9776050397888548,Magdiwang,30758251B40201197939052
1705909000,Odiongan,Romblon,1705909000,psgc_2023,0.9718349013590966,Odiongan,30758251B56543042574103
1705910000,Romblon,Romblon,1705910000,psgc_2023,0.9198025374893101,Romblon,30758251B85981656551245
1705911000,San Agustin,Romblon,1705911000,psgc_2023,0.9632272018664095,San Agustin,30758251B77746184637785
1705912000,San Andres,Romblon,1705912000,psgc_2023,0.9829172753671405,San Andres,30758251B27093145704117
1705913000,San Fernando,Romblon,1705913000,psgc_2023,0.9832863359218801,San Fernando,30758251B454076707789
1705914000,San Jose,Romblon,1705914000,psgc_2023,0.9459494229012393,San Jose,30758251B67956852885073
1705915000,Santa Fe,Romblon,1705915000,psgc_2023,0.8920533383993089,Santa Fe,30758251B97605936547347
1705916000,Ferrol,Romblon,1705916000,psgc_2023,0.9162397602899909,Ferrol,30758251B18326457927940
1705917000,Santa Maria,Romblon,1705917000,psgc_2023,0.971712377446321,Santa Maria,30758251B99723317147835
1731500000,City of Puerto Princesa,,,exact_name_fallback,1.0,Puerto Princesa City,30758251B64178272348738
1804502000,City of Bago,Negros Occidental,0604502000,psgc_suffix_recode,0.9321039078543173,Bago City,30758251B44456462498857
1804503000,Binalbagan,Negros Occidental,0604503000,psgc_suffix_recode,0.9716165217480428,Binalbagan,30758251B163560276547
1804504000,City of Cadiz,Negros Occidental,0604504000,psgc_suffix_recode,0.9404437083412484,Cadiz City,30758251B74690587258532
1804505000,Calatrava,Negros Occidental,0604505000,psgc_suffix_recode,0.9807696142714608,Calatrava,30758251B51763303574827
1804506000,Candoni,Negros Occidental,0604506000,psgc_suffix_recode,0.9962888399262836,Candoni,30758251B37131808105677
1804507000,Cauayan,Negros Occidental,0604507000,psgc_suffix_recode,0.988033608965905,Cauayan,30758251B70595272616613
1804508000,Enrique B. Magalona,Negros Occidental,0604508000,psgc_suffix_recode,0.9478351609064256,Enrique B. Magalona,30758251B93552266540793
1804509000,City of Escalante,Negros Occidental,0604509000,psgc_suffix_recode,0.9704015303804742,City of Escalante,30758251B93268177737855
1804510000,City of Himamaylan,Negros Occidental,0604510000,psgc_suffix_recode,0.9879239749036433,City of Himamaylan,30758251B87460719980042
1804511000,Hinigaran,Negros Occidental,0604511000,psgc_suffix_recode,0.9695493028504911,Hinigaran,30758251B50394625091243
1804512000,Hinoba-an,Negros Occidental,0604512000,psgc_suffix_recode,0.978996203013581,Hinoba-An,30758251B90502148254132
1804513000,Ilog,Negros Occidental,0604513000,psgc_suffix_recode,0.9842037813428355,Ilog,30758251B19549547171132
1804514000,Isabela,Negros Occidental,0604514000,psgc_suffix_recode,0.9787222544167531,Isabela,30758251B76125738133682
1804515000,City of Kabankalan,Negros Occidental,0604515000,psgc_suffix_recode,0.994923331045882,City of Kabankalan,30758251B39137179877227
1804516000,City of La Carlota,Negros Occidental,0604516000,psgc_suffix_recode,0.918837781493999,La Carlota City,30758251B4643469409429
1804517000,La Castellana,Negros Occidental,0604517000,psgc_suffix_recode,0.9794968762491205,La Castellana,30758251B45255679920724
1804518000,Manapla,Negros Occidental,0604518000,psgc_suffix_recode,0.957681263726188,Manapla,30758251B2817508515429
1804519000,Moises Padilla,Negros Occidental,0604519000,psgc_suffix_recode,0.9782375909302503,Moises Padilla,30758251B86559237055177
1804520000,Murcia,Negros Occidental,0604520000,psgc_suffix_recode,0.9793156444162641,Murcia,30758251B26190802664029
1804521000,Pontevedra,Negros Occidental,0604521000,psgc_suffix_recode,0.9687629325308542,Pontevedra,30758251B40366129803792
1804522000,Pulupandan,Negros Occidental,0604522000,psgc_suffix_recode,0.9269121813110283,Pulupandan,30758251B33327911617473
1804523000,City of Sagay,Negros Occidental,0604523000,psgc_suffix_recode,0.9232323584938724,Sagay City,30758251B74171926345191
1804524000,City of San Carlos,Negros Occidental,0604524000,psgc_suffix_recode,0.9263097180882058,San Carlos City,30758251B8075335495854
1804525000,San Enrique,Negros Occidental,0604525000,psgc_suffix_recode,0.9318238275621611,San Enrique,30758251B11825035117570
1804526000,City of Silay,Negros Occidental,0604526000,psgc_suffix_recode,0.9255506539908891,Silay City,30758251B60701013344406
1804527000,City of Sipalay,Negros Occidental,0604527000,psgc_suffix_recode,0.9870164140899409,City of Sipalay,30758251B39035544266980
1804528000,City of Talisay,Negros Occidental,0604528000,psgc_suffix_recode,0.9767916268166512,City of Talisay,30758251B1176164020832
1804529000,Toboso,Negros Occidental,0604529000,psgc_suffix_recode,0.984754999976146,Toboso,30758251B45465879841482
1804530000,Valladolid,Negros Occidental,0604530000,psgc_suffix_recode,0.9670976213481812,Valladolid,30758251B22103021346639
1804531000,City of Victorias,Negros Occidental,0604531000,psgc_suffix_recode,0.9608303161577104,City of Victorias,30758251B44366819417362
1804532000,Salvador Benedicto,Negros Occidental,0604532000,psgc_suffix_recode,0.9784926396096695,Salvador Benedicto,30758251B86894559838043
1804601000,Amlan,Negros Oriental,0704601000,psgc_suffix_recode,0.936897270401419,Amlan,30758251B50636289749121
1804602000,Ayungon,Negros Oriental,0704602000,psgc_suffix_recode,0.9684612154575961,Ayungon,30758251B30231816662876
1804603000,Bacong,Negros Oriental,0704603000,psgc_suffix_recode,0.9107973866496326,Bacong,30758251B375051523504
1804604000,City of Bais,Negros Oriental,0704604000,psgc_suffix_recode,0.9047308295475016,Bais City,30758251B97079733925928
1804605000,Basay,Negros Oriental,0704605000,psgc_suffix_recode,0.9542586277783085,Basay,30758251B60263736267026
1804606000,City of Bayawan,Negros Oriental,0704606000,psgc_suffix_recode,0.9730792175188454,City of Bayawan,30758251B98971931409152
1804607000,Bindoy,Negros Oriental,0704607000,psgc_suffix_recode,0.9519712397092741,Bindoy,30758251B7642209697633
1804608000,City of Canlaon,Negros Oriental,0704608000,psgc_suffix_recode,0.9175593050984845,Canlaon City,30758251B22693356898691
1804609000,Dauin,Negros Oriental,0704609000,psgc_suffix_recode,0.9570226788340837,Dauin,30758251B3670515091156
1804610000,City of Dumaguete,Negros Oriental,0704610000,psgc_suffix_recode,0.904494690826273,Dumaguete City,30758251B75296993492221
1804611000,City of Guihulngan,Negros Oriental,0704611000,psgc_suffix_recode,0.9817186682951178,City of Guihulngan,30758251B60818257765105
1804612000,Jimalalud,Negros Oriental,0704612000,psgc_suffix_recode,0.9870804330454696,Jimalalud,30758251B35162320168665
1804613000,La Libertad,Negros Oriental,0704613000,psgc_suffix_recode,0.9793844516191428,La Libertad,30758251B96075835138209
1804614000,Mabinay,Negros Oriental,0704614000,psgc_suffix_recode,0.9732718554398176,Mabinay,30758251B10017268667222
1804615000,Manjuyod,Negros Oriental,0704615000,psgc_suffix_recode,0.9348641059873954,Manjuyod,30758251B66064059312986
1804616000,Pamplona,Negros Oriental,0704616000,psgc_suffix_recode,0.9804298393662414,Pamplona,30758251B24092981342629
1804617000,San Jose,Negros Oriental,0704617000,psgc_suffix_recode,0.9666509068077012,San Jose,30758251B66844761060701
1804618000,Santa Catalina,Negros Oriental,0704618000,psgc_suffix_recode,0.9629624082508172,Santa Catalina,30758251B88269025865066
1804619000,Siaton,Negros Oriental,0704619000,psgc_suffix_recode,0.9677888044755146,Siaton,30758251B76231588734027
1804620000,Sibulan,Negros Oriental,0704620000,psgc_suffix_recode,0.9853861528431994,Sibulan,30758251B92406697043602
1804621000,City of Tanjay,Negros Oriental,0704621000,psgc_suffix_recode,0.959587329645736,City of Tanjay,30758251B79018653951628
1804622000,Tayasan,Negros Oriental,0704622000,psgc_suffix_recode,0.9779910463379086,Tayasan,30758251B37133567842554
1804623000,Valencia,Negros Oriental,0704623000,psgc_suffix_recode,0.9639778655721865,Valencia,30758251B45812920134288
1804624000,Vallehermoso,Negros Oriental,0704624000,psgc_suffix_recode,0.9744698310072568,Vallehermoso,30758251B9618582640277
1804625000,Zamboanguita,Negros Oriental,0704625000,psgc_suffix_recode,0.9763636642199943,Zamboanguita,30758251B7316515610413
1806101000,Enrique Villanueva,Siquijor,0706101000,psgc_suffix_recode,0.9296011812676118,Enrique Villanueva,30758251B12637401805285
1806102000,Larena,Siquijor,0706102000,psgc_suffix_recode,0.9233605434859079,Larena,30758251B58465916430151
1806103000,Lazi,Siquijor,0706103000,psgc_suffix_recode,0.9445378016902634,Lazi,30758251B49075027129395
1806104000,Maria,Siquijor,0706104000,psgc_suffix_recode,0.9390029101092426,Maria,30758251B45396932451822
1806105000,San Juan,Siquijor,0706105000,psgc_suffix_recode,0.9155666786428465,San Juan,30758251B12332276302021
1806106000,Siquijor,Siquijor,0706106000,psgc_suffix_recode,0.9426054121869294,Siquijor,30758251B71387884042840
1830200000,City of Bacolod,,,exact_name_fallback,1.0,Bacolod City,30758251B10359126771558
1900702000,City of Lamitan,Basilan,1900702000,psgc_2023,0.9785095152189396,City of Lamitan,30758251B48188739489029
1900703000,Lantawan,Basilan,1900703000,psgc_2023,0.9669566583407395,Lantawan,30758251B52124640444324
1900704000,Maluso,Basilan,1900704000,psgc_2023,0.9099342388539937,Maluso,30758251B84443568375403
1900705000,Sumisip,Basilan,1900705000,psgc_2023,0.9803033645489361,Sumisip,30758251B3510073430619
1900706000,Tipo-Tipo,Basilan,1900706000,psgc_2023,0.9506997751735817,Tipo-Tipo,30758251B20054637633361
1900707000,Tuburan,Basilan,1900707000,psgc_2023,0.9573976479296418,Tuburan,30758251B35774204987001
1900708000,Akbar,Basilan,1900708000,psgc_2023,0.919526839874951,Akbar,30758251B41498327999412
1900709000,Al-Barka,Basilan,1900709000,psgc_2023,0.9172000908132715,Al-Barka,30758251B86112710466222
1900710000,Hadji Mohammad Ajul,Basilan,1900710000,psgc_2023,0.9385688033415078,Hadji Mohammad Ajul,30758251B31901764888510
1900711000,Ungkaya Pukan,Basilan,1900711000,psgc_2023,0.942719177636971,Ungkaya Pukan,30758251B79183006070390
1900712000,Hadji Muhtamad,Basilan,1900712000,psgc_2023,0.7781808334649166,Hadji Muhtamad,30758251B35469267308840
1900713000,Tabuan-Lasa,Basilan,1900713000,psgc_2023,0.757992686837336,Tabuan-Lasa,30758251B25477955083554
1903601000,Bacolod-Kalawi,Lanao del Sur,1903601000,psgc_2023,0.8153577494277533,Bacolod-Kalawi,30758251B49023639307938
1903602000,Balabagan,Lanao del Sur,1903602000,psgc_2023,0.8949179117017683,Balabagan,30758251B25983997183267
1903603000,Balindong,Lanao del Sur,1903603000,psgc_2023,0.8486303119144991,Balindong,30758251B38726673309837
1903604000,Bayang,Lanao del Sur,1903604000,psgc_2023,0.8035786610570903,Bayang,30758251B61149438351232
1903605000,Binidayan,Lanao del Sur,1903605000,psgc_2023,0.8429569506641854,Binidayan,30758251B31848769382781
1903606000,Bubong,Lanao del Sur,1903606000,psgc_2023,0.9377380133949449,Bubong,30758251B19007031728117
1903607000,Butig,Lanao del Sur,1903607000,psgc_2023,0.9888364746187184,Butig,30758251B9320008809468
1903609000,Ganassi,Lanao del Sur,1903609000,psgc_2023,0.7246734845657283,Ganassi,30758251B73516191803192
1903610000,Kapai,Lanao del Sur,1903610000,psgc_2023,0.8960915678802086,Kapai,30758251B79697081161923
1903611000,Lumba-Bayabao,Lanao del Sur,1903611000,psgc_2023,0.9809027153255003,Lumba-Bayabao,30758251B96029546555732
1903612000,Lumbatan,Lanao del Sur,1903612000,psgc_2023,0.7949568525005576,Lumbatan,30758251B49536235222435
1903613000,Madalum,Lanao del Sur,1903613000,psgc_2023,0.8216816533339433,Madalum,30758251B39331665704235
1903614000,Madamba,Lanao del Sur,1903614000,psgc_2023,0.8436949967792092,Madamba,30758251B43472318855574
1903615000,Malabang,Lanao del Sur,1903615000,psgc_2023,0.8739665962270908,Malabang,30758251B26235160259788
1903616000,Marantao,Lanao del Sur,1903616000,psgc_2023,0.875663949754903,Marantao,30758251B81445541960701
1903617000,City of Marawi,Lanao del Sur,1903617000,psgc_2023,0.825763625423207,Marawi City,30758251B87512659392008
1903618000,Masiu,Lanao del Sur,1903618000,psgc_2023,0.8389452204607591,Masiu,30758251B25171448793503
1903619000,Mulondo,Lanao del Sur,1903619000,psgc_2023,0.9027536255254114,Mulondo,30758251B35178180768118
1903620000,Pagayawan,Lanao del Sur,1903620000,psgc_2023,0.7583091222747517,Pagayawan,30758251B75891360460745
1903621000,Piagapo,Lanao del Sur,1903621000,psgc_2023,0.9083175789435539,Piagapo,30758251B76951282341336
1903622000,Poona Bayabao,Lanao del Sur,1903622000,psgc_2023,0.8221094886290454,Poona Bayabao,30758251B49700821100246
1903623000,Pualas,Lanao del Sur,1903623000,psgc_2023,0.8748512131557804,Pualas,30758251B58883572944701
1903624000,Ditsaan-Ramain,Lanao del Sur,1903624000,psgc_2023,0.6040326547969536,Ditsaan-Ramain,30758251B44821890594142
1903625000,Saguiaran,Lanao del Sur,1903625000,psgc_2023,0.7598075152557713,Saguiaran,30758251B64096703137722
1903626000,Tamparan,Lanao del Sur,1903626000,psgc_2023,0.7465596950443972,Tamparan,30758251B84592342262758
1903627000,Taraka,Lanao del Sur,1903627000,psgc_2023,0.7575786605461954,Taraka,30758251B36992511600629
1903628000,Tubaran,Lanao del Sur,1903628000,psgc_2023,0.8004039370801478,Tubaran,30758251B87536259521930
1903629000,Tugaya,Lanao del Sur,1903629000,psgc_2023,0.9136190583089331,Tugaya,30758251B80708359254490
1903630000,Wao,Lanao del Sur,1903630000,psgc_2023,0.955538613838099,Wao,30758251B4531227453117
1903631000,Marogong,Lanao del Sur,1903631000,psgc_2023,0.9258713819138826,Marogong,30758251B53960245456930
1903632000,Calanogas,Lanao del Sur,1903632000,psgc_2023,0.8952974883419862,Calanogas,30758251B8033235712981
1903633000,Buadiposo-Buntong,Lanao del Sur,1903633000,psgc_2023,0.8560025747717948,Buadiposo-Buntong,30758251B37661265758517
1903634000,Maguing,Lanao del Sur,1903634000,psgc_2023,0.981413981748084,Maguing,30758251B90637565691351
1903635000,Picong,Lanao del Sur,1903635000,psgc_2023,0.8781997121416226,Picong,30758251B99472213876795
1903636000,Lumbayanague,Lanao del Sur,1903636000,psgc_2023,0.8426794902738903,Lumbayanague,30758251B18120853525956
1903637000,Amai Manabilang,Lanao del Sur,1903637000,psgc_2023,0.9328620813940297,Bumbaran,30758251B12088009499601
1903638000,Tagoloan II,Lanao del Sur,1903638000,psgc_2023,0.944176253867947,Tagoloan II,30758251B29594546478810
1903639000,Kapatagan,Lanao del Sur,1903639000,psgc_2023,0.7925393076542127,Kapatagan,30758251B70072764931430
1903640000,Sultan Dumalondong,Lanao del Sur,1903640000,psgc_2023,0.8521804999845258,Sultan Dumalondong,30758251B78383007249263
1903641000,Lumbaca-Unayan,Lanao del Sur,1903641000,psgc_2023,0.7227172590525411,Lumbaca-Unayan,30758251B10975248482836
1907001000,Panglima Sugala,Tawi-Tawi,1907001000,psgc_2023,0.9569793088098849,Panglima Sugala,30758251B94581657859747
1907002000,Bongao,Tawi-Tawi,1907002000,psgc_2023,0.9518324688952036,Bongao,30758251B34033535774447
1907003000,Mapun,Tawi-Tawi,1907003000,psgc_2023,0.9347983110270959,Mapun,30758251B14723616316663
1907004000,Simunul,Tawi-Tawi,1907004000,psgc_2023,0.9681833304849456,Simunul,30758251B95288306519441
1907005000,Sitangkai,Tawi-Tawi,1907005000,psgc_2023,0.8552477037554946,Sitangkai,30758251B32360348711594
1907006000,South Ubian,Tawi-Tawi,1907006000,psgc_2023,0.8169319892178619,South Ubian,30758251B84010832977116
1907007000,Tandubas,Tawi-Tawi,1907007000,psgc_2023,0.9387211760281094,Tandubas,30758251B9889827401796
1907008000,Turtle Islands,Tawi-Tawi,1907008000,psgc_2023,0.5177810956617991,Turtle Islands,30758251B32623001252667
1907009000,Languyan,Tawi-Tawi,1907009000,psgc_2023,0.965213678092288,Languyan,30758251B27001677820022
1907010000,Sapa-Sapa,Tawi-Tawi,1907010000,psgc_2023,0.9286202282793118,Sapa-Sapa,30758251B55414544657306
1907011000,Sibutu,Tawi-Tawi,1907011000,psgc_2023,0.9714799863989579,Sibutu,30758251B37484917208959
1908701000,Barira,Maguindanao del Norte,1908701000,psgc_2023,0.9647996997736239,Barira,30758251B38227331730440
1908702000,Buldon,Maguindanao del Norte,1908702000,psgc_2023,0.9835514436026516,Buldon,30758251B641317409552
1908703000,City of Cotabato,Maguindanao del Norte,1908703000,psgc_2023,0.8348715189994411,Cotabato City,30758251B312406433782
1908704000,Datu Blah T. Sinsuat,Maguindanao del Norte,1908704000,psgc_2023,0.9393320758902592,Datu Blah T. Sinsuat,30758251B66355344776231
1908705000,Datu Odin Sinsuat,Maguindanao del Norte,1908705000,psgc_2023,0.9711371638179607,Datu Odin Sinsuat,30758251B45554600910550
1908706000,Kabuntalan,Maguindanao del Norte,1908706000,psgc_2023,0.9231761735774651,Kabuntalan,30758251B49326289542529
1908707000,Matanog,Maguindanao del Norte,1908707000,psgc_2023,0.9335887225660688,Matanog,30758251B2427341105419
1908708000,Northern Kabuntalan,Maguindanao del Norte,1908708000,psgc_2023,0.9333301541762453,Northern Kabuntalan,30758251B24207905199054
1908709000,Parang,Maguindanao del Norte,1908709000,psgc_2023,0.9041737285587265,Parang,30758251B54354569772122
1908710000,Sultan Kudarat,Maguindanao del Norte,1908710000,psgc_2023,0.9336388266068351,Sultan Kudarat,30758251B67061566777487
1908711000,Sultan Mastura,Maguindanao del Norte,1908711000,psgc_2023,0.930378143124535,Sultan Mastura,30758251B56411640286078
1908712000,Talitay,Maguindanao del Norte,1908712000,psgc_2023,0.887465995360501,Talitay,30758251B36353547562103
1908713000,Upi,Maguindanao del Norte,1908713000,psgc_2023,0.983776185679493,Upi,30758251B79052273507095
1908801000,Ampatuan,Maguindanao del Sur,1908801000,psgc_2023,0.8004535797051842,Ampatuan,30758251B17295353799921
1908802000,Buluan,Maguindanao del Sur,1908802000,psgc_2023,0.595687587393148,Buluan,30758251B10797146327095
1908803000,Datu Abdullah Sangki,Maguindanao del Sur,1908803000,psgc_2023,0.6335624306623331,Datu Abdullah Sangki,30758251B67045859088139
1908804000,Datu Anggal Midtimbang,Maguindanao del Sur,1908804000,psgc_2023,0.43834532207283966,Datu Anggal Midtimbang,30758251B34196574447456
1908805000,Datu Hoffer Ampatuan,Maguindanao del Sur,1908805000,psgc_2023,0.4441893186154628,Datu Hoffer Ampatuan,30758251B40423209133017
1908806000,Datu Paglas,Maguindanao del Sur,1908806000,psgc_2023,0.8527831647369121,Datu Paglas,30758251B70186339520140
1908807000,Datu Piang,Maguindanao del Sur,1908807000,psgc_2023,0.6560967518117424,Datu Piang,30758251B59877048474188
1908808000,Datu Salibo,Maguindanao del Sur,1908808000,psgc_2023,0.7346780489619387,Datu Salibo,30758251B49027722636955
1908809000,Datu Saudi Ampatuan,Maguindanao del Sur,1908809000,psgc_2023,0.7923974531003339,Datu Saudi-Ampatuan,30758251B18085017517620
1908810000,Datu Unsay,Maguindanao del Sur,1908810000,psgc_2023,0.49946556874678955,Datu Unsay,30758251B7157134622551
1908811000,Gen. S.K. Pendatun,Maguindanao del Sur,1908811000,psgc_2023,0.8149271205063311,Gen. S.K. Pendatun,30758251B13441239487395
1908812000,Guindulungan,Maguindanao del Sur,1908812000,psgc_2023,0.6966170512456415,Guindulungan,30758251B73035084545300
1908813000,Mamasapano,Maguindanao del Sur,1908813000,psgc_2023,0.5012388585305275,Mamasapano,30758251B70155465520739
1908814000,Mangudadatu,Maguindanao del Sur,1908814000,psgc_2023,0.38247084239372225,Mangudadatu,30758251B8320199100228
1908815000,Pagagawan,Maguindanao del Sur,1908815000,psgc_2023,0.5986867727808463,Pagagawan,30758251B20238943068682
1908816000,Pagalungan,Maguindanao del Sur,1908816000,psgc_2023,0.6657666211233488,Pagalungan,30758251B68784877182517
1908817000,Paglat,Maguindanao del Sur,1908817000,psgc_2023,0.7843013277800288,Paglat,30758251B44458127042579
1908818000,Pandag,Maguindanao del Sur,1908818000,psgc_2023,0.7657801399746467,Pandag,30758251B42730008176770
1908819000,Rajah Buayan,Maguindanao del Sur,1908819000,psgc_2023,0.5984798595005376,Rajah Buayan,30758251B40062853224492
1908820000,Shariff Aguak,Maguindanao del Sur,1908820000,psgc_2023,0.5736074414989693,Shariff Aguak,30758251B95956142765961
1908821000,Shariff Saydona Mustapha,Maguindanao del Sur,1908821000,psgc_2023,0.5809732659609007,Shariff Saydona Mustapha,30758251B76300694742917
1908822000,South Upi,Maguindanao del Sur,1908822000,psgc_2023,0.8390294643189218,South Upi,30758251B40063689292107
1908823000,Sultan Sa Barongis,Maguindanao del Sur,1908823000,psgc_2023,0.6733452238290968,Sultan Sa Barongis,30758251B45514998839325
1908824000,Talayan,Maguindanao del Sur,1908824000,psgc_2023,0.6613796556818623,Talayan,30758251B50397969986238
1999901000,Kapalawan,,,sga_legacy_barangay_union,1.0,Kib-Ayao;Kitulaan;Langogan;Manarapan;Nasapian;Pebpoloan;Tupig,124702010;124702015;124702016;124702024;124702027;124702030;124702039
1999902000,Old Kaabakan,,,sga_legacy_barangay_union,1.0,Buluan;Nanga-an;Pedtad;Sanggadong;Simbuhay;Simone;Tamped,124703004;124703013;124703017;124703021;124703022;124703023;124703024
1999903000,Kadayangan,,,sga_legacy_barangay_union,1.0,Kapinpilan;Central Labas;Malingao;Mudseng;Sambulawan;Tugal;Tumbras,124709016;124709020;124709027;124709029;124709047;124709050;124709051
1999904000,Nabalawag,,,sga_legacy_barangay_union,1.0,Damatulan;Kadigasan;Kadingilan;Kudarangan;Nabalawag;Olandang;Dunguan,124709011;124709014;124709015;124709019;124709030;124709033;124717004
1999905000,Pahamuddin,,,sga_legacy_barangay_union,1.0,Balacayon;Buricain;Datu Binasing;Datu Mantil;Kadingilan;Libungan Torreta;Lower Baguer;Lower Pangangkalan;Matilac;Upper Pangangkalan;Patot;Simsiman,124711003;124711009;124711012;124711013;124711014;124711016;124711017;124711018;124711022;124711028;124711029;124711036
1999906000,Malidegao,,,sga_legacy_barangay_union,1.0,Balungis;Batulawan;Fort Pikit;Gokoton (Gokotan);Nabundas;Nalapaan;Nunguan,124712006;124712008;124712019;124712022;124712040;124712041;124712044
1999907000,Ligawasan,,,sga_legacy_barangay_union,1.0,Bagoaingud (Bagoinged);Barungis;Buliok;Bulol;Gligli;Kabasalan;Rajah Muda,124712001;124712007;124712010;124712012;124712021;124712024;124712052
1999908000,Tugunan,,,sga_legacy_barangay_union,1.0,Balong;Bualan;Lagunde;Macabual;Macasendeg;Manaulanan;Panicupan;Pamalian;Tapodoc,124712005;124712009;124712030;124712034;124712035;124712037;124712048;124712062;124717017
